timestamp,temperature_C,precipitation_mm,predicted_electricity_kwh
2025-07-29 00:00:00,26.5,4.1,18.080202
2025-07-29 01:00:00,26.27,4.59,18.080202
2025-07-29 02:00:00,26.12,8.71,18.122137
2025-07-29 03:00:00,26.0,13.25,18.408894
2025-07-29 04:00:00,25.9,10.36,18.408894
2025-07-29 05:00:00,25.84,7.81,19.43874
2025-07-29 06:00:00,26.05,11.78,19.800007
2025-07-29 07:00:00,26.64,18.55,22.967379
2025-07-29 08:00:00,27.6,15.79,23.618618
2025-07-29 09:00:00,28.83,9.12,24.152683
2025-07-29 10:00:00,30.08,2.74,23.534945
2025-07-29 11:00:00,31.19,1.42,24.788721
2025-07-29 12:00:00,31.94,1.48,24.834301
2025-07-29 13:00:00,32.33,2.22,24.76266
2025-07-29 14:00:00,32.43,3.2,24.76266
2025-07-29 15:00:00,32.1,4.31,24.746588
2025-07-29 16:00:00,31.33,5.81,24.347904
2025-07-29 17:00:00,30.3,6.2,24.545328
2025-07-29 18:00:00,28.86,4.97,24.111755
2025-07-29 19:00:00,27.73,1.61,23.338486
2025-07-29 20:00:00,27.13,0.33,24.112577
2025-07-29 21:00:00,26.65,0.48,24.363226
2025-07-29 22:00:00,26.32,0.5,23.595633
2025-07-29 23:00:00,26.05,0.59,19.4267
2025-07-30 00:00:00,25.83,0.68,18.638117
2025-07-30 01:00:00,25.71,1.08,18.638117
2025-07-30 02:00:00,25.59,1.97,18.585701
2025-07-30 03:00:00,25.42,3.51,18.585701
2025-07-30 04:00:00,25.27,4.2,18.585701
2025-07-30 05:00:00,25.21,4.08,19.61555
2025-07-30 06:00:00,25.72,3.64,19.976814
2025-07-30 07:00:00,26.93,4.17,23.345003
2025-07-30 08:00:00,27.92,2.36,23.819433
2025-07-30 09:00:00,28.97,0.19,24.353498
2025-07-30 10:00:00,30.01,0.24,24.104612
2025-07-30 11:00:00,30.89,0.33,24.871225
2025-07-30 12:00:00,31.47,0.51,24.834301
2025-07-30 13:00:00,31.76,0.71,24.76266
2025-07-30 14:00:00,31.78,1.0,24.76266
2025-07-30 15:00:00,31.55,0.97,24.746588
2025-07-30 16:00:00,31.12,0.79,24.30885
2025-07-30 17:00:00,30.29,0.98,24.545328
2025-07-30 18:00:00,28.95,0.78,24.111755
2025-07-30 19:00:00,27.86,0.55,23.338486
2025-07-30 20:00:00,27.46,0.45,24.072384
2025-07-30 21:00:00,27.07,0.45,24.363226
2025-07-30 22:00:00,26.72,0.58,23.595633
2025-07-30 23:00:00,26.36,0.68,19.662569
2025-07-31 00:00:00,25.98,0.63,19.031933
2025-07-31 01:00:00,25.64,0.41,19.006792
2025-07-31 02:00:00,25.33,0.3,18.954378
2025-07-31 03:00:00,25.04,0.18,18.954378
2025-07-31 04:00:00,24.84,0.11,19.003012
2025-07-31 05:00:00,24.72,0.1,20.032856
2025-07-31 06:00:00,25.4,0.08,20.345491
2025-07-31 07:00:00,26.62,0.05,23.765148
2025-07-31 08:00:00,28.0,0.11,24.157097
2025-07-31 09:00:00,29.38,0.09,24.69116
2025-07-31 10:00:00,30.65,0.33,24.442274
2025-07-31 11:00:00,31.63,1.55,25.022074
2025-07-31 12:00:00,32.25,3.2,25.120495
2025-07-31 13:00:00,32.55,5.51,25.048853
2025-07-31 14:00:00,32.66,6.49,25.048853
2025-07-31 15:00:00,32.32,5.32,25.102804
2025-07-31 16:00:00,31.76,5.91,24.70412
2025-07-31 17:00:00,30.92,5.77,23.637197
2025-07-31 18:00:00,29.82,4.64,24.467968
2025-07-31 19:00:00,28.94,3.63,23.799423
2025-07-31 20:00:00,28.48,2.47,24.418047
2025-07-31 21:00:00,27.95,1.69,24.67951
2025-07-31 22:00:00,27.47,1.54,24.027193
2025-07-31 23:00:00,26.96,1.13,20.018782
2025-08-01 00:00:00,26.44,0.9,18.513187
2025-08-01 01:00:00,25.94,0.71,18.57851
2025-08-01 02:00:00,25.49,0.48,18.691452
2025-08-01 03:00:00,25.12,0.39,18.681782
2025-08-01 04:00:00,24.85,0.3,18.730415
2025-08-01 05:00:00,24.61,0.22,19.731813
2025-08-01 06:00:00,25.02,0.17,20.08931
2025-08-01 07:00:00,25.93,0.16,23.680758
2025-08-01 08:00:00,27.59,0.25,24.121761
2025-08-01 09:00:00,29.86,0.16,24.143833
2025-08-01 10:00:00,31.3,0.17,24.594305
2025-08-01 11:00:00,32.15,0.17,24.977898
2025-08-01 12:00:00,32.44,0.25,25.026552
2025-08-01 13:00:00,32.47,0.3,24.95491
2025-08-01 14:00:00,32.35,0.69,24.95491
2025-08-01 15:00:00,31.89,1.19,25.00886
2025-08-01 16:00:00,31.35,1.64,24.312574
2025-08-01 17:00:00,30.49,1.76,23.981604
2025-08-01 18:00:00,29.25,1.82,23.54803
2025-08-01 19:00:00,28.31,2.24,22.879484
2025-08-01 20:00:00,27.97,2.55,23.549314
2025-08-01 21:00:00,27.79,3.14,24.050186
2025-08-01 22:00:00,27.66,3.67,23.574568
2025-08-01 23:00:00,27.52,3.93,19.665625
2025-08-02 00:00:00,27.35,4.26,18.875221
2025-08-02 01:00:00,27.14,3.87,18.858438
2025-08-02 02:00:00,26.92,3.25,18.856098
2025-08-02 03:00:00,26.66,3.0,18.846428
2025-08-02 04:00:00,26.43,2.34,18.846428
2025-08-02 05:00:00,26.21,1.37,19.389381
2025-08-02 06:00:00,26.32,1.06,20.180155
2025-08-02 07:00:00,27.01,0.74,22.055851
2025-08-02 08:00:00,28.08,0.58,21.921944
2025-08-02 09:00:00,29.52,0.44,21.832365
2025-08-02 10:00:00,30.64,0.33,21.733164
2025-08-02 11:00:00,31.45,0.33,22.256842
2025-08-02 12:00:00,31.96,0.36,22.147678
2025-08-02 13:00:00,32.09,0.44,22.232128
2025-08-02 14:00:00,31.75,0.57,22.232128
2025-08-02 15:00:00,31.22,0.9,22.226389
2025-08-02 16:00:00,30.74,1.1,21.669699
2025-08-02 17:00:00,29.99,1.18,22.03402
2025-08-02 18:00:00,28.93,1.0,22.494345
2025-08-02 19:00:00,28.09,1.22,22.389624
2025-08-02 20:00:00,27.75,1.25,23.27945
2025-08-02 21:00:00,27.51,1.48,23.993736
2025-08-02 22:00:00,27.34,1.53,23.808294
2025-08-02 23:00:00,27.18,1.41,20.272371
2025-08-03 00:00:00,27.03,1.74,18.734318
2025-08-03 01:00:00,26.88,1.43,18.709177
2025-08-03 02:00:00,26.74,1.17,18.64406
2025-08-03 03:00:00,26.6,1.06,18.634388
2025-08-03 04:00:00,26.46,1.04,18.634388
2025-08-03 05:00:00,26.32,1.26,19.173693
2025-08-03 06:00:00,26.54,1.35,19.964466
2025-08-03 07:00:00,27.34,1.72,21.813927
2025-08-03 08:00:00,28.6,1.83,21.817812
2025-08-03 09:00:00,30.17,1.07,21.490356
2025-08-03 10:00:00,31.16,0.97,21.46703
2025-08-03 11:00:00,31.72,1.02,22.106827
2025-08-03 12:00:00,31.94,1.09,21.997663
2025-08-03 13:00:00,31.85,1.17,22.044458
2025-08-03 14:00:00,31.63,1.06,22.044458
2025-08-03 15:00:00,31.3,1.1,22.03872
2025-08-03 16:00:00,31.1,0.82,21.695312
2025-08-03 17:00:00,30.63,0.76,20.704018
2025-08-03 18:00:00,29.58,0.65,22.597256
2025-08-03 19:00:00,28.68,0.47,22.609522
2025-08-03 20:00:00,28.2,0.37,23.279352
2025-08-03 21:00:00,27.91,0.35,24.213396
2025-08-03 22:00:00,27.69,0.28,23.707394
2025-08-03 23:00:00,27.49,0.27,20.075584
2025-08-04 00:00:00,27.32,0.2,18.707087
2025-08-04 01:00:00,27.15,0.26,18.501675
2025-08-04 02:00:00,26.99,0.25,18.478039
2025-08-04 03:00:00,26.82,0.28,18.60473
2025-08-04 04:00:00,26.6,0.37,18.60473
2025-08-04 05:00:00,26.4,0.43,19.70863
2025-08-04 06:00:00,26.64,0.44,20.21917
2025-08-04 07:00:00,27.55,0.4,23.984196
2025-08-04 08:00:00,28.85,0.44,24.376902
2025-08-04 09:00:00,30.26,0.32,24.356419
2025-08-04 10:00:00,31.06,0.19,25.746628
2025-08-04 11:00:00,31.59,0.22,25.306007
2025-08-04 12:00:00,32.07,0.17,25.5739
2025-08-04 13:00:00,32.47,0.14,25.502258
2025-08-04 14:00:00,32.67,0.17,25.502258
2025-08-04 15:00:00,32.6,0.22,25.55621
2025-08-04 16:00:00,32.21,0.27,24.962889
2025-08-04 17:00:00,31.35,0.28,23.875244
2025-08-04 18:00:00,30.18,0.44,24.498074
2025-08-04 19:00:00,28.95,0.43,23.868477
2025-08-04 20:00:00,28.35,0.4,24.768555
2025-08-04 21:00:00,27.98,0.26,24.914476
2025-08-04 22:00:00,27.7,0.3,24.26216
2025-08-04 23:00:00,27.45,0.45,20.424158
2025-08-05 00:00:00,27.23,0.56,18.582863
2025-08-05 01:00:00,26.99,0.47,18.451296
2025-08-05 02:00:00,26.8,0.53,18.208298
2025-08-05 03:00:00,26.69,0.58,18.208298
2025-08-05 04:00:00,26.64,0.61,18.208298
2025-08-05 05:00:00,26.58,0.45,19.497288
2025-08-05 06:00:00,26.91,0.55,20.132423
2025-08-05 07:00:00,27.78,0.53,23.298277
2025-08-05 08:00:00,28.5,0.51,23.976858
2025-08-05 09:00:00,29.17,1.47,24.523777
2025-08-05 10:00:00,29.78,1.65,24.178873
2025-08-05 11:00:00,30.3,1.41,25.292976
2025-08-05 12:00:00,30.61,1.11,25.560871
2025-08-05 13:00:00,30.77,0.72,25.48923
2025-08-05 14:00:00,30.8,0.47,25.48923
2025-08-05 15:00:00,30.67,0.31,25.473158
2025-08-05 16:00:00,30.3,0.27,26.11295
2025-08-05 17:00:00,29.67,0.41,24.742598
2025-08-05 18:00:00,28.63,0.37,24.270075
2025-08-05 19:00:00,27.77,0.38,23.496805
2025-08-05 20:00:00,27.4,0.66,24.230703
2025-08-05 21:00:00,27.13,0.61,24.521545
2025-08-05 22:00:00,26.91,0.9,23.753952
2025-08-05 23:00:00,26.75,0.94,19.869247
2025-08-06 00:00:00,26.62,1.2,18.444918
2025-08-06 01:00:00,26.49,1.53,18.444918
2025-08-06 02:00:00,26.35,1.57,18.373148
2025-08-06 03:00:00,26.21,1.61,18.373148
2025-08-06 04:00:00,26.1,1.27,18.658081
2025-08-06 05:00:00,26.0,1.19,19.773869
2025-08-06 06:00:00,26.39,1.17,20.297274
2025-08-06 07:00:00,27.28,1.08,23.503323
2025-08-06 08:00:00,28.16,1.17,23.977753
2025-08-06 09:00:00,29.04,0.9,24.511818
2025-08-06 10:00:00,30.06,0.76,24.644365
2025-08-06 11:00:00,30.92,0.67,25.410978
2025-08-06 12:00:00,31.45,0.74,25.374056
2025-08-06 13:00:00,31.71,0.91,25.302414
2025-08-06 14:00:00,31.73,0.96,25.302414
2025-08-06 15:00:00,31.51,1.02,25.286343
2025-08-06 16:00:00,31.05,0.99,24.848602
2025-08-06 17:00:00,30.31,0.84,24.703648
2025-08-06 18:00:00,28.98,0.91,24.270075
2025-08-06 19:00:00,27.89,0.9,23.496805
2025-08-06 20:00:00,27.38,0.99,24.130972
2025-08-06 21:00:00,27.02,1.15,24.521545
2025-08-06 22:00:00,26.78,1.24,23.753952
2025-08-06 23:00:00,26.58,1.42,19.869247
2025-08-07 00:00:00,26.42,1.68,18.973692
2025-08-07 01:00:00,26.32,1.64,18.948551
2025-08-07 02:00:00,26.26,1.79,18.876781
2025-08-07 03:00:00,26.26,1.61,18.876781
2025-08-07 04:00:00,26.2,1.48,18.876781
2025-08-07 05:00:00,26.1,1.44,20.065725
2025-08-07 06:00:00,26.36,1.49,20.71742
2025-08-07 07:00:00,27.31,1.88,23.684063
2025-08-07 08:00:00,28.19,2.71,24.315414
2025-08-07 09:00:00,29.1,4.14,24.84948
2025-08-07 10:00:00,29.76,5.05,25.020977
2025-08-07 11:00:00,30.23,5.12,25.74864
2025-08-07 12:00:00,30.43,3.53,25.847061
2025-08-07 13:00:00,30.52,2.75,25.77542
2025-08-07 14:00:00,30.46,3.04,25.77542
2025-08-07 15:00:00,30.16,2.83,25.82937
2025-08-07 16:00:00,29.69,2.8,26.508112
2025-08-07 17:00:00,29.04,3.52,25.098812
2025-08-07 18:00:00,28.05,4.21,24.521566
2025-08-07 19:00:00,27.44,5.46,23.85302
2025-08-07 20:00:00,27.18,5.18,24.627113
2025-08-07 21:00:00,26.96,4.6,24.9933
2025-08-07 22:00:00,26.77,3.89,24.225708
2025-08-07 23:00:00,26.58,3.45,20.32494
2025-08-08 00:00:00,26.43,3.2,18.513187
2025-08-08 01:00:00,26.35,3.56,18.488047
2025-08-08 02:00:00,26.37,3.38,18.58163
2025-08-08 03:00:00,26.37,3.19,18.57196
2025-08-08 04:00:00,26.28,3.77,18.57196
2025-08-08 05:00:00,25.93,4.61,19.68318
2025-08-08 06:00:00,25.85,4.7,20.08931
2025-08-08 07:00:00,26.65,5.21,23.855873
2025-08-08 08:00:00,27.51,5.06,24.121761
2025-08-08 09:00:00,28.52,11.57,24.27597
2025-08-08 10:00:00,29.36,8.84,24.64272
2025-08-08 11:00:00,29.94,6.22,25.203661
2025-08-08 12:00:00,30.34,3.87,25.213364
2025-08-08 13:00:00,30.46,1.54,25.141722
2025-08-08 14:00:00,30.39,1.19,25.141722
2025-08-08 15:00:00,30.33,1.05,25.195673
2025-08-08 16:00:00,30.1,0.7,25.568157
2025-08-08 17:00:00,29.21,0.6,24.020554
2025-08-08 18:00:00,27.74,0.73,23.443308
2025-08-08 19:00:00,26.73,0.59,22.814957
2025-08-08 20:00:00,26.38,0.46,23.804264
2025-08-08 21:00:00,26.17,0.46,24.18986
2025-08-08 22:00:00,26.0,0.83,23.714243
2025-08-08 23:00:00,25.86,1.41,19.487125
2025-08-09 00:00:00,25.7,1.78,18.974045
2025-08-09 01:00:00,25.54,2.46,18.948904
2025-08-09 02:00:00,25.38,2.55,18.965918
2025-08-09 03:00:00,25.25,2.51,18.956247
2025-08-09 04:00:00,25.1,1.99,18.956247
2025-08-09 05:00:00,25.04,1.96,19.4992
2025-08-09 06:00:00,25.53,3.79,20.00504
2025-08-09 07:00:00,26.57,3.95,22.055851
2025-08-09 08:00:00,27.38,3.17,21.822212
2025-08-09 09:00:00,28.34,3.93,22.082083
2025-08-09 10:00:00,29.28,5.18,21.781578
2025-08-09 11:00:00,30.06,7.68,22.443655
2025-08-09 12:00:00,30.42,9.91,22.334492
2025-08-09 13:00:00,30.46,10.71,22.418941
2025-08-09 14:00:00,30.05,11.34,22.418941
2025-08-09 15:00:00,29.43,11.4,22.452152
2025-08-09 16:00:00,28.75,11.66,23.003288
2025-08-09 17:00:00,28.02,11.98,21.929296
2025-08-09 18:00:00,27.1,12.76,22.429817
2025-08-09 19:00:00,26.54,13.52,22.429817
2025-08-09 20:00:00,26.33,11.96,23.319645
2025-08-09 21:00:00,26.17,7.94,24.033932
2025-08-09 22:00:00,26.04,5.56,23.94822
2025-08-09 23:00:00,25.92,3.9,20.036505
2025-08-10 00:00:00,25.81,4.01,18.824781
2025-08-10 01:00:00,25.72,4.12,18.79964
2025-08-10 02:00:00,25.61,3.64,18.703217
2025-08-10 03:00:00,25.56,3.17,18.693544
2025-08-10 04:00:00,25.54,2.59,18.693544
2025-08-10 05:00:00,25.49,1.81,19.23285
2025-08-10 06:00:00,25.83,1.18,19.738688
2025-08-10 07:00:00,26.85,1.13,21.95385
2025-08-10 08:00:00,27.92,0.79,21.830666
2025-08-10 09:00:00,28.82,0.34,21.79593
2025-08-10 10:00:00,29.41,0.39,21.50598
2025-08-10 11:00:00,29.72,0.65,22.332588
2025-08-10 12:00:00,29.8,0.94,22.223427
2025-08-10 13:00:00,29.72,1.11,22.27022
2025-08-10 14:00:00,29.63,1.88,22.27022
2025-08-10 15:00:00,29.52,2.16,22.26448
2025-08-10 16:00:00,29.28,2.29,23.028902
2025-08-10 17:00:00,28.93,1.59,22.13693
2025-08-10 18:00:00,28.05,0.96,22.5048
2025-08-10 19:00:00,27.59,0.68,22.5048
2025-08-10 20:00:00,27.42,0.48,23.394627
2025-08-10 21:00:00,27.19,0.54,23.833302
2025-08-10 22:00:00,26.88,0.46,23.74759
2025-08-10 23:00:00,26.53,0.48,20.603764
2025-08-11 00:00:00,26.17,0.77,18.830303
2025-08-11 01:00:00,25.83,1.08,18.675344
2025-08-11 02:00:00,25.53,1.35,18.671064
2025-08-11 03:00:00,25.25,1.74,18.797756
2025-08-11 04:00:00,25.02,1.83,18.797756
2025-08-11 05:00:00,24.82,1.59,19.950289
2025-08-11 06:00:00,25.18,1.48,20.127258
2025-08-11 07:00:00,26.43,1.16,23.81062
2025-08-11 08:00:00,28.21,0.91,24.38976
2025-08-11 09:00:00,29.79,0.82,24.362646
2025-08-11 10:00:00,30.88,0.82,25.746628
2025-08-11 11:00:00,31.66,0.94,25.306007
2025-08-11 12:00:00,32.14,1.4,25.5739
2025-08-11 13:00:00,32.28,1.39,25.502258
2025-08-11 14:00:00,32.22,1.42,25.502258
2025-08-11 15:00:00,31.82,1.12,25.55621
2025-08-11 16:00:00,31.15,0.91,25.058676
2025-08-11 17:00:00,30.14,0.87,24.970596
2025-08-11 18:00:00,28.67,0.8,24.662548
2025-08-11 19:00:00,27.64,0.75,23.889278
2025-08-11 20:00:00,27.28,1.18,24.638123
2025-08-11 21:00:00,27.03,1.08,24.888767
2025-08-11 22:00:00,26.81,1.19,24.121176
2025-08-11 23:00:00,26.62,2.14,20.200867
2025-08-12 00:00:00,26.43,2.88,18.451296
2025-08-12 01:00:00,26.25,4.11,18.451296
2025-08-12 02:00:00,26.09,5.91,18.567213
2025-08-12 03:00:00,25.93,6.82,18.567213
2025-08-12 04:00:00,25.86,6.38,18.567213
2025-08-12 05:00:00,25.83,6.46,19.59706
2025-08-12 06:00:00,26.23,7.42,20.132423
2025-08-12 07:00:00,27.36,6.8,23.198547
2025-08-12 08:00:00,28.84,5.43,23.976858
2025-08-12 09:00:00,29.9,15.34,23.824127
2025-08-12 10:00:00,30.46,30.28,24.526363
2025-08-12 11:00:00,30.82,46.9,25.292976
2025-08-12 12:00:00,31.04,35.31,25.560871
2025-08-12 13:00:00,31.16,11.84,25.48923
2025-08-12 14:00:00,31.33,4.97,25.302414
2025-08-12 15:00:00,31.44,8.09,25.286343
2025-08-12 16:00:00,31.23,10.59,24.88766
2025-08-12 17:00:00,30.92,9.12,23.439302
2025-08-12 18:00:00,29.67,8.44,24.270075
2025-08-12 19:00:00,28.64,10.1,23.601526
2025-08-12 20:00:00,28.04,10.66,24.11543
2025-08-12 21:00:00,27.65,12.89,24.48135
2025-08-12 22:00:00,27.38,11.5,23.614027
2025-08-12 23:00:00,27.15,11.22,19.869247
2025-08-13 00:00:00,26.96,10.39,18.444918
2025-08-13 01:00:00,26.79,8.53,18.444918
2025-08-13 02:00:00,26.67,9.0,18.373148
2025-08-13 03:00:00,26.7,9.65,18.373148
2025-08-13 04:00:00,26.81,11.81,18.373148
2025-08-13 05:00:00,26.95,14.46,19.66214
2025-08-13 06:00:00,27.05,16.47,20.297274
2025-08-13 07:00:00,28.04,16.87,23.138052
2025-08-13 08:00:00,28.98,21.7,23.9649
2025-08-13 09:00:00,29.41,24.94,24.32857
2025-08-13 10:00:00,29.95,26.84,24.683315
2025-08-13 11:00:00,30.43,26.09,25.410978
2025-08-13 12:00:00,30.72,25.09,25.560871
2025-08-13 13:00:00,30.82,27.7,25.48923
2025-08-13 14:00:00,30.52,30.36,25.48923
2025-08-13 15:00:00,30.01,30.25,25.473158
2025-08-13 16:00:00,29.29,27.82,26.1519
2025-08-13 17:00:00,28.54,23.87,24.742598
2025-08-13 18:00:00,27.53,19.16,24.16535
2025-08-13 19:00:00,26.92,15.29,23.537
2025-08-13 20:00:00,26.73,11.67,24.270897
2025-08-13 21:00:00,26.56,9.95,24.521545
2025-08-13 22:00:00,26.41,14.94,23.753952
2025-08-13 23:00:00,26.35,19.22,19.869247
2025-08-14 00:00:00,26.3,21.94,18.973692
2025-08-14 01:00:00,26.11,23.6,19.233488
2025-08-14 02:00:00,25.84,19.84,19.112698
2025-08-14 03:00:00,25.66,18.67,19.112698
2025-08-14 04:00:00,25.55,23.33,19.112698
2025-08-14 05:00:00,25.4,30.6,20.142542
2025-08-14 06:00:00,25.8,26.08,20.50381
2025-08-14 07:00:00,27.04,21.32,23.823988
2025-08-14 08:00:00,27.97,14.14,24.315414
2025-08-14 09:00:00,28.83,8.25,24.84948
2025-08-14 10:00:00,29.64,9.56,25.020977
2025-08-14 11:00:00,30.29,11.29,25.74864
2025-08-14 12:00:00,30.67,12.28,25.847061
2025-08-14 13:00:00,30.84,11.2,25.77542
2025-08-14 14:00:00,30.84,10.96,25.77542
2025-08-14 15:00:00,30.48,8.86,25.82937
2025-08-14 16:00:00,29.61,7.35,26.508112
2025-08-14 17:00:00,28.59,6.41,25.098812
2025-08-14 18:00:00,27.47,5.94,24.521566
2025-08-14 19:00:00,26.79,6.1,23.893215
2025-08-14 20:00:00,26.55,5.48,24.726593
2025-08-14 21:00:00,26.49,4.49,25.09278
2025-08-14 22:00:00,26.5,4.39,24.325188
2025-08-14 23:00:00,26.46,4.61,20.32494
2025-08-15 00:00:00,26.41,5.35,18.513187
2025-08-15 01:00:00,26.4,5.43,18.488047
2025-08-15 02:00:00,26.35,5.47,18.58163
2025-08-15 03:00:00,26.17,5.38,18.856895
2025-08-15 04:00:00,25.95,5.4,18.681782
2025-08-15 05:00:00,25.84,5.32,19.68318
2025-08-15 06:00:00,25.99,5.54,20.08931
2025-08-15 07:00:00,26.55,6.37,23.855873
2025-08-15 08:00:00,27.36,5.8,24.022032
2025-08-15 09:00:00,28.29,15.59,24.288828
2025-08-15 10:00:00,29.11,19.15,24.64272
2025-08-15 11:00:00,29.77,20.78,25.203661
2025-08-15 12:00:00,30.28,24.18,25.213364
2025-08-15 13:00:00,30.52,26.66,25.141722
2025-08-15 14:00:00,30.48,28.12,25.141722
2025-08-15 15:00:00,30.19,25.28,25.195673
2025-08-15 16:00:00,29.65,25.3,25.607107
2025-08-15 17:00:00,28.72,26.62,24.020554
2025-08-15 18:00:00,27.63,27.05,23.443308
2025-08-15 19:00:00,27.07,20.92,22.814957
2025-08-15 20:00:00,26.86,18.59,23.704784
2025-08-15 21:00:00,26.72,15.28,24.09038
2025-08-15 22:00:00,26.63,16.12,23.714243
2025-08-15 23:00:00,26.53,17.26,19.722992
2025-08-16 00:00:00,26.38,19.29,18.88358
2025-08-16 01:00:00,26.22,16.59,18.858438
2025-08-16 02:00:00,25.99,15.19,18.965918
2025-08-16 03:00:00,25.73,12.61,18.956247
2025-08-16 04:00:00,25.51,9.35,18.956247
2025-08-16 05:00:00,25.36,8.04,19.4992
2025-08-16 06:00:00,25.66,6.26,20.00504
2025-08-16 07:00:00,27.01,8.1,22.055851
2025-08-16 08:00:00,28.49,6.89,21.909088
2025-08-16 09:00:00,29.35,5.52,22.015615
2025-08-16 10:00:00,30.02,7.44,21.733164
2025-08-16 11:00:00,30.37,9.61,22.443655
2025-08-16 12:00:00,30.54,10.03,22.334492
2025-08-16 13:00:00,30.57,10.23,22.418941
2025-08-16 14:00:00,30.44,11.12,22.418941
2025-08-16 15:00:00,30.1,10.06,22.413202
2025-08-16 16:00:00,29.51,9.54,23.003288
2025-08-16 17:00:00,28.61,8.66,22.03402
2025-08-16 18:00:00,27.66,8.38,22.389624
2025-08-16 19:00:00,27.1,6.57,22.429817
2025-08-16 20:00:00,26.93,5.21,23.319645
2025-08-16 21:00:00,26.82,4.35,24.033932
2025-08-16 22:00:00,26.69,4.75,23.94822
2025-08-16 23:00:00,26.53,8.21,20.272371
2025-08-17 00:00:00,26.32,12.66,18.734318
2025-08-17 01:00:00,26.11,15.8,18.994112
2025-08-17 02:00:00,25.96,17.46,18.703217
2025-08-17 03:00:00,25.86,20.06,18.693544
2025-08-17 04:00:00,25.8,20.85,18.693544
2025-08-17 05:00:00,25.74,18.46,19.23285
2025-08-17 06:00:00,25.94,16.8,19.738688
2025-08-17 07:00:00,26.59,16.28,21.95385
2025-08-17 08:00:00,27.34,18.8,21.730936
2025-08-17 09:00:00,28.12,27.16,21.808784
2025-08-17 10:00:00,28.83,37.95,21.52771
2025-08-17 11:00:00,29.47,45.81,22.332588
2025-08-17 12:00:00,29.77,54.14,22.223427
2025-08-17 13:00:00,29.75,58.42,22.27022
2025-08-17 14:00:00,29.41,55.72,22.27022
2025-08-17 15:00:00,28.86,44.66,22.276749
2025-08-17 16:00:00,28.33,33.5,23.041168
2025-08-17 17:00:00,27.84,21.94,22.044474
2025-08-17 18:00:00,27.23,15.59,22.544994
2025-08-17 19:00:00,26.79,12.88,22.544994
2025-08-17 20:00:00,26.56,12.96,23.434822
2025-08-17 21:00:00,26.41,19.22,24.234627
2025-08-17 22:00:00,26.33,26.61,24.148914
2025-08-17 23:00:00,26.3,35.22,20.603764
2025-08-18 00:00:00,26.35,43.77,18.501675
2025-08-18 01:00:00,26.34,55.93,18.501675
2025-08-18 02:00:00,26.22,86.02,18.478039
2025-08-18 03:00:00,26.18,108.15,18.93336
2025-08-18 04:00:00,26.09,110.91,18.797756
2025-08-18 05:00:00,26.0,111.81,19.901655
2025-08-18 06:00:00,26.1,128.21,20.262861
2025-08-18 07:00:00,26.65,173.2,23.81062
2025-08-18 08:00:00,27.3,215.88,24.290028
2025-08-18 09:00:00,28.03,272.57,24.846958
2025-08-18 10:00:00,28.62,139.42,25.17695
2025-08-18 11:00:00,28.96,53.83,25.93285
2025-08-18 12:00:00,29.18,27.34,25.85654
2025-08-18 13:00:00,29.4,20.9,25.784899
2025-08-18 14:00:00,29.5,19.45,25.784899
2025-08-18 15:00:00,29.19,25.77,25.838848
2025-08-18 16:00:00,28.49,31.28,26.544373
2025-08-18 17:00:00,27.64,28.4,25.030348
2025-08-18 18:00:00,27.02,22.1,24.384249
2025-08-18 19:00:00,26.72,15.22,23.715702
2025-08-18 20:00:00,26.57,9.32,24.638123
2025-08-18 21:00:00,26.47,7.2,24.888767
2025-08-18 22:00:00,26.38,7.19,24.121176
2025-08-18 23:00:00,26.26,8.06,20.200867
2025-08-19 00:00:00,26.13,10.24,18.73623
2025-08-19 01:00:00,25.95,14.42,18.790857
2025-08-19 02:00:00,25.78,17.77,18.567213
2025-08-19 03:00:00,25.62,21.75,18.567213
2025-08-19 04:00:00,25.51,23.55,18.567213
2025-08-19 05:00:00,25.44,15.27,19.59706
2025-08-19 06:00:00,25.65,4.72,19.958326
2025-08-19 07:00:00,26.21,2.41,23.338472
2025-08-19 08:00:00,26.97,2.34,24.029907
2025-08-19 09:00:00,27.74,0.38,24.53663
2025-08-19 10:00:00,28.52,0.73,24.704739
2025-08-19 11:00:00,29.22,1.06,25.67613
2025-08-19 12:00:00,29.71,1.47,25.599821
2025-08-19 13:00:00,29.97,1.77,25.52818
2025-08-19 14:00:00,30.03,2.05,25.48923
2025-08-19 15:00:00,29.81,2.39,25.512108
2025-08-19 16:00:00,29.47,2.66,26.1519
2025-08-19 17:00:00,28.96,2.49,24.742598
2025-08-19 18:00:00,27.99,2.24,24.16535
2025-08-19 19:00:00,27.25,1.83,23.537
2025-08-19 20:00:00,26.89,1.38,24.270897
2025-08-19 21:00:00,26.59,1.04,24.521545
2025-08-19 22:00:00,26.21,0.98,23.753952
2025-08-19 23:00:00,25.75,0.97,19.633379
2025-08-20 00:00:00,25.38,1.01,18.796436
2025-08-20 01:00:00,25.12,0.9,18.796436
2025-08-20 02:00:00,24.93,0.66,18.792656
2025-08-20 03:00:00,24.74,0.38,18.792656
2025-08-20 04:00:00,24.64,0.18,18.792656
2025-08-20 05:00:00,24.6,0.09,19.8225
2025-08-20 06:00:00,25.01,0.05,20.135134
2025-08-20 07:00:00,26.39,0.04,23.503323
2025-08-20 08:00:00,27.71,0.05,23.977753
2025-08-20 09:00:00,29.07,0.03,24.511818
2025-08-20 10:00:00,30.13,0.12,24.644365
2025-08-20 11:00:00,30.92,0.28,25.410978
2025-08-20 12:00:00,31.42,0.56,25.374056
2025-08-20 13:00:00,31.53,0.75,25.302414
2025-08-20 14:00:00,31.35,0.73,25.302414
2025-08-20 15:00:00,31.02,0.66,25.473158
2025-08-20 16:00:00,30.59,0.5,26.11295
2025-08-20 17:00:00,29.72,0.47,24.742598
2025-08-20 18:00:00,28.45,0.46,24.270075
2025-08-20 19:00:00,27.71,0.48,23.496805
2025-08-20 20:00:00,27.35,0.5,24.130972
2025-08-20 21:00:00,27.09,0.5,24.521545
2025-08-20 22:00:00,26.86,0.51,23.753952
2025-08-20 23:00:00,26.64,0.54,19.869247
2025-08-21 00:00:00,26.39,0.48,18.973692
2025-08-21 01:00:00,26.19,0.4,19.233488
2025-08-21 02:00:00,26.04,0.34,19.112698
2025-08-21 03:00:00,26.01,0.32,19.112698
2025-08-21 04:00:00,26.03,0.3,19.112698
2025-08-21 05:00:00,25.96,0.25,20.142542
2025-08-21 06:00:00,26.09,0.26,20.50381
2025-08-21 07:00:00,27.03,0.28,23.823988
2025-08-21 08:00:00,27.92,0.3,24.315414
2025-08-21 09:00:00,28.63,0.36,24.84948
2025-08-21 10:00:00,29.27,0.39,25.030441
2025-08-21 11:00:00,29.73,0.46,25.787592
2025-08-21 12:00:00,30.07,0.67,25.847061
2025-08-21 13:00:00,30.25,0.97,25.77542
2025-08-21 14:00:00,30.22,1.45,25.77542
2025-08-21 15:00:00,30.04,1.6,25.82937
2025-08-21 16:00:00,29.61,1.49,26.508112
2025-08-21 17:00:00,29.0,1.47,25.098812
2025-08-21 18:00:00,28.04,1.72,24.521566
2025-08-21 19:00:00,27.53,1.83,23.85302
2025-08-21 20:00:00,27.29,1.74,24.627113
2025-08-21 21:00:00,27.05,1.71,24.9933
2025-08-21 22:00:00,26.79,1.62,24.225708
2025-08-21 23:00:00,26.53,1.7,20.32494
2025-08-22 00:00:00,26.33,1.48,18.513187
2025-08-22 01:00:00,26.13,1.21,18.772982
2025-08-22 02:00:00,25.92,0.84,18.691452
2025-08-22 03:00:00,25.74,0.84,18.681782
2025-08-22 04:00:00,25.63,1.31,18.681782
2025-08-22 05:00:00,25.62,2.01,19.68318
2025-08-22 06:00:00,25.86,2.38,20.08931
2025-08-22 07:00:00,26.67,2.24,23.855873
2025-08-22 08:00:00,27.42,2.12,24.121761
2025-08-22 09:00:00,28.11,4.17,24.288828
2025-08-22 10:00:00,28.75,4.52,24.591608
2025-08-22 11:00:00,29.23,5.38,25.213125
2025-08-22 12:00:00,29.53,6.3,25.252314
2025-08-22 13:00:00,29.65,7.31,25.180672
2025-08-22 14:00:00,29.44,7.28,25.180672
2025-08-22 15:00:00,28.94,6.61,25.234623
2025-08-22 16:00:00,28.46,5.13,25.607107
2025-08-22 17:00:00,27.88,3.52,23.915833
2025-08-22 18:00:00,27.12,2.75,23.483503
2025-08-22 19:00:00,26.69,2.8,22.914436
2025-08-22 20:00:00,26.48,3.13,23.804264
2025-08-22 21:00:00,26.34,4.16,24.18986
2025-08-22 22:00:00,26.18,5.26,23.714243
2025-08-22 23:00:00,26.0,5.08,19.487125
2025-08-23 00:00:00,25.78,3.89,18.974045
2025-08-23 01:00:00,25.56,2.37,18.948904
2025-08-23 02:00:00,25.35,1.49,18.965918
2025-08-23 03:00:00,25.15,1.1,18.956247
2025-08-23 04:00:00,24.99,0.77,19.00488
2025-08-23 05:00:00,24.88,0.63,19.547834
2025-08-23 06:00:00,25.1,0.66,20.00504
2025-08-23 07:00:00,26.04,0.68,21.880735
2025-08-23 08:00:00,27.09,0.58,21.962137
2025-08-23 09:00:00,28.19,1.28,21.977358
2025-08-23 10:00:00,29.07,1.37,21.781578
2025-08-23 11:00:00,29.73,1.72,22.482605
2025-08-23 12:00:00,30.06,3.01,22.334492
2025-08-23 13:00:00,30.13,4.28,22.418941
2025-08-23 14:00:00,30.06,6.04,22.418941
2025-08-23 15:00:00,29.81,5.95,22.452152
2025-08-23 16:00:00,29.42,6.69,23.003288
2025-08-23 17:00:00,28.64,5.08,22.03402
2025-08-23 18:00:00,27.55,3.99,22.389624
2025-08-23 19:00:00,27.02,2.96,22.429817
2025-08-23 20:00:00,26.75,2.87,23.319645
2025-08-23 21:00:00,26.5,3.28,24.033932
2025-08-23 22:00:00,26.25,5.06,23.94822
2025-08-23 23:00:00,26.02,6.09,20.036505
2025-08-24 00:00:00,25.82,5.93,18.824781
2025-08-24 01:00:00,25.66,4.04,18.79964
2025-08-24 02:00:00,25.52,2.54,18.703217
2025-08-24 03:00:00,25.41,2.21,18.693544
2025-08-24 04:00:00,25.28,1.75,18.693544
2025-08-24 05:00:00,25.15,1.33,19.23285
2025-08-24 06:00:00,25.26,2.49,19.738688
2025-08-24 07:00:00,26.03,1.93,21.728071
2025-08-24 08:00:00,26.79,1.6,21.870861
2025-08-24 09:00:00,27.55,0.74,21.808784
2025-08-24 10:00:00,28.22,0.59,21.687895
2025-08-24 11:00:00,28.79,0.65,22.354319
2025-08-24 12:00:00,29.22,0.87,22.223427
2025-08-24 13:00:00,29.7,1.55,22.27022
2025-08-24 14:00:00,30.17,2.26,22.23127
2025-08-24 15:00:00,30.01,2.16,22.22553
2025-08-24 16:00:00,29.18,1.69,23.028902
2025-08-24 17:00:00,28.24,1.72,22.044474
2025-08-24 18:00:00,27.22,2.0,22.544994
2025-08-24 19:00:00,26.69,2.86,22.544994
2025-08-24 20:00:00,26.38,4.68,23.434822
2025-08-24 21:00:00,26.11,6.95,24.234627
2025-08-24 22:00:00,25.86,8.26,24.148914
2025-08-24 23:00:00,25.64,9.57,20.367899
2025-08-25 00:00:00,25.41,9.48,18.675344
2025-08-25 01:00:00,25.19,8.49,18.675344
2025-08-25 02:00:00,25.0,6.53,18.671064
2025-08-25 03:00:00,24.82,4.79,18.84639
2025-08-25 04:00:00,24.67,4.1,18.84639
2025-08-25 05:00:00,24.57,4.73,19.950289
2025-08-25 06:00:00,24.74,7.25,20.175892
2025-08-25 07:00:00,25.41,10.18,23.71871
2025-08-25 08:00:00,26.19,11.41,24.259874
2025-08-25 09:00:00,26.88,50.9,24.673382
2025-08-25 10:00:00,27.44,43.01,25.189806
2025-08-25 11:00:00,28.01,31.02,25.953651
2025-08-25 12:00:00,28.48,27.0,25.982065
2025-08-25 13:00:00,28.99,34.43,25.784899
2025-08-25 14:00:00,29.38,38.93,25.784899
2025-08-25 15:00:00,29.44,34.14,25.838848
2025-08-25 16:00:00,29.07,26.94,26.418848
2025-08-25 17:00:00,28.46,22.87,25.13507
2025-08-25 18:00:00,27.54,22.59,24.557825
2025-08-25 19:00:00,26.91,21.23,23.715702
2025-08-25 20:00:00,26.45,18.36,24.638123
2025-08-25 21:00:00,26.15,16.53,24.888767
2025-08-25 22:00:00,25.95,18.03,24.121176
2025-08-25 23:00:00,25.79,27.34,19.965002
2025-08-26 00:00:00,25.64,34.45,18.790857
2025-08-26 01:00:00,25.49,43.3,18.790857
2025-08-26 02:00:00,25.34,64.41,18.567213
2025-08-26 03:00:00,25.2,84.35,18.567213
2025-08-26 04:00:00,25.06,97.89,18.567213
2025-08-26 05:00:00,24.94,116.14,19.64569
2025-08-26 06:00:00,25.01,121.17,19.958326
2025-08-26 07:00:00,25.56,95.25,23.379086
2025-08-26 08:00:00,26.19,76.11,24.029907
2025-08-26 09:00:00,26.87,17.57,24.576826
2025-08-26 10:00:00,27.54,17.43,24.717592
2025-08-26 11:00:00,28.11,17.75,25.571405
2025-08-26 12:00:00,28.55,21.02,25.599821
2025-08-26 13:00:00,28.74,23.82,25.52818
2025-08-26 14:00:00,28.74,33.81,25.52818
2025-08-26 15:00:00,28.58,48.04,25.512108
2025-08-26 16:00:00,28.35,59.64,26.1519
2025-08-26 17:00:00,27.81,63.1,24.637875
2025-08-26 18:00:00,26.95,57.29,24.205545
2025-08-26 19:00:00,26.4,39.62,23.537
2025-08-26 20:00:00,26.15,26.67,24.270897
2025-08-26 21:00:00,25.97,21.65,24.521545
2025-08-26 22:00:00,25.84,21.27,23.753952
2025-08-26 23:00:00,25.73,27.2,19.633379
2025-08-27 00:00:00,25.66,39.74,18.796436
2025-08-27 01:00:00,25.6,53.43,18.796436
2025-08-27 02:00:00,25.56,58.93,18.74402
2025-08-27 03:00:00,25.46,63.08,18.74402
2025-08-27 04:00:00,25.36,72.72,18.74402
2025-08-27 05:00:00,25.32,82.54,19.773869
2025-08-27 06:00:00,25.38,94.59,20.135134
2025-08-27 07:00:00,25.8,105.59,23.555893
2025-08-27 08:00:00,26.2,115.19,24.017948
2025-08-27 09:00:00,26.65,70.47,24.564867
2025-08-27 10:00:00,26.97,61.16,24.745829
2025-08-27 11:00:00,27.24,48.66,25.394863
2025-08-27 12:00:00,27.49,38.64,25.495096
2025-08-27 13:00:00,27.62,33.12,25.423454
2025-08-27 14:00:00,27.61,29.4,25.423454
2025-08-27 15:00:00,27.47,24.08,25.407383
2025-08-27 16:00:00,27.21,21.38,26.08737
2025-08-27 17:00:00,26.85,20.34,24.678068
2025-08-27 18:00:00,26.41,19.71,24.205545
2025-08-27 19:00:00,26.14,17.9,23.537
2025-08-27 20:00:00,25.98,16.0,24.270897
2025-08-27 21:00:00,25.78,14.42,24.521545
2025-08-27 22:00:00,25.58,12.63,23.753952
2025-08-27 23:00:00,25.43,12.28,20.040522
2025-08-28 00:00:00,25.34,9.74,19.190252
2025-08-28 01:00:00,25.26,7.44,19.165112
2025-08-28 02:00:00,25.19,6.49,19.112698
2025-08-28 03:00:00,25.09,5.66,19.112698
2025-08-28 04:00:00,24.95,4.61,19.161331
2025-08-28 05:00:00,24.75,4.5,20.191175
2025-08-28 06:00:00,24.93,4.79,20.552443
2025-08-28 07:00:00,26.19,3.72,23.923468
2025-08-28 08:00:00,27.62,3.02,24.315414
2025-08-28 09:00:00,28.55,9.82,24.84948
2025-08-28 10:00:00,29.15,11.16,25.030441
2025-08-28 11:00:00,29.58,10.76,25.787592
2025-08-28 12:00:00,29.79,12.35,25.886011
2025-08-28 13:00:00,29.89,12.14,25.81437
2025-08-28 14:00:00,29.84,12.23,25.81437
2025-08-28 15:00:00,29.51,12.06,25.86832
2025-08-28 16:00:00,28.93,9.98,26.508112
2025-08-28 17:00:00,28.14,10.38,24.99409
2025-08-28 18:00:00,27.14,10.82,24.56176
2025-08-28 19:00:00,26.61,10.57,23.992695
2025-08-28 20:00:00,26.4,10.72,24.726593
2025-08-28 21:00:00,26.2,10.6,25.09278
2025-08-28 22:00:00,26.06,9.04,24.325188
2025-08-28 23:00:00,25.89,7.86,20.089073
2025-08-29 00:00:00,25.75,4.47,18.603651
2025-08-29 01:00:00,25.6,1.96,18.57851
2025-08-29 02:00:00,25.48,1.09,18.691452
2025-08-29 03:00:00,25.37,0.82,18.681782
2025-08-29 04:00:00,25.25,1.26,18.681782
2025-08-29 05:00:00,25.13,1.71,19.68318
2025-08-29 06:00:00,25.45,2.1,20.08931
2025-08-29 07:00:00,26.55,2.72,23.855873
2025-08-29 08:00:00,27.33,5.27,24.022032
2025-08-29 09:00:00,28.1,1.97,24.288828
2025-08-29 10:00:00,28.84,2.85,24.591608
2025-08-29 11:00:00,29.43,4.46,25.203661
2025-08-29 12:00:00,29.88,6.91,25.252314
2025-08-29 13:00:00,30.06,8.15,25.141722
2025-08-29 14:00:00,29.95,7.77,25.180672
2025-08-29 15:00:00,29.55,5.14,25.234623
2025-08-29 16:00:00,28.79,3.76,25.607107
2025-08-29 17:00:00,27.96,3.96,23.915833
2025-08-29 18:00:00,27.09,3.49,23.483503
2025-08-29 19:00:00,26.65,2.71,22.914436
2025-08-29 20:00:00,26.47,2.52,23.804264
2025-08-29 21:00:00,26.31,1.96,24.18986
2025-08-29 22:00:00,26.17,2.02,23.714243
2025-08-29 23:00:00,26.06,2.52,19.487125
2025-08-30 00:00:00,25.93,3.01,18.974045
2025-08-30 01:00:00,25.81,3.21,18.948904
2025-08-30 02:00:00,25.69,3.76,18.965918
2025-08-30 03:00:00,25.57,3.66,18.956247
2025-08-30 04:00:00,25.48,2.91,18.956247
2025-08-30 05:00:00,25.41,2.37,19.4992
2025-08-30 06:00:00,25.56,1.93,20.00504
2025-08-30 07:00:00,26.32,1.45,22.055851
2025-08-30 08:00:00,27.01,1.16,21.962137
2025-08-30 09:00:00,27.85,1.55,21.977358
2025-08-30 10:00:00,28.89,1.36,21.730467
2025-08-30 11:00:00,29.73,2.16,22.482605
2025-08-30 12:00:00,30.01,3.12,22.334492
2025-08-30 13:00:00,29.97,3.46,22.457891
2025-08-30 14:00:00,29.62,4.04,22.457891
2025-08-30 15:00:00,29.25,3.88,22.452152
2025-08-30 16:00:00,28.73,3.68,23.003288
2025-08-30 17:00:00,27.98,3.23,21.929296
2025-08-30 18:00:00,27.07,2.01,22.429817
2025-08-30 19:00:00,26.58,1.98,22.429817
2025-08-30 20:00:00,26.4,2.53,23.319645
2025-08-30 21:00:00,26.26,2.73,24.033932
2025-08-30 22:00:00,26.14,3.51,23.94822
2025-08-30 23:00:00,25.99,3.47,20.036505
2025-08-31 00:00:00,25.82,4.15,18.824781
2025-08-31 01:00:00,25.71,4.26,18.79964
2025-08-31 02:00:00,25.68,3.37,18.703217
2025-08-31 03:00:00,25.69,3.42,18.693544
2025-08-31 04:00:00,25.63,3.48,18.693544
2025-08-31 05:00:00,25.54,2.68,19.23285
2025-08-31 06:00:00,25.71,3.26,19.738688
2025-08-31 07:00:00,26.74,2.6,21.95385
2025-08-31 08:00:00,28.47,2.83,21.817812
2025-08-31 09:00:00,29.72,3.4,21.529306
2025-08-31 10:00:00,30.38,4.93,21.46703
2025-08-31 11:00:00,30.97,4.87,22.293638
2025-08-31 12:00:00,31.26,7.35,21.997663
2025-08-31 13:00:00,31.41,8.32,22.044458
2025-08-31 14:00:00,31.47,7.16,22.044458
2025-08-31 15:00:00,31.33,4.09,22.03872
2025-08-31 16:00:00,31.08,3.86,21.695312
2025-08-31 17:00:00,30.49,3.34,22.09798
2025-08-31 18:00:00,29.52,1.73,22.597256
2025-08-31 19:00:00,28.86,1.81,22.609522
2025-08-31 20:00:00,28.45,2.32,23.384075
2025-08-31 21:00:00,28.17,3.2,24.213396
2025-08-31 22:00:00,27.75,4.29,23.707394
2025-08-31 23:00:00,27.36,5.68,19.975855
2025-09-01 00:00:00,27.03,6.27,18.192038
2025-09-01 01:00:00,26.77,5.49,18.192038
2025-09-01 02:00:00,26.55,3.68,18.1684
2025-09-01 03:00:00,26.35,2.95,18.432194
2025-09-01 04:00:00,26.15,2.63,18.76082
2025-09-01 05:00:00,25.96,3.64,19.620613
2025-09-01 06:00:00,26.0,4.09,19.846218
2025-09-01 07:00:00,26.67,6.12,23.52958
2025-09-01 08:00:00,27.41,13.03,23.708376
2025-09-01 09:00:00,28.49,3.35,24.152721
2025-09-01 10:00:00,29.3,4.05,24.729637
2025-09-01 11:00:00,29.8,4.99,25.36034
2025-09-01 12:00:00,30.04,5.81,25.622005
2025-09-01 13:00:00,30.2,6.59,25.550364
2025-09-01 14:00:00,30.18,7.27,25.550364
2025-09-01 15:00:00,29.9,9.16,25.643265
2025-09-01 16:00:00,29.31,13.14,26.09706
2025-09-01 17:00:00,28.34,17.68,24.61914
2025-09-01 18:00:00,27.46,18.02,24.041895
2025-09-01 19:00:00,26.94,14.27,23.600111
2025-09-01 20:00:00,26.69,11.12,24.522532
2025-09-01 21:00:00,26.57,9.46,24.773176
2025-09-01 22:00:00,26.5,9.84,24.005585
2025-09-01 23:00:00,26.47,8.95,19.836292
2025-09-02 00:00:00,26.44,8.31,19.000557
2025-09-02 01:00:00,26.42,9.68,19.000557
2025-09-02 02:00:00,26.37,11.39,18.757557
2025-09-02 03:00:00,26.21,10.67,18.757557
2025-09-02 04:00:00,26.04,10.08,19.116474
2025-09-02 05:00:00,25.88,9.6,20.146318
2025-09-02 06:00:00,25.86,9.05,20.507587
2025-09-02 07:00:00,26.33,9.32,23.97139
2025-09-02 08:00:00,26.8,10.45,24.68358
2025-09-02 09:00:00,27.43,24.83,25.190304
2025-09-02 10:00:00,27.92,25.37,25.371267
2025-09-02 11:00:00,28.36,28.0,26.456009
2025-09-02 12:00:00,28.85,31.82,26.3797
2025-09-02 13:00:00,29.19,32.44,26.308058
2025-09-02 14:00:00,29.28,29.83,26.308058
2025-09-02 15:00:00,29.11,25.84,26.291986
2025-09-02 16:00:00,28.86,24.67,26.805573
2025-09-02 17:00:00,28.51,22.68,25.396273
2025-09-02 18:00:00,27.82,19.31,24.819027
2025-09-02 19:00:00,27.21,17.27,24.190676
2025-09-02 20:00:00,26.86,16.74,24.865118
2025-09-02 21:00:00,26.64,16.45,25.115763
2025-09-02 22:00:00,26.46,15.85,24.348171
2025-09-02 23:00:00,26.25,16.92,20.21448
2025-09-03 00:00:00,26.02,16.21,19.345697
2025-09-03 01:00:00,25.78,15.53,19.345697
2025-09-03 02:00:00,25.55,14.62,19.293283
2025-09-03 03:00:00,25.35,15.65,19.293283
2025-09-03 04:00:00,25.13,19.78,19.293283
2025-09-03 05:00:00,24.94,23.21,20.371761
2025-09-03 06:00:00,25.02,23.23,20.684397
2025-09-03 07:00:00,25.88,20.07,24.188814
2025-09-03 08:00:00,27.39,14.31,24.531698
2025-09-03 09:00:00,28.72,2.1,25.165493
2025-09-03 10:00:00,29.29,1.64,25.346455
2025-09-03 11:00:00,29.54,1.38,26.229807
2025-09-03 12:00:00,29.67,1.67,26.3797
2025-09-03 13:00:00,29.52,2.12,26.308058
2025-09-03 14:00:00,29.24,2.33,26.308058
2025-09-03 15:00:00,28.76,2.51,26.291986
2025-09-03 16:00:00,28.36,2.91,26.805573
2025-09-03 17:00:00,27.82,3.42,25.29155
2025-09-03 18:00:00,26.98,4.35,24.85922
2025-09-03 19:00:00,26.59,5.75,24.190676
2025-09-03 20:00:00,26.48,6.87,24.865118
2025-09-03 21:00:00,26.36,7.1,25.115763
2025-09-03 22:00:00,26.23,7.94,24.348171
2025-09-03 23:00:00,26.08,9.45,20.21448
2025-09-04 00:00:00,25.91,11.08,19.106594
2025-09-04 01:00:00,25.69,11.79,19.081453
2025-09-04 02:00:00,25.48,10.86,19.02904
2025-09-04 03:00:00,25.26,9.24,19.02904
2025-09-04 04:00:00,25.08,7.37,19.02904
2025-09-04 05:00:00,24.93,5.73,20.107517
2025-09-04 06:00:00,25.05,4.52,20.420153
2025-09-04 07:00:00,26.19,2.9,23.923468
2025-09-04 08:00:00,27.28,1.46,24.35561
2025-09-04 09:00:00,28.35,0.61,24.967058
2025-09-04 10:00:00,29.28,0.35,25.030441
2025-09-04 11:00:00,30.07,0.22,25.874846
2025-09-04 12:00:00,30.7,0.15,25.973267
2025-09-04 13:00:00,31.08,0.15,25.901625
2025-09-04 14:00:00,31.18,0.19,25.901625
2025-09-04 15:00:00,30.99,0.27,25.955576
2025-09-04 16:00:00,30.67,0.28,25.204819
2025-09-04 17:00:00,29.81,0.26,25.098812
2025-09-04 18:00:00,28.4,0.32,24.626287
2025-09-04 19:00:00,27.55,0.46,23.85302
2025-09-04 20:00:00,27.14,0.7,24.627113
2025-09-04 21:00:00,26.83,0.94,24.9933
2025-09-04 22:00:00,26.61,1.04,24.325188
2025-09-04 23:00:00,26.41,1.06,20.075956
2025-09-05 00:00:00,26.17,1.21,18.915058
2025-09-05 01:00:00,25.92,1.13,18.695446
2025-09-05 02:00:00,25.69,0.99,18.691452
2025-09-05 03:00:00,25.48,0.71,18.681782
2025-09-05 04:00:00,25.24,0.61,18.681782
2025-09-05 05:00:00,25.02,0.47,19.68318
2025-09-05 06:00:00,25.02,0.42,20.08931
2025-09-05 07:00:00,25.82,0.42,23.680758
2025-09-05 08:00:00,27.0,0.33,24.161957
2025-09-05 09:00:00,28.66,0.56,24.27597
2025-09-05 10:00:00,29.62,0.72,24.633255
2025-09-05 11:00:00,30.16,1.22,25.290915
2025-09-05 12:00:00,30.3,1.47,25.33957
2025-09-05 13:00:00,30.22,1.17,25.267927
2025-09-05 14:00:00,29.94,1.13,25.306877
2025-09-05 15:00:00,29.53,0.91,25.360828
2025-09-05 16:00:00,29.04,1.07,25.607107
2025-09-05 17:00:00,28.32,0.77,24.020554
2025-09-05 18:00:00,27.19,0.66,23.483503
2025-09-05 19:00:00,26.55,0.77,22.914436
2025-09-05 20:00:00,26.27,1.02,23.804264
2025-09-05 21:00:00,26.03,1.18,24.18986
2025-09-05 22:00:00,25.86,1.54,23.714243
2025-09-05 23:00:00,25.79,1.9,19.210764
2025-09-06 00:00:00,25.79,2.34,19.090979
2025-09-06 01:00:00,25.86,2.74,19.065838
2025-09-06 02:00:00,25.83,2.71,18.965918
2025-09-06 03:00:00,25.77,2.57,18.956247
2025-09-06 04:00:00,25.66,2.11,18.956247
2025-09-06 05:00:00,25.47,1.6,19.4992
2025-09-06 06:00:00,25.48,1.07,20.00504
2025-09-06 07:00:00,26.77,0.73,22.055851
2025-09-06 08:00:00,28.7,1.14,21.909088
2025-09-06 09:00:00,29.59,1.4,21.832365
2025-09-06 10:00:00,30.31,1.98,21.733164
2025-09-06 11:00:00,31.06,2.84,22.443655
2025-09-06 12:00:00,31.49,3.72,22.147678
2025-09-06 13:00:00,31.68,3.78,22.232128
2025-09-06 14:00:00,31.55,2.86,22.232128
2025-09-06 15:00:00,31.09,1.88,22.413202
2025-09-06 16:00:00,30.46,1.13,22.964338
2025-09-06 17:00:00,29.65,1.14,22.03402
2025-09-06 18:00:00,28.31,0.74,22.494345
2025-09-06 19:00:00,27.45,0.7,22.389624
2025-09-06 20:00:00,27.04,0.82,23.319645
2025-09-06 21:00:00,26.76,1.19,24.033932
2025-09-06 22:00:00,26.54,1.51,23.94822
2025-09-06 23:00:00,26.38,1.67,19.760143
2025-09-07 00:00:00,26.26,1.93,18.851252
2025-09-07 01:00:00,26.36,1.84,18.82611
2025-09-07 02:00:00,26.41,1.66,18.64406
2025-09-07 03:00:00,26.3,1.93,18.634388
2025-09-07 04:00:00,26.09,1.92,18.693544
2025-09-07 05:00:00,25.94,1.84,19.23285
2025-09-07 06:00:00,25.97,1.92,19.738688
2025-09-07 07:00:00,26.86,2.24,21.95385
2025-09-07 08:00:00,28.28,3.02,21.830666
2025-09-07 09:00:00,29.3,2.27,21.712555
2025-09-07 10:00:00,29.63,2.52,21.50598
2025-09-07 11:00:00,29.78,3.06,22.332588
2025-09-07 12:00:00,29.67,3.52,22.223427
2025-09-07 13:00:00,29.49,3.61,22.27022
2025-09-07 14:00:00,29.17,3.4,22.27022
2025-09-07 15:00:00,28.75,3.64,22.276749
2025-09-07 16:00:00,28.29,4.44,22.936447
2025-09-07 17:00:00,27.82,4.48,22.044474
2025-09-07 18:00:00,27.17,4.37,22.544994
2025-09-07 19:00:00,26.79,4.44,22.544994
2025-09-07 20:00:00,26.61,4.84,23.434822
2025-09-07 21:00:00,26.45,5.19,24.234627
2025-09-07 22:00:00,26.31,4.97,24.148914
2025-09-07 23:00:00,26.17,5.05,20.091537
2025-09-08 00:00:00,26.06,6.23,18.365707
2025-09-08 01:00:00,25.93,9.65,18.365707
2025-09-08 02:00:00,25.83,15.29,18.361425
2025-09-08 03:00:00,25.71,20.66,18.62522
2025-09-08 04:00:00,25.59,20.95,18.62522
2025-09-08 05:00:00,25.5,15.65,19.620613
2025-09-08 06:00:00,25.56,17.99,19.846218
2025-09-08 07:00:00,26.69,5.3,23.52958
2025-09-08 08:00:00,28.09,0.76,23.708376
2025-09-08 09:00:00,29.07,0.79,24.22134
2025-09-08 10:00:00,29.7,1.31,24.55749
2025-09-08 11:00:00,30.1,1.88,25.495512
2025-09-08 12:00:00,30.39,3.38,25.622005
2025-09-08 13:00:00,30.58,5.35,25.550364
2025-09-08 14:00:00,30.58,6.04,25.550364
2025-09-08 15:00:00,30.31,6.04,25.604315
2025-09-08 16:00:00,29.99,6.56,26.09706
2025-09-08 17:00:00,29.51,6.85,24.68776
2025-09-08 18:00:00,28.65,6.59,24.146616
2025-09-08 19:00:00,28.22,7.16,23.373348
2025-09-08 20:00:00,27.81,7.62,24.147902
2025-09-08 21:00:00,27.48,7.84,24.51382
2025-09-08 22:00:00,27.2,8.57,24.005585
2025-09-08 23:00:00,26.87,9.99,19.836292
2025-09-09 00:00:00,26.57,11.35,19.000557
2025-09-09 01:00:00,26.34,13.88,19.000557
2025-09-09 02:00:00,26.18,17.01,19.042494
2025-09-09 03:00:00,26.06,18.28,19.116474
2025-09-09 04:00:00,25.96,18.75,19.116474
2025-09-09 05:00:00,25.87,17.42,20.146318
2025-09-09 06:00:00,25.91,14.53,20.507587
2025-09-09 07:00:00,26.71,10.57,23.97139
2025-09-09 08:00:00,28.23,7.26,24.643385
2025-09-09 09:00:00,29.47,13.27,24.994202
2025-09-09 10:00:00,29.97,13.0,24.832548
2025-09-09 11:00:00,30.37,13.1,26.214254
2025-09-09 12:00:00,30.7,12.72,26.34075
2025-09-09 13:00:00,30.86,11.75,26.269108
2025-09-09 14:00:00,30.92,10.71,26.269108
2025-09-09 15:00:00,30.72,9.17,26.253035
2025-09-09 16:00:00,30.28,7.81,26.766623
2025-09-09 17:00:00,29.52,7.57,25.396273
2025-09-09 18:00:00,28.27,7.06,24.819027
2025-09-09 19:00:00,27.59,7.41,24.15048
2025-09-09 20:00:00,27.27,7.45,24.865118
2025-09-09 21:00:00,27.07,7.74,25.115763
2025-09-09 22:00:00,26.91,8.54,24.348171
2025-09-09 23:00:00,26.78,7.63,20.21448
2025-09-10 00:00:00,26.69,7.02,18.994179
2025-09-10 01:00:00,26.67,7.97,18.994179
2025-09-10 02:00:00,26.63,8.32,18.922407
2025-09-10 03:00:00,26.55,7.2,18.922407
2025-09-10 04:00:00,26.46,6.09,18.922407
2025-09-10 05:00:00,26.35,5.9,20.2114
2025-09-10 06:00:00,26.35,5.34,20.846535
2025-09-10 07:00:00,27.31,5.18,23.996315
2025-09-10 08:00:00,28.72,4.81,24.618574
2025-09-10 09:00:00,30.17,1.66,24.943293
2025-09-10 10:00:00,30.86,1.61,25.29804
2025-09-10 11:00:00,31.1,1.34,26.190857
2025-09-10 12:00:00,31.23,1.28,26.153936
2025-09-10 13:00:00,31.17,1.31,26.269108
2025-09-10 14:00:00,30.93,1.35,26.269108
2025-09-10 15:00:00,30.85,1.26,26.253035
2025-09-10 16:00:00,30.72,1.46,25.50228
2025-09-10 17:00:00,30.17,1.55,25.357323
2025-09-10 18:00:00,28.98,1.88,24.923748
2025-09-10 19:00:00,28.28,2.11,24.15048
2025-09-10 20:00:00,27.9,2.13,24.709648
2025-09-10 21:00:00,27.63,2.28,25.075567
2025-09-10 22:00:00,27.39,2.61,24.208246
2025-09-10 23:00:00,27.18,3.02,20.21448
2025-09-11 00:00:00,27.09,3.4,18.790556
2025-09-11 01:00:00,27.11,3.99,18.765415
2025-09-11 02:00:00,27.12,4.21,18.693644
2025-09-11 03:00:00,26.94,4.53,18.693644
2025-09-11 04:00:00,26.84,4.7,18.693644
2025-09-11 05:00:00,26.7,4.88,19.899147
2025-09-11 06:00:00,26.68,5.78,20.633762
2025-09-11 07:00:00,27.49,6.95,23.783792
2025-09-11 08:00:00,28.81,7.9,24.30256
2025-09-11 09:00:00,29.56,8.23,24.666231
2025-09-11 10:00:00,29.79,8.97,25.020977
2025-09-11 11:00:00,29.86,9.98,25.913795
2025-09-11 12:00:00,29.93,11.41,26.012217
2025-09-11 13:00:00,29.81,11.53,25.940575
2025-09-11 14:00:00,29.58,10.13,25.940575
2025-09-11 15:00:00,29.2,7.2,25.994526
2025-09-11 16:00:00,28.7,4.81,26.508112
2025-09-11 17:00:00,28.16,3.92,24.99409
2025-09-11 18:00:00,27.07,3.27,24.56176
2025-09-11 19:00:00,26.42,2.86,23.992695
2025-09-11 20:00:00,26.13,2.79,24.726593
2025-09-11 21:00:00,25.97,3.21,25.09278
2025-09-11 22:00:00,25.86,3.17,24.325188
2025-09-11 23:00:00,25.82,2.87,20.075956
2025-09-12 00:00:00,25.79,2.4,18.720587
2025-09-12 01:00:00,25.63,1.94,18.695446
2025-09-12 02:00:00,25.42,1.55,18.691452
2025-09-12 03:00:00,25.14,1.26,18.681782
2025-09-12 04:00:00,24.74,1.41,18.730415
2025-09-12 05:00:00,24.46,1.42,19.731813
2025-09-12 06:00:00,24.66,1.18,20.137941
2025-09-12 07:00:00,25.9,1.42,23.680758
2025-09-12 08:00:00,27.34,1.42,24.022032
2025-09-12 09:00:00,28.53,16.04,24.27597
2025-09-12 10:00:00,29.3,19.08,24.64272
2025-09-12 11:00:00,29.71,27.49,25.329865
2025-09-12 12:00:00,29.82,39.5,25.37852
2025-09-12 13:00:00,29.69,54.18,25.306877
2025-09-12 14:00:00,29.46,43.51,25.306877
2025-09-12 15:00:00,29.3,23.66,25.360828
2025-09-12 16:00:00,28.89,17.3,25.607107
2025-09-12 17:00:00,28.09,17.55,23.915833
2025-09-12 18:00:00,27.04,16.04,23.483503
2025-09-12 19:00:00,26.52,14.52,22.914436
2025-09-12 20:00:00,26.32,10.56,23.804264
2025-09-12 21:00:00,26.13,7.66,24.18986
2025-09-12 22:00:00,25.97,7.41,23.714243
2025-09-12 23:00:00,25.83,7.01,19.210764
2025-09-13 00:00:00,25.68,8.06,19.090979
2025-09-13 01:00:00,25.54,9.98,19.065838
2025-09-13 02:00:00,25.41,10.06,18.965918
2025-09-13 03:00:00,25.31,9.35,18.956247
2025-09-13 04:00:00,25.21,7.25,18.956247
2025-09-13 05:00:00,25.19,6.57,19.4992
2025-09-13 06:00:00,25.52,6.93,20.00504
2025-09-13 07:00:00,26.75,14.27,22.055851
2025-09-13 08:00:00,27.58,16.21,21.921944
2025-09-13 09:00:00,28.4,2.65,21.964504
2025-09-13 10:00:00,29.06,2.84,21.781578
2025-09-13 11:00:00,29.48,3.75,22.482605
2025-09-13 12:00:00,29.67,3.49,22.373442
2025-09-13 13:00:00,29.7,2.92,22.457891
2025-09-13 14:00:00,29.64,2.47,22.457891
2025-09-13 15:00:00,29.31,1.38,22.452152
2025-09-13 16:00:00,28.75,0.93,23.003288
2025-09-13 17:00:00,27.93,0.89,21.929296
2025-09-13 18:00:00,27.04,0.64,22.429817
2025-09-13 19:00:00,26.61,0.42,22.429817
2025-09-13 20:00:00,26.39,0.35,23.319645
2025-09-13 21:00:00,26.23,0.29,24.033932
2025-09-13 22:00:00,26.12,0.23,23.94822
2025-09-13 23:00:00,26.0,0.35,19.760143
2025-09-14 00:00:00,25.92,0.49,18.941717
2025-09-14 01:00:00,25.83,0.77,18.916576
2025-09-14 02:00:00,25.77,1.55,18.703217
2025-09-14 03:00:00,25.74,2.31,18.693544
2025-09-14 04:00:00,25.73,2.55,18.693544
2025-09-14 05:00:00,25.79,2.54,19.23285
2025-09-14 06:00:00,25.86,3.03,19.738688
2025-09-14 07:00:00,26.87,3.85,21.95385
2025-09-14 08:00:00,27.82,3.97,21.830666
2025-09-14 09:00:00,28.52,12.84,21.79593
2025-09-14 10:00:00,29.12,14.44,21.515444
2025-09-14 11:00:00,29.57,14.7,22.332588
2025-09-14 12:00:00,29.9,17.74,22.223427
2025-09-14 13:00:00,29.98,15.99,22.27022
2025-09-14 14:00:00,29.87,14.87,22.27022
2025-09-14 15:00:00,29.55,13.41,22.26448
2025-09-14 16:00:00,28.97,14.54,23.028902
2025-09-14 17:00:00,28.21,12.23,22.044474
2025-09-14 18:00:00,27.18,9.23,22.544994
2025-09-14 19:00:00,26.73,9.47,22.544994
2025-09-14 20:00:00,26.56,11.67,23.434822
2025-09-14 21:00:00,26.43,13.14,24.234627
2025-09-14 22:00:00,26.33,13.27,24.148914
2025-09-14 23:00:00,26.25,16.07,20.091537
2025-09-15 00:00:00,26.15,18.98,18.520666
2025-09-15 01:00:00,26.04,17.02,18.365707
2025-09-15 02:00:00,25.96,13.65,18.361425
2025-09-15 03:00:00,25.87,9.99,18.62522
2025-09-15 04:00:00,25.81,6.9,18.62522
2025-09-15 05:00:00,25.75,4.12,19.620613
2025-09-15 06:00:00,25.78,3.26,19.846218
2025-09-15 07:00:00,26.5,2.71,23.52958
2025-09-15 08:00:00,27.1,2.72,23.93514
2025-09-15 09:00:00,27.66,4.71,24.165577
2025-09-15 10:00:00,28.22,6.21,24.673874
2025-09-15 11:00:00,28.67,6.51,25.668648
2025-09-15 12:00:00,29.0,10.15,25.660955
2025-09-15 13:00:00,29.2,16.04,25.589314
2025-09-15 14:00:00,29.31,23.68,25.589314
2025-09-15 15:00:00,29.21,25.0,25.643265
2025-09-15 16:00:00,28.93,19.54,26.09706
2025-09-15 17:00:00,28.45,10.73,24.61914
2025-09-15 18:00:00,27.73,11.39,24.041895
2025-09-15 19:00:00,27.4,6.38,23.373348
2025-09-15 20:00:00,27.11,6.57,24.522532
2025-09-15 21:00:00,26.87,7.43,24.773176
2025-09-15 22:00:00,26.64,12.16,24.005585
2025-09-15 23:00:00,26.39,19.08,19.836292
2025-09-16 00:00:00,26.17,29.3,19.285492
2025-09-16 01:00:00,26.0,41.01,19.340117
2025-09-16 02:00:00,25.86,43.81,19.116474
2025-09-16 03:00:00,25.79,38.19,19.116474
2025-09-16 04:00:00,25.75,33.24,19.116474
2025-09-16 05:00:00,25.72,28.16,20.146318
2025-09-16 06:00:00,25.79,21.33,20.507587
2025-09-16 07:00:00,26.64,18.49,23.97139
2025-09-16 08:00:00,27.46,14.95,24.643385
2025-09-16 09:00:00,28.04,4.46,25.190304
2025-09-16 10:00:00,28.34,2.41,25.47599
2025-09-16 11:00:00,28.73,1.46,26.456009
2025-09-16 12:00:00,28.97,1.38,26.3797
2025-09-16 13:00:00,29.08,0.83,26.308058
2025-09-16 14:00:00,28.92,1.49,26.308058
2025-09-16 15:00:00,28.56,1.96,26.291986
2025-09-16 16:00:00,28.18,1.71,26.700851
2025-09-16 17:00:00,27.67,1.67,25.29155
2025-09-16 18:00:00,26.87,1.07,24.85922
2025-09-16 19:00:00,26.47,1.12,24.190676
2025-09-16 20:00:00,26.26,1.25,24.865118
2025-09-16 21:00:00,26.08,0.95,25.115763
2025-09-16 22:00:00,25.94,1.47,24.348171
2025-09-16 23:00:00,25.81,2.35,20.21448
2025-09-17 00:00:00,25.71,2.26,19.345697
2025-09-17 01:00:00,25.62,2.5,19.345697
2025-09-17 02:00:00,25.55,2.43,19.293283
2025-09-17 03:00:00,25.47,2.17,19.293283
2025-09-17 04:00:00,25.41,2.07,19.293283
2025-09-17 05:00:00,25.35,2.12,20.323128
2025-09-17 06:00:00,25.48,2.09,20.684397
2025-09-17 07:00:00,26.65,2.19,24.13624
2025-09-17 08:00:00,27.2,4.48,24.671623
2025-09-17 09:00:00,27.72,0.36,25.178347
2025-09-17 10:00:00,28.35,0.61,25.464031
2025-09-17 11:00:00,28.97,0.68,26.239271
2025-09-17 12:00:00,29.38,0.68,26.3797
2025-09-17 13:00:00,29.5,0.67,26.308058
2025-09-17 14:00:00,29.44,0.56,26.308058
2025-09-17 15:00:00,29.26,0.35,26.291986
2025-09-17 16:00:00,28.86,0.37,26.805573
2025-09-17 17:00:00,28.19,0.31,25.29155
2025-09-17 18:00:00,26.97,0.18,24.85922
2025-09-17 19:00:00,26.32,0.16,24.190676
2025-09-17 20:00:00,26.0,0.14,24.865118
2025-09-17 21:00:00,25.75,0.31,25.115763
2025-09-17 22:00:00,25.49,0.46,24.348171
2025-09-17 23:00:00,25.27,0.6,20.149696
2025-09-18 00:00:00,25.08,0.53,19.106594
2025-09-18 01:00:00,24.91,0.79,19.130087
2025-09-18 02:00:00,24.81,0.9,19.077673
2025-09-18 03:00:00,24.72,0.49,19.077673
2025-09-18 04:00:00,24.65,0.36,19.077673
2025-09-18 05:00:00,24.58,0.26,20.107517
2025-09-18 06:00:00,24.61,0.11,20.468784
2025-09-18 07:00:00,26.31,0.14,23.923468
2025-09-18 08:00:00,27.67,0.1,24.315414
2025-09-18 09:00:00,28.76,0.25,24.84948
2025-09-18 10:00:00,29.71,0.18,25.020977
2025-09-18 11:00:00,30.37,0.19,25.874846
2025-09-18 12:00:00,30.75,0.35,25.973267
2025-09-18 13:00:00,30.91,0.38,25.901625
2025-09-18 14:00:00,30.8,0.56,25.901625
2025-09-18 15:00:00,30.37,0.55,25.955576
2025-09-18 16:00:00,29.64,0.45,26.508112
2025-09-18 17:00:00,28.68,0.65,25.098812
2025-09-18 18:00:00,27.09,0.54,24.56176
2025-09-18 19:00:00,26.4,0.73,23.992695
2025-09-18 20:00:00,26.12,1.38,24.726593
2025-09-18 21:00:00,25.88,2.24,25.09278
2025-09-18 22:00:00,25.63,3.3,24.325188
2025-09-18 23:00:00,25.44,4.27,20.011171
2025-09-19 00:00:00,25.24,4.51,18.720587
2025-09-19 01:00:00,25.06,4.31,18.695446
2025-09-19 02:00:00,24.91,3.83,18.740086
2025-09-19 03:00:00,24.76,1.22,18.730415
2025-09-19 04:00:00,24.65,0.33,18.730415
2025-09-19 05:00:00,24.52,0.32,19.731813
2025-09-19 06:00:00,24.64,0.33,20.137941
2025-09-19 07:00:00,26.13,0.29,23.855873
2025-09-19 08:00:00,27.55,0.24,24.121761
2025-09-19 09:00:00,28.86,0.29,24.27597
2025-09-19 10:00:00,29.96,0.41,24.633255
2025-09-19 11:00:00,30.75,0.4,25.290915
2025-09-19 12:00:00,31.33,0.29,25.152756
2025-09-19 13:00:00,31.6,0.2,25.081114
2025-09-19 14:00:00,31.48,0.17,25.081114
2025-09-19 15:00:00,31.23,0.14,25.135065
2025-09-19 16:00:00,30.87,0.19,24.273518
2025-09-19 17:00:00,30.23,0.12,23.981604
2025-09-19 18:00:00,28.63,0.12,23.54803
2025-09-19 19:00:00,27.68,0.2,22.774761
2025-09-19 20:00:00,27.21,0.26,23.704784
2025-09-19 21:00:00,26.9,0.52,24.09038
2025-09-19 22:00:00,26.66,0.68,23.714243
2025-09-19 23:00:00,26.46,1.13,19.210764
2025-09-20 00:00:00,26.25,1.2,19.000515
2025-09-20 01:00:00,26.09,1.28,19.065838
2025-09-20 02:00:00,25.96,1.43,18.965918
2025-09-20 03:00:00,25.86,1.65,18.956247
2025-09-20 04:00:00,25.77,1.58,18.956247
2025-09-20 05:00:00,25.72,1.75,19.4992
2025-09-20 06:00:00,25.86,1.62,20.00504
2025-09-20 07:00:00,27.14,1.64,22.055851
2025-09-20 08:00:00,29.17,1.56,21.9602
2025-09-20 09:00:00,30.23,2.72,21.793415
2025-09-20 10:00:00,30.67,2.92,21.733164
2025-09-20 11:00:00,30.88,2.81,22.443655
2025-09-20 12:00:00,30.9,3.26,22.334492
2025-09-20 13:00:00,30.6,3.38,22.418941
2025-09-20 14:00:00,30.3,4.6,22.418941
2025-09-20 15:00:00,29.88,4.73,22.452152
2025-09-20 16:00:00,29.48,4.13,23.003288
2025-09-20 17:00:00,29.01,3.33,22.03402
2025-09-20 18:00:00,28.33,2.64,22.494345
2025-09-20 19:00:00,28.19,2.26,22.389624
2025-09-20 20:00:00,28.02,2.22,23.164175
2025-09-20 21:00:00,27.72,2.12,23.993736
2025-09-20 22:00:00,27.46,2.17,23.908024
2025-09-20 23:00:00,27.31,2.37,20.045788
2025-09-21 00:00:00,26.64,2.66,18.851252
2025-09-21 01:00:00,26.33,2.73,18.82611
2025-09-21 02:00:00,26.18,3.28,18.87833
2025-09-21 03:00:00,26.04,3.23,18.693544
2025-09-21 04:00:00,25.95,2.64,18.693544
2025-09-21 05:00:00,25.9,2.41,19.23285
2025-09-21 06:00:00,25.96,2.12,19.738688
2025-09-21 07:00:00,26.84,1.57,21.95385
2025-09-21 08:00:00,27.83,1.79,21.830666
2025-09-21 09:00:00,29.43,3.29,21.529306
2025-09-21 10:00:00,30.5,3.08,21.46703
2025-09-21 11:00:00,30.69,3.59,22.293638
2025-09-21 12:00:00,30.76,4.42,22.184475
2025-09-21 13:00:00,30.83,5.08,22.23127
2025-09-21 14:00:00,30.78,5.45,22.23127
2025-09-21 15:00:00,30.74,6.04,22.22553
2025-09-21 16:00:00,30.33,5.75,22.989952
2025-09-21 17:00:00,29.35,4.84,22.13693
2025-09-21 18:00:00,28.11,4.95,22.5048
2025-09-21 19:00:00,27.51,5.34,22.5048
2025-09-21 20:00:00,27.11,6.05,23.434822
2025-09-21 21:00:00,26.83,7.26,23.833302
2025-09-21 22:00:00,26.57,7.85,24.148914
2025-09-21 23:00:00,26.37,8.54,20.091537
2025-09-22 00:00:00,26.21,8.67,18.192038
2025-09-22 01:00:00,26.08,8.19,18.365707
2025-09-22 02:00:00,25.97,7.31,18.361425
2025-09-22 03:00:00,25.91,6.47,18.62522
2025-09-22 04:00:00,25.95,5.02,18.62522
2025-09-22 05:00:00,26.12,3.52,19.756216
2025-09-22 06:00:00,26.19,2.91,19.98182
2025-09-22 07:00:00,26.73,3.91,23.52958
2025-09-22 08:00:00,27.53,6.72,23.708376
2025-09-22 09:00:00,28.18,8.8,24.165577
2025-09-22 10:00:00,28.33,12.44,24.778597
2025-09-22 11:00:00,28.42,16.91,25.668648
2025-09-22 12:00:00,28.54,19.24,25.592339
2025-09-22 13:00:00,28.6,21.78,25.520697
2025-09-22 14:00:00,28.58,23.52,25.520697
2025-09-22 15:00:00,28.41,21.58,25.574646
2025-09-22 16:00:00,28.21,18.6,25.92372
2025-09-22 17:00:00,27.83,16.77,24.514418
2025-09-22 18:00:00,27.15,14.59,24.268658
2025-09-22 19:00:00,27.08,11.6,23.600111
2025-09-22 20:00:00,27.07,9.0,24.522532
2025-09-22 21:00:00,27.04,7.7,24.773176
2025-09-22 22:00:00,26.83,7.18,24.005585
2025-09-22 23:00:00,26.51,6.22,19.836292
2025-09-23 00:00:00,26.23,4.47,19.000557
2025-09-23 01:00:00,26.02,5.78,19.340117
2025-09-23 02:00:00,25.87,8.23,19.116474
2025-09-23 03:00:00,25.68,13.68,19.116474
2025-09-23 04:00:00,25.47,20.09,19.116474
2025-09-23 05:00:00,25.31,29.51,20.146318
2025-09-23 06:00:00,25.25,45.69,20.507587
2025-09-23 07:00:00,26.17,78.55,23.97139
2025-09-23 08:00:00,27.89,109.38,24.643385
2025-09-23 09:00:00,29.08,88.25,25.17745
2025-09-23 10:00:00,29.47,75.74,25.348948
2025-09-23 11:00:00,29.83,58.58,25.725367
2025-09-23 12:00:00,29.89,44.78,26.3797
2025-09-23 13:00:00,29.82,38.08,26.308058
2025-09-23 14:00:00,29.45,32.43,26.308058
2025-09-23 15:00:00,28.89,26.5,26.291986
2025-09-23 16:00:00,28.29,21.97,26.700851
2025-09-23 17:00:00,27.69,18.11,25.29155
2025-09-23 18:00:00,26.97,14.85,24.85922
2025-09-23 19:00:00,26.65,11.98,24.190676
2025-09-23 20:00:00,26.54,10.35,24.865118
2025-09-23 21:00:00,26.53,9.28,25.115763
2025-09-23 22:00:00,26.51,8.11,24.348171
2025-09-23 23:00:00,26.3,7.18,20.21448
2025-09-24 00:00:00,26.0,7.04,19.345697
2025-09-24 01:00:00,25.71,7.18,19.345697
2025-09-24 02:00:00,25.49,6.44,19.293283
2025-09-24 03:00:00,25.28,4.74,19.293283
2025-09-24 04:00:00,25.09,4.19,19.293283
2025-09-24 05:00:00,24.98,4.97,20.371761
2025-09-24 06:00:00,24.96,7.18,20.733027
2025-09-24 07:00:00,25.5,8.29,24.188814
2025-09-24 08:00:00,26.22,7.39,24.671623
2025-09-24 09:00:00,27.23,9.22,25.21854
2025-09-24 10:00:00,28.36,8.8,25.464031
2025-09-24 11:00:00,29.15,7.35,26.239271
2025-09-24 12:00:00,29.62,5.25,26.3797
2025-09-24 13:00:00,29.88,4.93,26.308058
2025-09-24 14:00:00,29.97,5.75,26.308058
2025-09-24 15:00:00,29.86,5.78,26.291986
2025-09-24 16:00:00,29.47,5.86,26.805573
2025-09-24 17:00:00,28.77,6.31,25.396273
2025-09-24 18:00:00,27.82,5.72,24.819027
2025-09-24 19:00:00,27.31,4.37,24.05075
2025-09-24 20:00:00,26.98,3.29,24.865118
2025-09-24 21:00:00,26.72,3.02,25.115763
2025-09-24 22:00:00,26.48,2.45,24.348171
2025-09-24 23:00:00,26.24,2.14,20.21448
2025-09-25 00:00:00,25.98,1.93,19.106594
2025-09-25 01:00:00,25.71,1.51,19.081453
2025-09-25 02:00:00,25.46,1.09,19.02904
2025-09-25 03:00:00,25.23,0.65,19.02904
2025-09-25 04:00:00,25.0,0.62,19.02904
2025-09-25 05:00:00,24.8,0.76,20.107517
2025-09-25 06:00:00,24.76,0.68,20.468784
2025-09-25 07:00:00,25.65,0.53,23.92457
2025-09-25 08:00:00,26.86,0.57,24.35561
2025-09-25 09:00:00,28.39,0.5,24.967058
2025-09-25 10:00:00,29.43,0.94,25.020977
2025-09-25 11:00:00,30.32,1.44,25.874846
2025-09-25 12:00:00,30.85,1.77,25.973267
2025-09-25 13:00:00,30.98,2.13,25.901625
2025-09-25 14:00:00,30.47,2.02,25.901625
2025-09-25 15:00:00,29.82,1.78,25.994526
2025-09-25 16:00:00,29.21,1.74,26.508112
2025-09-25 17:00:00,28.42,1.68,25.098812
2025-09-25 18:00:00,27.66,1.54,24.521566
2025-09-25 19:00:00,27.29,1.5,23.893215
2025-09-25 20:00:00,27.08,1.33,24.627113
2025-09-25 21:00:00,26.93,1.0,24.9933
2025-09-25 22:00:00,26.76,0.95,24.225708
2025-09-25 23:00:00,26.54,0.77,20.075956
2025-09-26 00:00:00,26.23,0.57,18.630121
2025-09-26 01:00:00,25.91,0.32,18.695446
2025-09-26 02:00:00,25.67,0.38,18.691452
2025-09-26 03:00:00,25.48,0.38,18.681782
2025-09-26 04:00:00,25.36,0.41,18.681782
2025-09-26 05:00:00,25.28,0.46,19.68318
2025-09-26 06:00:00,25.37,0.65,20.08931
2025-09-26 07:00:00,26.29,0.8,23.855873
2025-09-26 08:00:00,27.0,1.55,24.161957
2025-09-26 09:00:00,27.79,1.71,24.288828
2025-09-26 10:00:00,28.25,1.95,24.604464
2025-09-26 11:00:00,28.56,2.06,25.288218
2025-09-26 12:00:00,28.79,4.02,25.327408
2025-09-26 13:00:00,28.93,13.98,25.306877
2025-09-26 14:00:00,28.83,35.33,25.255766
2025-09-26 15:00:00,28.37,50.3,25.309717
2025-09-26 16:00:00,27.74,53.27,25.502384
2025-09-26 17:00:00,27.09,44.21,23.956028
2025-09-26 18:00:00,26.34,34.16,23.582983
2025-09-26 19:00:00,26.05,26.61,22.914436
2025-09-26 20:00:00,25.92,21.58,23.804264
2025-09-26 21:00:00,25.84,19.62,24.18986
2025-09-26 22:00:00,25.73,19.89,23.714243
2025-09-26 23:00:00,25.65,22.37,19.210764
2025-09-27 00:00:00,25.53,27.33,19.090979
2025-09-27 01:00:00,25.46,30.45,19.065838
2025-09-27 02:00:00,25.42,28.27,18.965918
2025-09-27 03:00:00,25.43,20.51,18.956247
2025-09-27 04:00:00,25.51,11.34,18.956247
2025-09-27 05:00:00,25.63,6.56,19.4992
2025-09-27 06:00:00,25.71,4.92,20.00504
2025-09-27 07:00:00,26.05,4.99,21.880735
2025-09-27 08:00:00,26.63,5.74,21.962137
2025-09-27 09:00:00,27.27,6.77,22.017553
2025-09-27 10:00:00,28.02,7.71,21.890652
2025-09-27 11:00:00,28.73,7.67,22.440958
2025-09-27 12:00:00,29.32,7.61,22.373442
2025-09-27 13:00:00,29.57,7.23,22.457891
2025-09-27 14:00:00,29.61,6.44,22.457891
2025-09-27 15:00:00,29.38,5.64,22.452152
2025-09-27 16:00:00,28.85,4.76,23.003288
2025-09-27 17:00:00,27.99,3.73,21.929296
2025-09-27 18:00:00,26.89,3.26,22.429817
2025-09-27 19:00:00,26.45,2.82,22.429817
2025-09-27 20:00:00,26.2,2.82,23.319645
2025-09-27 21:00:00,25.98,2.68,24.033932
2025-09-27 22:00:00,25.76,2.59,23.94822
2025-09-27 23:00:00,25.56,2.34,19.760143
2025-09-28 00:00:00,25.36,2.23,18.941717
2025-09-28 01:00:00,25.17,2.28,18.916576
2025-09-28 02:00:00,25.05,2.22,18.703217
2025-09-28 03:00:00,24.95,1.69,18.742178
2025-09-28 04:00:00,24.85,1.73,18.742178
2025-09-28 05:00:00,24.75,1.69,19.281483
2025-09-28 06:00:00,24.82,1.95,19.787321
2025-09-28 07:00:00,26.2,1.94,21.95385
2025-09-28 08:00:00,27.06,1.74,21.870861
2025-09-28 09:00:00,27.89,1.33,21.808784
2025-09-28 10:00:00,28.8,2.04,21.52771
2025-09-28 11:00:00,29.43,2.19,22.332588
2025-09-28 12:00:00,29.83,1.98,22.223427
2025-09-28 13:00:00,29.82,1.85,22.27022
2025-09-28 14:00:00,29.62,1.62,22.27022
2025-09-28 15:00:00,29.24,1.44,22.26448
2025-09-28 16:00:00,28.51,1.21,23.041168
2025-09-28 17:00:00,27.65,1.02,22.044474
2025-09-28 18:00:00,26.72,0.79,22.544994
2025-09-28 19:00:00,26.32,0.67,22.544994
2025-09-28 20:00:00,26.13,0.51,23.434822
2025-09-28 21:00:00,26.02,0.44,24.234627
2025-09-28 22:00:00,25.91,0.51,24.148914
2025-09-28 23:00:00,25.81,0.61,20.091537
2025-09-29 00:00:00,25.71,0.78,18.365707
2025-09-29 01:00:00,25.63,0.98,18.365707
2025-09-29 02:00:00,25.6,0.95,18.361425
2025-09-29 03:00:00,25.61,1.06,18.62522
2025-09-29 04:00:00,25.62,0.97,18.62522
2025-09-29 05:00:00,25.6,0.84,19.620613
2025-09-29 06:00:00,25.57,0.72,19.846218
2025-09-29 07:00:00,26.64,0.59,23.52958
2025-09-29 08:00:00,28.29,0.74,23.708376
2025-09-29 09:00:00,29.24,1.13,24.22134
2025-09-29 10:00:00,29.78,1.72,24.55749
2025-09-29 11:00:00,30.25,2.03,25.495512
2025-09-29 12:00:00,30.5,2.29,25.622005
2025-09-29 13:00:00,30.57,2.53,25.550364
2025-09-29 14:00:00,30.44,2.49,25.550364
2025-09-29 15:00:00,29.94,2.45,25.643265
2025-09-29 16:00:00,29.52,2.12,26.09706
2025-09-29 17:00:00,28.73,1.67,24.61914
2025-09-29 18:00:00,27.7,1.66,24.041895
2025-09-29 19:00:00,27.21,2.26,23.600111
2025-09-29 20:00:00,26.91,2.94,24.522532
2025-09-29 21:00:00,26.65,3.67,24.773176
2025-09-29 22:00:00,26.43,4.38,24.005585
2025-09-29 23:00:00,26.25,5.25,19.836292
2025-09-30 00:00:00,26.1,5.52,19.285492
2025-09-30 01:00:00,26.0,5.84,19.340117
2025-09-30 02:00:00,25.93,5.71,19.116474
2025-09-30 03:00:00,25.79,5.32,19.116474
2025-09-30 04:00:00,25.59,4.23,19.116474
2025-09-30 05:00:00,25.46,3.67,20.146318
2025-09-30 06:00:00,25.45,3.18,20.507587
2025-09-30 07:00:00,26.24,2.91,23.97139
2025-09-30 08:00:00,27.14,3.11,24.68358
2025-09-30 09:00:00,28.16,2.52,25.190304
2025-09-30 10:00:00,29.13,2.76,25.358412
2025-09-30 11:00:00,29.8,2.95,25.725367
2025-09-30 12:00:00,30.27,3.17,26.34075
2025-09-30 13:00:00,30.44,3.49,26.269108
2025-09-30 14:00:00,30.52,3.52,26.269108
2025-09-30 15:00:00,30.35,4.06,26.253035
2025-09-30 16:00:00,30.18,4.2,26.766623
2025-09-30 17:00:00,29.56,3.94,25.396273
2025-09-30 18:00:00,28.36,3.96,24.923748
2025-09-30 19:00:00,27.7,4.26,24.15048
2025-09-30 20:00:00,27.28,4.12,24.865118
2025-09-30 21:00:00,27.01,4.92,25.115763
2025-09-30 22:00:00,26.83,5.87,24.348171
2025-09-30 23:00:00,26.71,6.4,20.21448
2025-10-01 00:00:00,26.66,5.51,18.540651
2025-10-01 01:00:00,26.6,4.22,18.540651
2025-10-01 02:00:00,26.42,3.39,18.46888
2025-10-01 03:00:00,25.93,2.2,18.74089
2025-10-01 04:00:00,25.6,1.59,18.74089
2025-10-01 05:00:00,25.47,1.46,19.383947
2025-10-01 06:00:00,25.49,1.97,20.232677
2025-10-01 07:00:00,26.23,2.7,23.936657
2025-10-01 08:00:00,26.87,3.98,24.472038
2025-10-01 09:00:00,27.78,8.37,24.831934
2025-10-01 10:00:00,28.67,10.69,25.130167
2025-10-01 11:00:00,29.24,12.73,26.022985
2025-10-01 12:00:00,29.71,15.04,26.163412
2025-10-01 13:00:00,30.01,19.63,26.05282
2025-10-01 14:00:00,29.94,23.75,26.09177
2025-10-01 15:00:00,29.69,26.6,26.075699
2025-10-01 16:00:00,29.25,24.58,26.047518
2025-10-01 17:00:00,28.51,21.28,24.638218
2025-10-01 18:00:00,27.71,24.16,23.951824
2025-10-01 19:00:00,27.44,34.99,23.283278
2025-10-01 20:00:00,27.2,36.36,24.144745
2025-10-01 21:00:00,26.97,21.58,24.540882
2025-10-01 22:00:00,26.75,13.18,23.362375
2025-10-01 23:00:00,26.69,16.34,19.118986
2025-10-02 00:00:00,26.54,26.06,18.43198
2025-10-02 01:00:00,26.35,39.55,18.40684
2025-10-02 02:00:00,26.23,51.87,18.33507
2025-10-02 03:00:00,25.99,65.44,18.472118
2025-10-02 04:00:00,25.81,79.43,18.472118
2025-10-02 05:00:00,25.65,92.86,19.115177
2025-10-02 06:00:00,25.48,99.95,19.963907
2025-10-02 07:00:00,25.5,110.91,23.585049
2025-10-02 08:00:00,25.84,151.86,24.11667
2025-10-02 09:00:00,26.32,292.76,24.797897
2025-10-02 10:00:00,26.73,254.94,25.108988
2025-10-02 11:00:00,27.05,236.73,25.884228
2025-10-02 12:00:00,27.31,212.67,25.833258
2025-10-02 13:00:00,27.6,154.29,25.714518
2025-10-02 14:00:00,27.64,96.73,25.714518
2025-10-02 15:00:00,27.36,64.99,25.815567
2025-10-02 16:00:00,26.93,50.45,25.92731
2025-10-02 17:00:00,26.51,41.83,24.518011
2025-10-02 18:00:00,26.16,31.6,24.427498
2025-10-02 19:00:00,26.03,21.05,23.592823
2025-10-02 20:00:00,26.01,11.38,24.326721
2025-10-02 21:00:00,25.98,5.53,24.8384
2025-10-02 22:00:00,25.88,3.92,23.659895
2025-10-02 23:00:00,25.66,2.87,19.1741
2025-10-03 00:00:00,25.46,2.41,18.187572
2025-10-03 01:00:00,25.29,1.77,18.162432
2025-10-03 02:00:00,25.14,1.38,18.158438
2025-10-03 03:00:00,25.0,1.05,18.148767
2025-10-03 04:00:00,24.89,0.83,18.148767
2025-10-03 05:00:00,24.82,0.59,18.76338
2025-10-03 06:00:00,24.87,0.44,19.65697
2025-10-03 07:00:00,26.11,0.41,23.675667
2025-10-03 08:00:00,27.34,0.43,23.941303
2025-10-03 09:00:00,28.47,0.3,24.048414
2025-10-03 10:00:00,29.44,0.39,24.340721
2025-10-03 11:00:00,30.19,0.55,24.99838
2025-10-03 12:00:00,30.64,0.82,24.868917
2025-10-03 13:00:00,30.79,1.63,24.797276
2025-10-03 14:00:00,30.68,2.64,24.797276
2025-10-03 15:00:00,30.29,4.03,24.851225
2025-10-03 16:00:00,29.58,5.36,24.772804
2025-10-03 17:00:00,28.69,5.76,23.381357
2025-10-03 18:00:00,27.77,6.81,22.694965
2025-10-03 19:00:00,27.45,7.67,22.026419
2025-10-03 20:00:00,27.3,7.99,22.963345
2025-10-03 21:00:00,27.16,8.51,23.63436
2025-10-03 22:00:00,27.07,7.46,22.747826
2025-10-03 23:00:00,26.98,6.18,18.543024
2025-10-04 00:00:00,26.85,5.04,18.781078
2025-10-04 01:00:00,26.66,4.16,18.755938
2025-10-04 02:00:00,26.54,2.81,18.636662
2025-10-04 03:00:00,26.42,2.34,18.626991
2025-10-04 04:00:00,26.32,2.08,18.626991
2025-10-04 05:00:00,26.17,2.01,19.491425
2025-10-04 06:00:00,26.0,1.78,19.650196
2025-10-04 07:00:00,26.43,1.64,21.139187
2025-10-04 08:00:00,27.06,2.0,21.045473
2025-10-04 09:00:00,28.55,0.96,20.760887
2025-10-04 10:00:00,29.97,1.06,20.490494
2025-10-04 11:00:00,30.88,1.11,21.162035
2025-10-04 12:00:00,31.42,1.09,20.68794
2025-10-04 13:00:00,31.56,1.11,20.77239
2025-10-04 14:00:00,31.55,1.21,20.77239
2025-10-04 15:00:00,31.48,1.43,20.766651
2025-10-04 16:00:00,30.68,1.4,20.054441
2025-10-04 17:00:00,29.36,1.38,20.418762
2025-10-04 18:00:00,28.0,1.31,20.66522
2025-10-04 19:00:00,27.55,1.36,20.927893
2025-10-04 20:00:00,27.25,1.44,22.004745
2025-10-04 21:00:00,27.02,1.4,22.864523
2025-10-04 22:00:00,26.79,1.39,22.367897
2025-10-04 23:00:00,26.58,1.23,18.524893
2025-10-05 00:00:00,26.37,1.47,18.249416
2025-10-05 01:00:00,26.2,1.4,18.224276
2025-10-05 02:00:00,26.02,1.33,18.384914
2025-10-05 03:00:00,25.86,1.32,18.375244
2025-10-05 04:00:00,25.73,1.4,18.375244
2025-10-05 05:00:00,25.6,1.66,18.914547
2025-10-05 06:00:00,25.51,1.7,19.383842
2025-10-05 07:00:00,26.03,1.9,20.675997
2025-10-05 08:00:00,26.8,2.1,20.954197
2025-10-05 09:00:00,28.15,0.81,20.605167
2025-10-05 10:00:00,29.7,0.71,20.22436
2025-10-05 11:00:00,30.44,0.53,21.012018
2025-10-05 12:00:00,30.55,0.5,20.724737
2025-10-05 13:00:00,30.49,0.45,20.771532
2025-10-05 14:00:00,30.36,0.53,20.771532
2025-10-05 15:00:00,30.22,0.59,20.765793
2025-10-05 16:00:00,29.93,0.58,21.413645
2025-10-05 17:00:00,29.08,0.69,20.521673
2025-10-05 18:00:00,27.82,0.96,21.04307
2025-10-05 19:00:00,27.21,1.39,21.230095
2025-10-05 20:00:00,26.78,1.72,22.11992
2025-10-05 21:00:00,26.47,2.28,23.065218
2025-10-05 22:00:00,26.23,3.02,22.56859
2025-10-05 23:00:00,26.04,3.61,19.054453
2025-10-06 00:00:00,25.85,4.72,18.098253
2025-10-06 01:00:00,25.66,7.0,18.098253
2025-10-06 02:00:00,25.48,9.05,18.093973
2025-10-06 03:00:00,25.37,9.58,18.357765
2025-10-06 04:00:00,25.3,8.2,18.357765
2025-10-06 05:00:00,25.23,5.94,18.966373
2025-10-06 06:00:00,25.25,3.2,19.67944
2025-10-06 07:00:00,26.11,1.77,23.825605
2025-10-06 08:00:00,27.41,1.17,23.813883
2025-10-06 09:00:00,28.79,5.63,24.258228
2025-10-06 10:00:00,29.68,4.67,24.662996
2025-10-06 11:00:00,29.94,3.44,25.465845
2025-10-06 12:00:00,30.08,2.93,25.727512
2025-10-06 13:00:00,30.15,2.87,25.65587
2025-10-06 14:00:00,30.18,3.04,25.65587
2025-10-06 15:00:00,29.98,3.47,25.748772
2025-10-06 16:00:00,29.45,3.65,25.660797
2025-10-06 17:00:00,28.44,2.74,24.182878
2025-10-06 18:00:00,27.27,2.45,23.870077
2025-10-06 19:00:00,26.77,2.2,23.201532
2025-10-06 20:00:00,26.43,1.73,24.123951
2025-10-06 21:00:00,26.23,1.67,24.520088
2025-10-06 22:00:00,26.12,1.87,23.666613
2025-10-06 23:00:00,26.09,2.36,19.26076
2025-10-07 00:00:00,26.07,2.36,18.787724
2025-10-07 01:00:00,25.81,1.93,18.787724
2025-10-07 02:00:00,25.5,1.85,18.564081
2025-10-07 03:00:00,25.21,1.85,18.564081
2025-10-07 04:00:00,25.01,2.13,18.564081
2025-10-07 05:00:00,24.86,2.17,19.207138
2025-10-07 06:00:00,24.78,2.56,20.05587
2025-10-07 07:00:00,25.51,3.14,23.677011
2025-10-07 08:00:00,26.41,3.96,24.483997
2025-10-07 09:00:00,28.29,1.58,24.843891
2025-10-07 10:00:00,29.36,1.34,25.142126
2025-10-07 11:00:00,29.74,1.13,25.509079
2025-10-07 12:00:00,30.0,0.88,26.124462
2025-10-07 13:00:00,30.15,0.89,26.05282
2025-10-07 14:00:00,30.23,1.02,26.05282
2025-10-07 15:00:00,30.08,1.18,26.036749
2025-10-07 16:00:00,29.92,1.49,26.047518
2025-10-07 17:00:00,29.23,1.94,24.638218
2025-10-07 18:00:00,28.12,2.72,23.951824
2025-10-07 19:00:00,27.4,3.64,23.283278
2025-10-07 20:00:00,26.98,4.24,24.144745
2025-10-07 21:00:00,26.73,4.46,24.540882
2025-10-07 22:00:00,26.65,4.13,23.362375
2025-10-07 23:00:00,26.61,3.84,19.118986
2025-10-08 00:00:00,26.41,3.44,18.540651
2025-10-08 01:00:00,26.03,2.9,18.793304
2025-10-08 02:00:00,25.68,2.83,18.74089
2025-10-08 03:00:00,25.4,2.94,18.74089
2025-10-08 04:00:00,25.23,2.96,18.74089
2025-10-08 05:00:00,25.13,2.45,19.383947
2025-10-08 06:00:00,25.11,11.9,20.232677
2025-10-08 07:00:00,25.73,10.18,23.853819
2025-10-08 08:00:00,26.76,9.29,24.472038
2025-10-08 09:00:00,27.97,11.45,24.831934
2025-10-08 10:00:00,28.86,9.99,25.130167
2025-10-08 11:00:00,29.47,9.79,26.013521
2025-10-08 12:00:00,29.7,9.34,26.163412
2025-10-08 13:00:00,29.68,8.43,26.09177
2025-10-08 14:00:00,29.48,7.48,26.09177
2025-10-08 15:00:00,29.28,6.76,26.075699
2025-10-08 16:00:00,28.74,6.54,26.047518
2025-10-08 17:00:00,28.08,6.05,24.533495
2025-10-08 18:00:00,27.21,6.02,24.13885
2025-10-08 19:00:00,26.78,6.2,23.470303
2025-10-08 20:00:00,26.46,6.38,24.144745
2025-10-08 21:00:00,26.24,6.66,24.540882
2025-10-08 22:00:00,26.04,7.37,23.687405
2025-10-08 23:00:00,25.89,7.38,19.317154
2025-10-09 00:00:00,25.85,6.84,18.549673
2025-10-09 01:00:00,25.8,5.7,18.524532
2025-10-09 02:00:00,25.63,5.02,18.472118
2025-10-09 03:00:00,25.34,4.08,18.472118
2025-10-09 04:00:00,25.06,3.18,18.472118
2025-10-09 05:00:00,24.88,3.43,19.115177
2025-10-09 06:00:00,24.77,3.14,19.963907
2025-10-09 07:00:00,25.46,2.93,23.585049
2025-10-09 08:00:00,26.47,2.73,24.250978
2025-10-09 09:00:00,27.81,2.9,24.610874
2025-10-09 10:00:00,28.53,2.87,24.909107
2025-10-09 11:00:00,28.75,3.16,25.801926
2025-10-09 12:00:00,28.88,5.92,25.890882
2025-10-09 13:00:00,28.93,7.88,25.81924
2025-10-09 14:00:00,28.82,9.89,25.81924
2025-10-09 15:00:00,28.61,11.78,25.873192
2025-10-09 16:00:00,28.34,12.44,25.84501
2025-10-09 17:00:00,27.65,8.21,24.330986
2025-10-09 18:00:00,26.74,6.46,23.93634
2025-10-09 19:00:00,26.32,5.82,23.267794
2025-10-09 20:00:00,26.07,5.64,24.326721
2025-10-09 21:00:00,25.9,5.69,24.8384
2025-10-09 22:00:00,25.82,5.34,23.659895
2025-10-09 23:00:00,25.78,6.12,19.1741
2025-10-10 00:00:00,25.77,6.59,18.187572
2025-10-10 01:00:00,25.68,6.35,18.162432
2025-10-10 02:00:00,25.51,5.39,18.158438
2025-10-10 03:00:00,25.09,4.09,18.148767
2025-10-10 04:00:00,24.74,4.38,18.148767
2025-10-10 05:00:00,24.45,3.74,18.76338
2025-10-10 06:00:00,24.18,4.05,20.249805
2025-10-10 07:00:00,25.17,4.42,23.36514
2025-10-10 08:00:00,26.21,8.72,24.081228
2025-10-10 09:00:00,27.27,10.07,24.248297
2025-10-10 10:00:00,28.14,9.85,24.507036
2025-10-10 11:00:00,28.78,9.92,25.19079
2025-10-10 12:00:00,29.19,5.33,24.907867
2025-10-10 13:00:00,29.4,5.61,24.836226
2025-10-10 14:00:00,29.34,6.02,24.836226
2025-10-10 15:00:00,29.08,6.32,24.890175
2025-10-10 16:00:00,28.62,6.56,24.96791
2025-10-10 17:00:00,27.86,5.39,23.276636
2025-10-10 18:00:00,26.61,6.18,22.881989
2025-10-10 19:00:00,26.1,5.19,22.538471
2025-10-10 20:00:00,25.82,4.29,23.428299
2025-10-10 21:00:00,25.64,4.61,23.959389
2025-10-10 22:00:00,25.52,4.78,23.072855
2025-10-10 23:00:00,25.56,5.7,18.332817
2025-10-11 00:00:00,25.53,6.62,18.772678
2025-10-11 01:00:00,25.29,7.86,18.747538
2025-10-11 02:00:00,24.8,8.49,18.647617
2025-10-11 03:00:00,24.39,7.61,19.23078
2025-10-11 04:00:00,24.04,6.8,19.23078
2025-10-11 05:00:00,23.78,5.7,20.070518
2025-10-11 06:00:00,23.67,5.3,20.539812
2025-10-11 07:00:00,24.8,5.23,20.828663
2025-10-11 08:00:00,26.02,6.77,20.73495
2025-10-11 09:00:00,27.27,5.17,21.10089
2025-10-11 10:00:00,28.18,6.32,20.461702
2025-10-11 11:00:00,28.75,7.1,21.159338
2025-10-11 12:00:00,29.07,7.33,20.913704
2025-10-11 13:00:00,29.24,7.86,20.998154
2025-10-11 14:00:00,29.16,8.75,20.998154
2025-10-11 15:00:00,28.86,7.96,20.941303
2025-10-11 16:00:00,28.42,7.39,21.388031
2025-10-11 17:00:00,27.65,6.73,20.454165
2025-10-11 18:00:00,26.61,5.54,21.114918
2025-10-11 19:00:00,26.25,5.02,21.114918
2025-10-11 20:00:00,26.05,4.05,22.329775
2025-10-11 21:00:00,25.81,4.03,23.189552
2025-10-11 22:00:00,25.52,4.98,22.692926
2025-10-11 23:00:00,25.19,6.52,18.921518
2025-10-12 00:00:00,24.85,6.73,17.913784
2025-10-12 01:00:00,24.52,6.43,17.888643
2025-10-12 02:00:00,24.22,6.6,18.977749
2025-10-12 03:00:00,23.95,5.81,18.968077
2025-10-12 04:00:00,23.67,3.47,19.353703
2025-10-12 05:00:00,23.43,2.81,24.364244
2025-10-12 06:00:00,23.24,2.18,20.087193
2025-10-12 07:00:00,23.9,2.0,21.26883
2025-10-12 08:00:00,24.69,1.92,20.593008
2025-10-12 09:00:00,26.25,3.91,20.932316
2025-10-12 10:00:00,27.42,2.74,20.399069
2025-10-12 11:00:00,28.27,5.75,20.967978
2025-10-12 12:00:00,28.87,8.86,20.775955
2025-10-12 13:00:00,29.24,14.73,20.810482
2025-10-12 14:00:00,29.37,16.56,20.810482
2025-10-12 15:00:00,29.24,13.6,20.804743
2025-10-12 16:00:00,28.86,19.14,21.425913
2025-10-12 17:00:00,27.93,7.59,20.429218
2025-10-12 18:00:00,26.35,6.86,21.230095
2025-10-12 19:00:00,25.84,8.28,21.555124
2025-10-12 20:00:00,25.47,11.24,22.44495
2025-10-12 21:00:00,25.17,16.12,23.390247
2025-10-12 22:00:00,24.96,18.25,22.89362
2025-10-12 23:00:00,24.8,30.25,19.046144
2025-10-13 00:00:00,24.64,46.9,18.098253
2025-10-13 01:00:00,24.45,61.26,18.098253
2025-10-13 02:00:00,24.4,64.72,18.093973
2025-10-13 03:00:00,24.45,77.35,18.357765
2025-10-13 04:00:00,24.42,76.9,18.357765
2025-10-13 05:00:00,24.35,91.79,19.559208
2025-10-13 06:00:00,24.28,79.62,20.272274
2025-10-13 07:00:00,24.78,84.21,23.554592
2025-10-13 08:00:00,25.61,99.04,23.960155
2025-10-13 09:00:00,26.62,1.94,24.644676
2025-10-13 10:00:00,27.51,2.75,24.77938
2025-10-13 11:00:00,28.12,3.11,25.669432
2025-10-13 12:00:00,28.46,3.43,25.697844
2025-10-13 13:00:00,28.45,3.46,25.626202
2025-10-13 14:00:00,28.01,3.63,25.52148
2025-10-13 15:00:00,27.48,3.3,25.57543
2025-10-13 16:00:00,27.01,2.99,25.86105
2025-10-13 17:00:00,26.48,2.98,24.451748
2025-10-13 18:00:00,25.8,3.01,24.361237
2025-10-13 19:00:00,25.48,2.65,23.526562
2025-10-13 20:00:00,25.28,1.83,24.44898
2025-10-13 21:00:00,25.09,1.54,24.845118
2025-10-13 22:00:00,24.95,1.29,23.666613
2025-10-13 23:00:00,24.84,1.39,18.989208
2025-10-14 00:00:00,24.71,1.34,18.787724
2025-10-14 01:00:00,24.59,1.19,18.787724
2025-10-14 02:00:00,24.47,1.17,18.564081
2025-10-14 03:00:00,24.34,1.12,19.156916
2025-10-14 04:00:00,24.17,1.04,19.156916
2025-10-14 05:00:00,24.03,1.05,19.799973
2025-10-14 06:00:00,23.98,0.81,20.409859
2025-10-14 07:00:00,25.25,0.73,23.677011
2025-10-14 08:00:00,26.29,0.8,24.483997
2025-10-14 09:00:00,27.25,0.3,25.030916
2025-10-14 10:00:00,28.09,0.32,25.154982
2025-10-14 11:00:00,28.62,0.3,26.239723
2025-10-14 12:00:00,28.94,0.24,26.163412
2025-10-14 13:00:00,29.12,0.18,26.09177
2025-10-14 14:00:00,29.09,0.13,26.09177
2025-10-14 15:00:00,28.84,0.06,26.075699
2025-10-14 16:00:00,28.28,0.05,25.942795
2025-10-14 17:00:00,27.36,0.04,24.580593
2025-10-14 18:00:00,26.06,0.02,24.630007
2025-10-14 19:00:00,25.55,0.01,23.795332
2025-10-14 20:00:00,25.15,0.0,24.469774
2025-10-14 21:00:00,24.82,0.0,24.919794
2025-10-14 22:00:00,24.52,0.01,23.741287
2025-10-14 23:00:00,24.26,0.03,20.043083
2025-10-15 00:00:00,23.96,0.04,19.386139
2025-10-15 01:00:00,23.69,0.06,19.682922
2025-10-15 02:00:00,23.39,0.02,19.615044
2025-10-15 03:00:00,23.13,0.01,19.638939
2025-10-15 04:00:00,22.92,0.0,19.394823
2025-10-15 05:00:00,22.73,0.0,19.966284
2025-10-15 06:00:00,22.61,0.0,20.815012
2025-10-15 07:00:00,23.88,0.0,24.25726
2025-10-15 08:00:00,25.26,0.0,24.389202
2025-10-15 09:00:00,26.98,0.0,25.018957
2025-10-15 10:00:00,27.95,0.0,25.143023
2025-10-15 11:00:00,28.67,0.0,26.022985
2025-10-15 12:00:00,29.14,0.0,26.163412
2025-10-15 13:00:00,29.4,0.0,26.09177
2025-10-15 14:00:00,29.42,0.0,26.09177
2025-10-15 15:00:00,29.19,0.0,26.075699
2025-10-15 16:00:00,28.65,0.0,26.047518
2025-10-15 17:00:00,27.65,0.0,24.533495
2025-10-15 18:00:00,26.22,0.0,24.13885
2025-10-15 19:00:00,25.69,0.0,23.795332
2025-10-15 20:00:00,25.31,0.0,24.469774
2025-10-15 21:00:00,24.96,0.0,24.919794
2025-10-15 22:00:00,24.71,0.0,23.741287
2025-10-15 23:00:00,24.52,0.0,19.450249
2025-10-16 00:00:00,24.31,0.0,19.142508
2025-10-16 01:00:00,24.08,0.01,19.117367
2025-10-16 02:00:00,23.74,0.01,19.361738
2025-10-16 03:00:00,23.42,0.02,23.832977
2025-10-16 04:00:00,23.14,0.02,19.370167
2025-10-16 05:00:00,22.9,0.03,19.691086
2025-10-16 06:00:00,22.75,0.03,20.539814
2025-10-16 07:00:00,23.95,0.05,23.93904
2025-10-16 08:00:00,25.27,0.04,24.11667
2025-10-16 09:00:00,27.14,0.06,24.797897
2025-10-16 10:00:00,28.16,0.06,24.921963
2025-10-16 11:00:00,28.81,0.05,25.801926
2025-10-16 12:00:00,29.26,0.07,25.695776
2025-10-16 13:00:00,29.54,0.03,25.624134
2025-10-16 14:00:00,29.6,0.02,25.624134
2025-10-16 15:00:00,29.37,0.03,25.678085
2025-10-16 16:00:00,28.91,0.03,25.84501
2025-10-16 17:00:00,27.87,0.01,24.330986
2025-10-16 18:00:00,26.34,0.01,23.93634
2025-10-16 19:00:00,25.79,0.0,23.592823
2025-10-16 20:00:00,25.35,0.0,24.326721
2025-10-16 21:00:00,24.95,0.0,24.892282
2025-10-16 22:00:00,24.63,0.0,23.713778
2025-10-16 23:00:00,24.32,0.0,19.900032
2025-10-17 00:00:00,23.96,0.0,18.780407
2025-10-17 01:00:00,23.54,0.0,23.523289
2025-10-17 02:00:00,23.12,0.0,18.947508
2025-10-17 03:00:00,22.75,0.0,18.687292
2025-10-17 04:00:00,22.41,0.0,18.687292
2025-10-17 05:00:00,22.1,0.0,16.684908
2025-10-17 06:00:00,21.86,0.0,17.376516
2025-10-17 07:00:00,23.17,0.0,23.753119
2025-10-17 08:00:00,24.49,0.0,23.770704
2025-10-17 09:00:00,26.51,0.01,24.248297
2025-10-17 10:00:00,27.59,0.0,24.507036
2025-10-17 11:00:00,28.26,0.0,25.086067
2025-10-17 12:00:00,28.71,0.0,25.051863
2025-10-17 13:00:00,28.96,0.0,25.031332
2025-10-17 14:00:00,28.96,0.0,25.031332
2025-10-17 15:00:00,28.75,0.0,25.03417
2025-10-17 16:00:00,28.27,0.0,24.863188
2025-10-17 17:00:00,27.18,0.02,23.46366
2025-10-17 18:00:00,25.34,0.06,23.373148
2025-10-17 19:00:00,24.86,0.01,22.538471
2025-10-17 20:00:00,24.63,0.0,23.428299
2025-10-17 21:00:00,24.42,0.0,23.959389
2025-10-17 22:00:00,24.16,0.0,23.66569
2025-10-17 23:00:00,23.83,0.0,19.741484
2025-10-18 00:00:00,23.4,0.01,18.87896
2025-10-18 01:00:00,23.03,0.05,19.468328
2025-10-18 02:00:00,22.77,0.05,19.20116
2025-10-18 03:00:00,22.56,0.06,19.191488
2025-10-18 04:00:00,22.37,0.02,19.191488
2025-10-18 05:00:00,22.2,0.02,19.642046
2025-10-18 06:00:00,22.06,0.21,17.565943
2025-10-18 07:00:00,23.13,0.19,21.195837
2025-10-18 08:00:00,24.32,0.21,21.327785
2025-10-18 09:00:00,26.26,0.2,21.10089
2025-10-18 10:00:00,27.49,0.36,20.601826
2025-10-18 11:00:00,28.22,0.65,21.054615
2025-10-18 12:00:00,28.67,1.11,20.862593
2025-10-18 13:00:00,28.87,1.54,20.947042
2025-10-18 14:00:00,28.84,2.03,20.947042
2025-10-18 15:00:00,28.61,2.19,20.941303
2025-10-18 16:00:00,28.16,2.63,21.283308
2025-10-18 17:00:00,27.18,5.2,20.641188
2025-10-18 18:00:00,25.67,6.35,21.606075
2025-10-18 19:00:00,25.21,4.16,21.439947
2025-10-18 20:00:00,24.91,3.15,22.329775
2025-10-18 21:00:00,24.74,3.24,23.189552
2025-10-18 22:00:00,24.58,4.2,22.692926
2025-10-18 23:00:00,24.37,5.57,19.067717
2025-10-19 00:00:00,24.1,11.18,18.506613
2025-10-19 01:00:00,23.75,20.85,19.816906
2025-10-19 02:00:00,23.39,24.83,19.34791
2025-10-19 03:00:00,23.15,20.08,19.33824
2025-10-19 04:00:00,23.01,17.58,19.102713
2025-10-19 05:00:00,22.93,19.81,19.464535
2025-10-19 06:00:00,22.88,21.72,19.93383
2025-10-19 07:00:00,23.7,19.29,21.40712
2025-10-19 08:00:00,24.63,22.92,20.593008
2025-10-19 09:00:00,26.4,6.21,20.932316
2025-10-19 10:00:00,27.65,7.33,20.399069
2025-10-19 11:00:00,28.35,10.01,21.072699
2025-10-19 12:00:00,28.68,13.7,20.775955
2025-10-19 13:00:00,28.75,14.85,20.82275
2025-10-19 14:00:00,28.55,16.95,20.82275
2025-10-19 15:00:00,28.2,16.91,20.712288
2025-10-19 16:00:00,27.67,17.29,21.461313
2025-10-19 17:00:00,26.86,18.24,20.756365
2025-10-19 18:00:00,25.77,17.96,21.721252
2025-10-19 19:00:00,25.4,18.46,21.555124
2025-10-19 20:00:00,25.17,18.55,22.44495
2025-10-19 21:00:00,25.0,17.08,23.390247
2025-10-19 22:00:00,24.88,16.19,22.89362
2025-10-19 23:00:00,24.81,15.57,19.046144
2025-10-20 00:00:00,24.71,18.34,18.098253
2025-10-20 01:00:00,24.58,17.66,18.098253
2025-10-20 02:00:00,24.42,20.43,18.093973
2025-10-20 03:00:00,24.26,20.49,18.9506
2025-10-20 04:00:00,24.16,22.05,18.9506
2025-10-20 05:00:00,24.11,24.0,19.559208
2025-10-20 06:00:00,24.12,23.97,20.272274
2025-10-20 07:00:00,24.98,23.11,23.554592
2025-10-20 08:00:00,25.76,22.75,23.960155
2025-10-20 09:00:00,26.73,18.19,24.644676
2025-10-20 10:00:00,27.52,19.23,24.77938
2025-10-20 11:00:00,28.04,18.72,25.669432
2025-10-20 12:00:00,28.3,20.33,25.697844
2025-10-20 13:00:00,28.36,20.36,25.626202
2025-10-20 14:00:00,28.26,21.71,25.52148
2025-10-20 15:00:00,28.11,17.53,25.57543
2025-10-20 16:00:00,27.66,17.47,25.487457
2025-10-20 17:00:00,26.9,16.75,24.451748
2025-10-20 18:00:00,25.77,14.22,24.361237
2025-10-20 19:00:00,25.38,10.26,23.526562
2025-10-20 20:00:00,25.12,7.56,24.44898
2025-10-20 21:00:00,24.87,5.28,24.845118
2025-10-20 22:00:00,24.62,2.65,23.666613
2025-10-20 23:00:00,24.37,2.07,19.932806
2025-10-21 00:00:00,24.17,2.65,19.380558
2025-10-21 01:00:00,24.05,2.74,19.380558
2025-10-21 02:00:00,23.97,3.06,19.156916
2025-10-21 03:00:00,23.96,2.94,19.156916
2025-10-21 04:00:00,23.97,2.48,19.156916
2025-10-21 05:00:00,24.0,2.73,19.799973
2025-10-21 06:00:00,24.1,3.25,20.6487
2025-10-21 07:00:00,25.32,4.14,23.677011
2025-10-21 08:00:00,26.46,5.28,24.483997
2025-10-21 09:00:00,27.63,5.73,24.843891
2025-10-21 10:00:00,28.46,6.97,25.142126
2025-10-21 11:00:00,28.97,5.8,26.239723
2025-10-21 12:00:00,29.24,6.9,26.163412
2025-10-21 13:00:00,29.31,6.5,26.09177
2025-10-21 14:00:00,29.18,5.68,26.09177
2025-10-21 15:00:00,28.86,4.43,26.075699
2025-10-21 16:00:00,28.26,4.32,25.942795
2025-10-21 17:00:00,27.3,5.49,24.580593
2025-10-21 18:00:00,26.06,4.68,24.630007
2025-10-21 19:00:00,25.67,4.09,23.795332
2025-10-21 20:00:00,25.42,3.99,24.469774
2025-10-21 21:00:00,25.19,3.88,24.865911
2025-10-21 22:00:00,25.01,4.22,23.741287
2025-10-21 23:00:00,24.84,4.24,19.099485
2025-10-22 00:00:00,24.68,5.0,18.793304
2025-10-22 01:00:00,24.51,5.5,18.793304
2025-10-22 02:00:00,24.39,5.09,19.333725
2025-10-22 03:00:00,24.34,4.56,19.333725
2025-10-22 04:00:00,24.29,3.95,19.333725
2025-10-22 05:00:00,24.26,3.68,19.976782
2025-10-22 06:00:00,24.28,4.07,20.82551
2025-10-22 07:00:00,25.23,4.41,23.853819
2025-10-22 08:00:00,26.28,6.39,24.472038
2025-10-22 09:00:00,27.38,19.56,24.879032
2025-10-22 10:00:00,28.26,19.68,25.143023
2025-10-22 11:00:00,28.85,24.81,26.022985
2025-10-22 12:00:00,29.19,24.41,26.163412
2025-10-22 13:00:00,29.3,26.77,26.09177
2025-10-22 14:00:00,29.18,25.98,26.09177
2025-10-22 15:00:00,28.88,18.08,26.075699
2025-10-22 16:00:00,28.33,18.71,26.047518
2025-10-22 17:00:00,27.5,13.09,24.533495
2025-10-22 18:00:00,26.31,9.54,24.13885
2025-10-22 19:00:00,25.87,5.89,23.795332
2025-10-22 20:00:00,25.57,4.72,24.469774
2025-10-22 21:00:00,25.35,4.79,24.865911
2025-10-22 22:00:00,25.23,5.75,23.687405
2025-10-22 23:00:00,25.05,7.19,19.392717
2025-10-23 00:00:00,24.87,10.81,18.549673
2025-10-23 01:00:00,24.7,15.42,18.524532
2025-10-23 02:00:00,24.62,18.04,18.472118
2025-10-23 03:00:00,24.58,19.55,18.472118
2025-10-23 04:00:00,24.49,18.72,18.472118
2025-10-23 05:00:00,24.42,17.68,19.115177
2025-10-23 06:00:00,24.39,17.64,20.55674
2025-10-23 07:00:00,25.38,17.48,23.585049
2025-10-23 08:00:00,26.42,20.21,24.250978
2025-10-23 09:00:00,27.43,24.21,24.610874
2025-10-23 10:00:00,28.22,27.77,24.921963
2025-10-23 11:00:00,28.75,39.66,25.801926
2025-10-23 12:00:00,29.01,45.17,25.695776
2025-10-23 13:00:00,29.02,53.97,25.624134
2025-10-23 14:00:00,28.89,56.13,25.81924
2025-10-23 15:00:00,28.56,53.78,25.873192
2025-10-23 16:00:00,28.03,46.12,25.740288
2025-10-23 17:00:00,27.24,43.61,24.518011
2025-10-23 18:00:00,26.09,37.96,24.427498
2025-10-23 19:00:00,25.72,31.99,23.592823
2025-10-23 20:00:00,25.48,23.24,24.326721
2025-10-23 21:00:00,25.26,20.77,24.8384
2025-10-23 22:00:00,25.01,19.21,23.713778
2025-10-23 23:00:00,24.79,17.9,18.956434
2025-10-24 00:00:00,24.59,16.94,18.187572
2025-10-24 01:00:00,24.47,13.15,18.162432
2025-10-24 02:00:00,24.39,12.25,18.751272
2025-10-24 03:00:00,24.33,8.74,18.741602
2025-10-24 04:00:00,24.28,6.95,18.741602
2025-10-24 05:00:00,24.23,4.68,19.356213
2025-10-24 06:00:00,24.2,3.94,20.249805
2025-10-24 07:00:00,25.34,3.56,23.36514
2025-10-24 08:00:00,26.43,5.92,24.081228
2025-10-24 09:00:00,27.49,2.67,24.061274
2025-10-24 10:00:00,28.32,3.61,24.61176
2025-10-24 11:00:00,28.93,4.46,25.241901
2025-10-24 12:00:00,29.29,5.49,24.907867
2025-10-24 13:00:00,29.41,6.36,24.836226
2025-10-24 14:00:00,29.32,7.38,24.836226
2025-10-24 15:00:00,28.99,8.93,25.085281
2025-10-24 16:00:00,28.38,9.21,24.96791
2025-10-24 17:00:00,27.43,9.39,23.276636
2025-10-24 18:00:00,26.08,7.93,23.373148
2025-10-24 19:00:00,25.62,7.41,22.538471
2025-10-24 20:00:00,25.3,6.3,23.428299
2025-10-24 21:00:00,25.03,4.54,23.959389
2025-10-24 22:00:00,24.82,2.88,23.072855
2025-10-24 23:00:00,24.6,1.95,18.675272
2025-10-25 00:00:00,24.42,1.34,18.772678
2025-10-25 01:00:00,24.28,1.33,19.340372
2025-10-25 02:00:00,24.13,1.2,19.240452
2025-10-25 03:00:00,24.04,0.82,19.23078
2025-10-25 04:00:00,23.95,0.6,19.23078
2025-10-25 05:00:00,23.84,0.21,20.070518
2025-10-25 06:00:00,23.74,0.16,20.539812
2025-10-25 07:00:00,25.03,0.17,20.828663
2025-10-25 08:00:00,26.33,0.31,21.045473
2025-10-25 09:00:00,27.54,0.42,20.913866
2025-10-25 10:00:00,28.49,0.82,20.448847
2025-10-25 11:00:00,29.12,1.84,21.21045
2025-10-25 12:00:00,29.47,1.7,20.913704
2025-10-25 13:00:00,29.6,1.73,20.998154
2025-10-25 14:00:00,29.51,1.17,20.998154
2025-10-25 15:00:00,29.21,1.2,20.992414
2025-10-25 16:00:00,28.63,1.42,21.388031
2025-10-25 17:00:00,27.58,1.29,20.454165
2025-10-25 18:00:00,25.99,1.25,21.606075
2025-10-25 19:00:00,25.45,1.14,21.439947
2025-10-25 20:00:00,25.11,1.18,22.329775
2025-10-25 21:00:00,24.89,1.09,23.189552
2025-10-25 22:00:00,24.71,0.48,22.692926
2025-10-25 23:00:00,24.49,0.28,18.474882
2025-10-26 00:00:00,24.19,0.39,18.506613
2025-10-26 01:00:00,23.85,0.4,19.816906
2025-10-26 02:00:00,23.55,0.55,23.834612
2025-10-26 03:00:00,23.34,0.74,19.33824
2025-10-26 04:00:00,23.19,0.76,19.33824
2025-10-26 05:00:00,23.04,0.86,19.464535
2025-10-26 06:00:00,22.95,0.76,19.93383
2025-10-26 07:00:00,24.48,0.64,20.675997
2025-10-26 08:00:00,26.04,0.84,20.593008
2025-10-26 09:00:00,27.54,1.61,20.74529
2025-10-26 10:00:00,28.51,2.94,20.24609
2025-10-26 11:00:00,29.19,3.36,21.060432
2025-10-26 12:00:00,29.61,2.9,20.763689
2025-10-26 13:00:00,29.78,2.62,20.810482
2025-10-26 14:00:00,29.73,1.69,20.810482
2025-10-26 15:00:00,29.48,1.38,20.804743
2025-10-26 16:00:00,28.95,1.45,21.413645
2025-10-26 17:00:00,27.85,2.02,20.569342
2025-10-26 18:00:00,26.24,2.64,21.230095
2025-10-26 19:00:00,25.75,2.29,21.555124
2025-10-26 20:00:00,25.44,1.92,22.44495
2025-10-26 21:00:00,25.18,2.13,23.390247
2025-10-26 22:00:00,25.02,2.18,22.89362
2025-10-26 23:00:00,24.87,2.94,19.046144
2025-10-27 00:00:00,24.72,3.21,18.098253
2025-10-27 01:00:00,24.64,3.93,18.098253
2025-10-27 02:00:00,24.6,5.02,18.093973
2025-10-27 03:00:00,24.52,6.85,18.357765
2025-10-27 04:00:00,24.48,8.56,18.357765
2025-10-27 05:00:00,24.57,10.59,18.966373
2025-10-27 06:00:00,24.55,14.22,19.67944
2025-10-27 07:00:00,25.31,21.12,23.554592
2025-10-27 08:00:00,26.16,43.79,24.231169
2025-10-27 09:00:00,27.18,94.47,24.644676
2025-10-27 10:00:00,27.92,121.95,24.77938
2025-10-27 11:00:00,28.32,132.17,25.774155
2025-10-27 12:00:00,28.4,122.77,25.697844
2025-10-27 13:00:00,28.27,104.77,25.52148
2025-10-27 14:00:00,28.07,79.72,25.52148
2025-10-27 15:00:00,27.83,70.49,25.57543
2025-10-27 16:00:00,27.52,68.39,25.487457
2025-10-27 17:00:00,27.06,76.63,24.451748
2025-10-27 18:00:00,26.6,87.88,23.870077
2025-10-27 19:00:00,26.42,119.6,23.201532
2025-10-27 20:00:00,26.3,153.59,24.123951
2025-10-27 21:00:00,26.21,133.36,24.520088
2025-10-27 22:00:00,26.1,98.46,23.666613
2025-10-27 23:00:00,26.04,92.94,19.26076
2025-10-28 00:00:00,26.03,85.86,18.787724
2025-10-28 01:00:00,26.07,85.03,18.787724
2025-10-28 02:00:00,26.27,85.78,18.30403
2025-10-28 03:00:00,26.52,83.76,18.30403
2025-10-28 04:00:00,26.63,94.22,18.30403
2025-10-28 05:00:00,26.58,99.58,19.206232
2025-10-28 06:00:00,26.49,79.7,20.365377
2025-10-28 07:00:00,26.6,71.27,23.771807
2025-10-28 08:00:00,26.93,73.91,24.483997
2025-10-28 09:00:00,27.38,15.95,24.890991
2025-10-28 10:00:00,27.89,16.14,25.154982
2025-10-28 11:00:00,28.34,17.41,26.239723
2025-10-28 12:00:00,28.41,18.12,26.163412
2025-10-28 13:00:00,28.2,17.8,25.98705
2025-10-28 14:00:00,27.99,18.19,25.98705
2025-10-28 15:00:00,27.72,19.82,25.970976
2025-10-28 16:00:00,27.37,18.86,25.989895
2025-10-28 17:00:00,26.94,17.13,24.720518
2025-10-28 18:00:00,26.62,16.01,24.13885
2025-10-28 19:00:00,26.5,15.72,23.470303
2025-10-28 20:00:00,26.39,14.3,24.144745
2025-10-28 21:00:00,26.27,13.17,24.540882
2025-10-28 22:00:00,26.18,15.17,23.687405
2025-10-28 23:00:00,26.06,15.75,19.317154
2025-10-29 00:00:00,25.94,16.2,18.793304
2025-10-29 01:00:00,25.85,16.82,18.793304
2025-10-29 02:00:00,25.79,16.85,18.74089
2025-10-29 03:00:00,25.69,16.17,18.74089
2025-10-29 04:00:00,25.63,16.23,18.74089
2025-10-29 05:00:00,25.6,15.55,19.383947
2025-10-29 06:00:00,25.57,14.83,20.232677
2025-10-29 07:00:00,25.69,15.16,23.853819
2025-10-29 08:00:00,26.05,17.43,24.389202
2025-10-29 09:00:00,26.23,19.49,25.018957
2025-10-29 10:00:00,26.27,19.86,25.330048
2025-10-29 11:00:00,26.52,19.34,26.105288
2025-10-29 12:00:00,26.99,19.1,26.245714
2025-10-29 13:00:00,27.19,16.22,26.174072
2025-10-29 14:00:00,27.08,14.33,26.174072
2025-10-29 15:00:00,26.79,14.78,26.158
2025-10-29 16:00:00,26.41,12.33,26.12982
2025-10-29 17:00:00,25.89,9.14,25.10253
2025-10-29 18:00:00,25.31,4.56,24.630007
2025-10-29 19:00:00,25.14,2.73,23.795332
2025-10-29 20:00:00,25.03,1.61,24.523657
2025-10-29 21:00:00,24.97,1.87,24.919794
2025-10-29 22:00:00,24.96,2.66,23.741287
2025-10-29 23:00:00,24.97,3.96,19.099485
2025-10-30 00:00:00,25.0,4.57,18.549673
2025-10-30 01:00:00,25.01,5.5,18.524532
2025-10-30 02:00:00,25.04,5.18,18.472118
2025-10-30 03:00:00,24.94,4.25,18.472118
2025-10-30 04:00:00,24.8,3.61,18.472118
2025-10-30 05:00:00,24.7,2.62,19.115177
2025-10-30 06:00:00,24.6,2.22,19.963907
2025-10-30 07:00:00,25.57,2.34,23.585049
2025-10-30 08:00:00,26.66,2.77,24.250978
2025-10-30 09:00:00,27.54,3.69,24.610874
2025-10-30 10:00:00,28.2,5.36,24.921963
2025-10-30 11:00:00,28.54,5.74,25.801926
2025-10-30 12:00:00,28.82,5.83,25.890882
2025-10-30 13:00:00,28.94,5.39,25.81924
2025-10-30 14:00:00,28.87,4.3,25.81924
2025-10-30 15:00:00,28.61,2.82,25.873192
2025-10-30 16:00:00,28.07,2.4,25.740288
2025-10-30 17:00:00,27.2,1.53,24.518011
2025-10-30 18:00:00,26.08,0.75,24.427498
2025-10-30 19:00:00,25.72,0.61,23.592823
2025-10-30 20:00:00,25.45,0.49,24.326721
2025-10-30 21:00:00,25.18,0.52,24.8384
2025-10-30 22:00:00,24.91,0.52,23.713778
2025-10-30 23:00:00,24.61,0.45,19.307198
2025-10-31 00:00:00,24.31,0.42,18.780407
2025-10-31 01:00:00,24.02,0.35,18.755266
2025-10-31 02:00:00,23.74,0.28,19.048056
2025-10-31 03:00:00,23.5,0.23,23.509624
2025-10-31 04:00:00,23.29,0.19,18.937838
2025-10-31 05:00:00,23.14,0.13,19.39869
2025-10-31 06:00:00,23.06,0.09,20.1239
2025-10-31 07:00:00,24.39,0.06,23.957977
2025-10-31 08:00:00,25.8,0.01,23.770704
2025-10-31 09:00:00,27.19,0.0,24.248297
2025-10-31 10:00:00,28.35,0.01,24.61176
2025-10-31 11:00:00,29.17,0.03,25.046795
2025-10-31 12:00:00,29.72,0.12,24.907867
2025-10-31 13:00:00,30.03,0.19,24.797276
2025-10-31 14:00:00,30.14,0.28,24.797276
2025-10-31 15:00:00,29.95,0.38,24.890175
2025-10-31 16:00:00,29.48,0.18,24.772804
2025-10-31 17:00:00,28.6,0.17,23.381357
2025-10-31 18:00:00,27.34,0.16,22.742064
2025-10-31 19:00:00,26.97,0.19,22.213442
2025-10-31 20:00:00,26.62,0.29,23.10327
2025-10-31 21:00:00,26.22,0.2,23.63436
2025-10-31 22:00:00,25.81,0.13,23.072855
2025-10-31 23:00:00,25.42,0.11,18.531275
2025-11-01 00:00:00,25.06,0.19,19.45225
2025-11-01 01:00:00,24.69,0.4,19.427109
2025-11-01 02:00:00,24.33,0.5,19.920023
2025-11-01 03:00:00,23.99,0.44,19.862764
2025-11-01 04:00:00,23.71,0.28,20.15955
2025-11-01 05:00:00,23.48,0.19,25.173742
2025-11-01 06:00:00,23.31,0.09,20.896688
2025-11-01 07:00:00,24.18,0.13,22.05348
2025-11-01 08:00:00,25.47,0.17,21.366934
2025-11-01 09:00:00,27.56,0.28,21.468473
2025-11-01 10:00:00,29.42,0.49,21.087032
2025-11-01 11:00:00,30.43,0.76,21.761263
2025-11-01 12:00:00,30.94,0.72,21.473982
2025-11-01 13:00:00,31.19,0.84,21.558434
2025-11-01 14:00:00,31.17,0.77,21.71927
2025-11-01 15:00:00,30.93,0.66,21.713531
2025-11-01 16:00:00,30.64,0.56,20.809885
2025-11-01 17:00:00,29.94,0.4,21.006262
2025-11-01 18:00:00,28.78,0.36,21.35744
2025-11-01 19:00:00,28.2,0.4,21.252718
2025-11-01 20:00:00,27.7,0.42,22.40522
2025-11-01 21:00:00,27.19,0.48,23.45202
2025-11-01 22:00:00,26.68,0.71,22.955395
2025-11-01 23:00:00,26.26,0.9,19.11239
2025-11-02 00:00:00,25.98,0.88,19.165623
2025-11-02 01:00:00,25.67,1.0,19.140482
2025-11-02 02:00:00,25.31,1.39,19.30952
2025-11-02 03:00:00,25.02,1.67,19.252262
2025-11-02 04:00:00,24.85,2.04,19.252262
2025-11-02 05:00:00,24.74,2.4,19.791565
2025-11-02 06:00:00,24.63,2.21,20.26086
2025-11-02 07:00:00,25.39,2.12,21.553017
2025-11-02 08:00:00,26.49,1.82,21.719698
2025-11-02 09:00:00,28.1,3.33,21.370668
2025-11-02 10:00:00,29.35,2.97,20.999325
2025-11-02 11:00:00,30.21,2.21,21.78021
2025-11-02 12:00:00,30.7,1.7,21.49293
2025-11-02 13:00:00,30.89,1.61,21.539724
2025-11-02 14:00:00,30.97,1.82,21.539724
2025-11-02 15:00:00,30.72,2.69,21.533985
2025-11-02 16:00:00,30.37,2.97,22.006392
2025-11-02 17:00:00,29.36,1.77,21.153368
2025-11-02 18:00:00,28.15,1.43,21.412092
2025-11-02 19:00:00,27.7,1.68,21.674767
2025-11-02 20:00:00,27.33,2.02,22.611692
2025-11-02 21:00:00,26.95,1.79,23.295588
2025-11-02 22:00:00,26.46,1.28,23.200287
2025-11-02 23:00:00,25.93,0.77,19.792568
2025-11-03 00:00:00,25.37,0.56,18.370169
2025-11-03 01:00:00,24.85,0.43,18.370169
2025-11-03 02:00:00,24.36,0.45,18.958721
2025-11-03 03:00:00,23.92,0.33,18.923845
2025-11-03 04:00:00,23.55,0.23,26.816053
2025-11-03 05:00:00,23.25,0.16,19.884518
2025-11-03 06:00:00,23.03,0.1,20.43563
2025-11-03 07:00:00,23.93,0.08,23.881828
2025-11-03 08:00:00,25.11,0.05,24.232069
2025-11-03 09:00:00,27.05,0.04,24.805073
2025-11-03 10:00:00,28.35,0.02,25.044498
2025-11-03 11:00:00,29.18,0.02,25.804056
2025-11-03 12:00:00,29.65,0.08,25.727747
2025-11-03 13:00:00,29.8,0.2,25.656105
2025-11-03 14:00:00,29.76,0.39,25.656105
2025-11-03 15:00:00,29.41,0.34,25.710054
2025-11-03 16:00:00,28.96,0.42,25.821194
2025-11-03 17:00:00,28.1,0.4,24.238552
2025-11-03 18:00:00,27.04,0.26,24.030474
2025-11-03 19:00:00,26.7,0.41,23.361927
2025-11-03 20:00:00,26.44,0.7,24.284348
2025-11-03 21:00:00,26.05,0.85,24.903532
2025-11-03 22:00:00,25.63,0.89,23.725025
2025-11-03 23:00:00,25.28,0.81,19.254389
2025-11-04 00:00:00,24.91,0.77,18.899242
2025-11-04 01:00:00,24.43,0.75,18.899242
2025-11-04 02:00:00,23.95,0.67,19.268435
2025-11-04 03:00:00,23.52,0.68,27.16064
2025-11-04 04:00:00,23.12,0.69,19.689161
2025-11-04 05:00:00,22.75,0.54,20.016508
2025-11-04 06:00:00,22.42,0.66,20.865236
2025-11-04 07:00:00,23.35,0.61,24.29202
2025-11-04 08:00:00,24.5,0.53,24.500721
2025-11-04 09:00:00,26.68,0.32,25.030916
2025-11-04 10:00:00,28.04,0.21,25.154982
2025-11-04 11:00:00,28.8,0.13,26.040611
2025-11-04 12:00:00,29.28,0.1,25.9643
2025-11-04 13:00:00,29.56,0.16,25.892658
2025-11-04 14:00:00,29.67,0.21,25.892658
2025-11-04 15:00:00,29.59,0.21,25.876587
2025-11-04 16:00:00,29.45,0.11,26.047518
2025-11-04 17:00:00,28.66,0.07,24.638218
2025-11-04 18:00:00,27.31,0.02,23.998924
2025-11-04 19:00:00,26.57,0.04,23.470303
2025-11-04 20:00:00,25.91,0.02,24.367792
2025-11-04 21:00:00,25.22,0.03,24.76393
2025-11-04 22:00:00,24.7,0.04,23.639305
2025-11-04 23:00:00,23.89,0.15,20.414478
2025-11-05 00:00:00,23.08,0.22,19.726002
2025-11-05 01:00:00,22.44,0.23,19.726002
2025-11-05 02:00:00,21.94,0.2,22.65821
2025-11-05 03:00:00,21.54,0.32,16.671959
2025-11-05 04:00:00,21.22,0.35,16.671959
2025-11-05 05:00:00,20.96,0.39,17.085377
2025-11-05 06:00:00,20.77,0.21,17.997013
2025-11-05 07:00:00,21.85,0.15,27.539246
2025-11-05 08:00:00,23.2,0.08,24.958647
2025-11-05 09:00:00,25.39,0.04,25.047638
2025-11-05 10:00:00,27.1,0.02,25.330048
2025-11-05 11:00:00,28.06,0.01,25.71915
2025-11-05 12:00:00,28.66,0.01,25.9643
2025-11-05 13:00:00,29.02,0.0,25.892658
2025-11-05 14:00:00,29.14,0.0,25.892658
2025-11-05 15:00:00,29.02,0.0,25.876587
2025-11-05 16:00:00,28.85,0.0,26.047518
2025-11-05 17:00:00,27.85,0.0,24.533495
2025-11-05 18:00:00,26.47,0.0,24.13885
2025-11-05 19:00:00,25.99,0.0,23.69335
2025-11-05 20:00:00,25.68,0.0,24.367792
2025-11-05 21:00:00,25.29,0.0,24.76393
2025-11-05 22:00:00,24.88,0.0,23.639305
2025-11-05 23:00:00,24.25,0.0,19.941101
2025-11-06 00:00:00,23.56,0.0,19.169147
2025-11-06 01:00:00,22.85,0.0,20.122484
2025-11-06 02:00:00,22.35,0.0,19.902822
2025-11-06 03:00:00,21.99,0.0,23.021227
2025-11-06 04:00:00,21.67,0.0,17.173264
2025-11-06 05:00:00,21.39,0.0,17.744722
2025-11-06 06:00:00,21.14,0.0,18.580393
2025-11-06 07:00:00,22.39,0.0,24.78385
2025-11-06 08:00:00,23.89,0.0,25.033304
2025-11-06 09:00:00,25.81,0.0,25.176783
2025-11-06 10:00:00,27.38,0.0,25.370737
2025-11-06 11:00:00,28.26,0.0,25.899765
2025-11-06 12:00:00,28.78,0.0,26.093445
2025-11-06 13:00:00,29.03,0.0,25.32872
2025-11-06 14:00:00,29.04,0.01,25.32872
2025-11-06 15:00:00,28.87,0.01,26.075752
2025-11-06 16:00:00,28.55,0.01,26.246685
2025-11-06 17:00:00,27.14,0.01,24.919685
2025-11-06 18:00:00,25.78,0.0,24.561062
2025-11-06 19:00:00,25.28,0.01,23.892515
2025-11-06 20:00:00,24.76,0.01,24.680296
2025-11-06 21:00:00,24.0,0.0,25.78481
2025-11-06 22:00:00,23.54,0.0,24.606302
2025-11-06 23:00:00,23.06,0.0,21.168444
2025-11-07 00:00:00,22.61,0.0,19.581083
2025-11-07 01:00:00,22.24,0.0,19.555943
2025-11-07 02:00:00,21.92,0.0,16.8393
2025-11-07 03:00:00,21.64,0.0,16.384884
2025-11-07 04:00:00,21.32,0.0,16.384884
2025-11-07 05:00:00,20.99,0.0,16.914848
2025-11-07 06:00:00,20.61,0.0,17.808428
2025-11-07 07:00:00,21.21,0.0,21.4843
2025-11-07 08:00:00,22.39,0.0,24.402233
2025-11-07 09:00:00,24.18,0.0,24.706673
2025-11-07 10:00:00,26.27,0.0,24.623934
2025-11-07 11:00:00,27.46,0.0,24.661743
2025-11-07 12:00:00,28.09,0.0,24.522814
2025-11-07 13:00:00,28.35,0.0,24.555895
2025-11-07 14:00:00,28.34,0.0,24.555895
2025-11-07 15:00:00,28.22,0.0,24.505123
2025-11-07 16:00:00,27.85,0.0,25.117609
2025-11-07 17:00:00,26.18,0.0,23.797842
2025-11-07 18:00:00,24.65,0.0,23.32532
2025-11-07 19:00:00,24.07,0.0,23.249607
2025-11-07 20:00:00,23.55,0.0,24.139433
2025-11-07 21:00:00,23.13,0.0,24.84169
2025-11-07 22:00:00,22.53,0.0,24.279333
2025-11-07 23:00:00,22.0,0.0,18.074297
2025-11-08 00:00:00,21.54,0.0,17.445278
2025-11-08 01:00:00,21.07,0.0,17.407084
2025-11-08 02:00:00,20.69,0.0,17.139927
2025-11-08 03:00:00,20.27,0.0,17.08267
2025-11-08 04:00:00,19.9,0.0,17.273985
2025-11-08 05:00:00,19.54,0.0,17.53322
2025-11-08 06:00:00,19.22,0.0,18.383944
2025-11-08 07:00:00,20.08,0.0,19.135624
2025-11-08 08:00:00,21.49,0.0,19.054964
2025-11-08 09:00:00,23.46,0.0,26.37109
2025-11-08 10:00:00,25.7,0.0,21.188984
2025-11-08 11:00:00,26.77,0.0,21.983593
2025-11-08 12:00:00,27.29,0.0,21.684246
2025-11-08 13:00:00,27.5,0.0,21.581673
2025-11-08 14:00:00,27.44,0.0,21.742512
2025-11-08 15:00:00,27.15,0.0,21.923796
2025-11-08 16:00:00,26.63,0.0,22.232094
2025-11-08 17:00:00,24.83,0.0,21.342587
2025-11-08 18:00:00,22.94,0.0,22.715063
2025-11-08 19:00:00,22.32,0.0,22.715063
2025-11-08 20:00:00,21.74,0.0,21.000147
2025-11-08 21:00:00,21.19,0.0,21.624243
2025-11-08 22:00:00,20.7,0.0,21.350245
2025-11-08 23:00:00,20.22,0.0,18.47961
2025-11-09 00:00:00,19.79,0.0,18.821545
2025-11-09 01:00:00,19.36,0.0,18.531693
2025-11-09 02:00:00,18.96,0.0,18.064554
2025-11-09 03:00:00,18.55,0.0,18.007298
2025-11-09 04:00:00,18.16,0.0,18.34635
2025-11-09 05:00:00,17.79,0.0,18.97735
2025-11-09 06:00:00,17.44,0.0,19.446644
2025-11-09 07:00:00,18.14,0.0,20.109716
2025-11-09 08:00:00,19.56,0.0,19.08538
2025-11-09 09:00:00,21.78,0.0,19.137276
2025-11-09 10:00:00,23.62,0.0,21.672985
2025-11-09 11:00:00,24.62,0.0,21.870655
2025-11-09 12:00:00,25.36,0.0,21.546858
2025-11-09 13:00:00,25.82,0.0,22.053295
2025-11-09 14:00:00,25.95,0.0,22.053295
2025-11-09 15:00:00,25.76,0.0,22.047556
2025-11-09 16:00:00,25.44,0.0,22.602335
2025-11-09 17:00:00,23.65,0.0,22.303198
2025-11-09 18:00:00,21.51,0.0,20.418476
2025-11-09 19:00:00,20.67,0.0,20.02407
2025-11-09 20:00:00,19.88,0.0,20.285837
2025-11-09 21:00:00,19.14,0.0,21.91043
2025-11-09 22:00:00,18.5,0.0,22.087477
2025-11-09 23:00:00,17.93,0.0,20.068834
2025-11-10 00:00:00,17.45,0.0,17.520084
2025-11-10 01:00:00,17.01,0.0,17.298529
2025-11-10 02:00:00,16.64,0.0,17.420517
2025-11-10 03:00:00,16.29,0.0,17.420517
2025-11-10 04:00:00,16.0,0.0,14.968313
2025-11-10 05:00:00,15.76,0.0,17.259733
2025-11-10 06:00:00,15.6,0.0,18.15404
2025-11-10 07:00:00,16.7,0.0,20.647787
2025-11-10 08:00:00,18.43,0.0,21.75024
2025-11-10 09:00:00,20.78,0.0,22.734573
2025-11-10 10:00:00,23.16,0.0,25.824389
2025-11-10 11:00:00,24.63,0.0,25.74754
2025-11-10 12:00:00,25.67,0.0,25.927998
2025-11-10 13:00:00,26.32,0.0,25.856356
2025-11-10 14:00:00,26.59,0.0,25.856356
2025-11-10 15:00:00,26.48,0.0,25.910307
2025-11-10 16:00:00,26.12,0.0,26.135345
2025-11-10 17:00:00,24.54,0.0,24.726046
2025-11-10 18:00:00,22.52,0.0,24.855568
2025-11-10 19:00:00,21.8,0.0,22.987625
2025-11-10 20:00:00,21.16,0.0,22.546017
2025-11-10 21:00:00,20.52,0.0,23.234438
2025-11-10 22:00:00,19.85,0.0,21.326054
2025-11-10 23:00:00,19.2,0.0,19.141731
2025-11-11 00:00:00,18.62,0.0,17.187197
2025-11-11 01:00:00,18.13,0.0,16.998596
2025-11-11 02:00:00,17.7,0.0,17.521433
2025-11-11 03:00:00,17.34,0.0,17.409208
2025-11-11 04:00:00,17.02,0.0,17.187653
2025-11-11 05:00:00,16.76,0.0,17.666454
2025-11-11 06:00:00,16.57,0.0,18.627413
2025-11-11 07:00:00,17.8,0.0,20.751831
2025-11-11 08:00:00,19.55,0.0,21.453836
2025-11-11 09:00:00,21.73,0.0,22.967098
2025-11-11 10:00:00,23.89,0.0,26.001013
2025-11-11 11:00:00,25.14,0.0,25.866142
2025-11-11 12:00:00,26.02,0.0,26.046602
2025-11-11 13:00:00,26.61,0.0,25.97496
2025-11-11 14:00:00,26.88,0.0,25.97496
2025-11-11 15:00:00,26.75,0.0,25.958889
2025-11-11 16:00:00,26.41,0.0,26.12982
2025-11-11 17:00:00,24.67,0.0,24.83442
2025-11-11 18:00:00,22.76,0.0,24.963943
2025-11-11 19:00:00,22.08,0.0,21.749992
2025-11-11 20:00:00,21.48,0.0,22.478317
2025-11-11 21:00:00,20.87,0.0,22.8614
2025-11-11 22:00:00,20.19,0.0,21.951672
2025-11-11 23:00:00,19.5,0.0,18.027422
2025-11-12 00:00:00,18.86,0.0,17.265417
2025-11-12 01:00:00,18.27,0.0,17.265417
2025-11-12 02:00:00,17.78,0.0,17.599655
2025-11-12 03:00:00,17.34,0.0,17.487429
2025-11-12 04:00:00,16.92,0.0,17.265873
2025-11-12 05:00:00,16.52,0.0,17.657518
2025-11-12 06:00:00,16.11,0.0,18.55847
2025-11-12 07:00:00,16.73,0.0,20.62001
2025-11-12 08:00:00,18.16,0.0,21.824844
2025-11-12 09:00:00,20.42,0.0,22.724844
2025-11-12 10:00:00,22.6,0.0,25.823597
2025-11-12 11:00:00,23.88,0.0,26.361511
2025-11-12 12:00:00,24.75,0.0,26.046602
2025-11-12 13:00:00,25.27,0.0,25.97496
2025-11-12 14:00:00,25.45,0.0,25.97496
2025-11-12 15:00:00,25.41,0.0,25.958889
2025-11-12 16:00:00,24.99,0.0,26.243721
2025-11-12 17:00:00,22.6,0.0,25.436468
2025-11-12 18:00:00,20.38,0.0,22.477568
2025-11-12 19:00:00,19.56,0.0,20.758646
2025-11-12 20:00:00,18.82,0.0,22.586021
2025-11-12 21:00:00,18.11,0.0,22.628563
2025-11-12 22:00:00,17.45,0.0,21.382048
2025-11-12 23:00:00,16.86,0.0,17.62752
2025-11-13 00:00:00,16.32,0.0,17.823557
2025-11-13 01:00:00,15.83,0.0,17.113865
2025-11-13 02:00:00,15.38,0.0,17.357454
2025-11-13 03:00:00,14.97,0.0,16.932627
2025-11-13 04:00:00,14.59,0.0,16.932627
2025-11-13 05:00:00,14.25,0.0,16.364513
2025-11-13 06:00:00,13.94,0.0,17.761415
2025-11-13 07:00:00,15.23,0.0,21.453941
2025-11-13 08:00:00,17.47,0.0,21.818996
2025-11-13 09:00:00,19.72,0.0,22.461563
2025-11-13 10:00:00,22.39,0.0,26.216316
2025-11-13 11:00:00,23.73,0.0,26.490656
2025-11-13 12:00:00,24.49,0.0,26.175745
2025-11-13 13:00:00,24.93,0.0,26.104103
2025-11-13 14:00:00,25.05,0.0,26.104103
2025-11-13 15:00:00,24.88,0.0,26.158054
2025-11-13 16:00:00,24.53,0.0,26.442886
2025-11-13 17:00:00,22.87,0.0,25.89921
2025-11-13 18:00:00,21.41,0.0,23.136871
2025-11-13 19:00:00,21.21,0.0,22.468325
2025-11-13 20:00:00,20.91,0.0,23.151892
2025-11-13 21:00:00,20.57,0.0,23.955854
2025-11-13 22:00:00,20.03,0.0,22.845001
2025-11-13 23:00:00,19.09,0.0,19.798735
2025-11-14 00:00:00,18.26,0.0,17.322618
2025-11-14 01:00:00,17.27,0.0,17.568077
2025-11-14 02:00:00,16.42,0.0,17.918325
2025-11-14 03:00:00,15.88,0.0,17.041399
2025-11-14 04:00:00,15.48,0.0,17.512112
2025-11-14 05:00:00,15.14,0.0,17.721874
2025-11-14 06:00:00,14.83,0.0,18.190636
2025-11-14 07:00:00,16.22,0.0,21.107895
2025-11-14 08:00:00,18.29,0.0,21.53388
2025-11-14 09:00:00,20.54,0.0,22.31686
2025-11-14 10:00:00,23.02,0.0,25.153372
2025-11-14 11:00:00,24.06,0.0,25.148115
2025-11-14 12:00:00,24.72,0.0,24.763884
2025-11-14 13:00:00,25.12,0.0,24.341446
2025-11-14 14:00:00,25.24,0.0,24.341446
2025-11-14 15:00:00,25.09,0.0,24.746193
2025-11-14 16:00:00,24.72,0.0,25.418533
2025-11-14 17:00:00,22.98,0.0,24.663467
2025-11-14 18:00:00,21.55,0.0,21.901129
2025-11-14 19:00:00,21.36,0.0,21.232582
2025-11-14 20:00:00,20.97,0.0,21.728004
2025-11-14 21:00:00,20.11,0.0,22.686592
2025-11-14 22:00:00,19.35,0.0,22.02673
2025-11-14 23:00:00,18.54,0.0,19.161837
2025-11-15 00:00:00,17.73,0.0,18.843122
2025-11-15 01:00:00,16.95,0.0,18.739473
2025-11-15 02:00:00,16.23,0.0,18.635725
2025-11-15 03:00:00,15.72,0.0,17.758785
2025-11-15 04:00:00,15.33,0.0,18.229504
2025-11-15 05:00:00,15.01,0.0,17.903502
2025-11-15 06:00:00,14.71,0.0,18.168055
2025-11-15 07:00:00,16.18,0.0,19.856325
2025-11-15 08:00:00,18.29,0.0,19.555359
2025-11-15 09:00:00,20.47,0.0,19.192184
2025-11-15 10:00:00,22.88,0.0,21.667578
2025-11-15 11:00:00,23.87,0.0,22.080374
2025-11-15 12:00:00,24.46,0.0,21.6878
2025-11-15 13:00:00,24.81,0.0,21.77225
2025-11-15 14:00:00,24.91,0.0,21.933088
2025-11-15 15:00:00,24.73,0.0,21.92735
2025-11-15 16:00:00,24.34,0.0,22.93883
2025-11-15 17:00:00,22.44,0.0,22.032185
2025-11-15 18:00:00,20.76,0.0,19.715916
2025-11-15 19:00:00,20.29,0.0,19.984694
2025-11-15 20:00:00,19.77,0.0,19.99068
2025-11-15 21:00:00,19.06,0.0,21.890385
2025-11-15 22:00:00,18.22,0.0,21.934355
2025-11-15 23:00:00,17.42,0.0,19.693245
2025-11-16 00:00:00,16.79,0.0,18.884502
2025-11-16 01:00:00,16.32,0.14,18.859362
2025-11-16 02:00:00,15.93,0.14,17.98245
2025-11-16 03:00:00,15.57,0.14,18.260794
2025-11-16 04:00:00,15.22,0.0,18.100386
2025-11-16 05:00:00,14.92,0.0,17.64132
2025-11-16 06:00:00,14.69,0.0,18.110611
2025-11-16 07:00:00,15.78,0.0,19.58403
2025-11-16 08:00:00,17.47,0.0,19.85891
2025-11-16 09:00:00,19.67,0.0,19.124222
2025-11-16 10:00:00,22.05,0.0,18.97809
2025-11-16 11:00:00,23.19,0.0,22.171074
2025-11-16 12:00:00,23.91,0.0,21.911386
2025-11-16 13:00:00,24.36,0.0,22.359089
2025-11-16 14:00:00,24.52,0.0,21.766254
2025-11-16 15:00:00,24.36,0.0,22.35335
2025-11-16 16:00:00,23.9,0.0,22.794264
2025-11-16 17:00:00,21.87,0.0,19.794933
2025-11-16 18:00:00,19.93,0.0,19.74276
2025-11-16 19:00:00,19.24,0.0,20.116098
2025-11-16 20:00:00,18.55,0.0,21.171148
2025-11-16 21:00:00,17.87,0.0,22.367882
2025-11-16 22:00:00,17.25,0.0,22.379704
2025-11-16 23:00:00,16.65,0.0,19.724041
2025-11-17 00:00:00,16.09,0.0,14.857838
2025-11-17 01:00:00,15.59,0.0,16.984818
2025-11-17 02:00:00,15.16,0.0,17.095293
2025-11-17 03:00:00,14.79,0.0,16.670462
2025-11-17 04:00:00,14.4,0.0,16.670462
2025-11-17 05:00:00,14.06,0.0,15.119749
2025-11-17 06:00:00,13.78,0.0,17.032398
2025-11-17 07:00:00,14.95,0.0,20.909443
2025-11-17 08:00:00,16.87,0.0,21.041834
2025-11-17 09:00:00,19.2,0.0,22.165947
2025-11-17 10:00:00,21.56,0.0,23.203226
2025-11-17 11:00:00,22.64,0.0,26.139996
2025-11-17 12:00:00,23.41,0.0,26.35534
2025-11-17 13:00:00,23.89,0.0,26.234245
2025-11-17 14:00:00,24.06,0.0,26.234245
2025-11-17 15:00:00,23.96,0.0,26.201033
2025-11-17 16:00:00,23.53,0.0,26.4941
2025-11-17 17:00:00,21.67,0.0,22.868883
2025-11-17 18:00:00,20.02,0.0,22.097067
2025-11-17 19:00:00,19.33,0.0,21.819994
2025-11-17 20:00:00,18.59,0.0,23.199791
2025-11-17 21:00:00,17.73,0.0,22.676235
2025-11-17 22:00:00,16.96,0.0,21.252167
2025-11-17 23:00:00,16.38,0.0,18.217197
2025-11-18 00:00:00,15.91,0.0,16.597616
2025-11-18 01:00:00,15.49,0.14,16.77887
2025-11-18 02:00:00,15.11,0.14,16.841211
2025-11-18 03:00:00,14.75,0.14,16.416378
2025-11-18 04:00:00,14.41,0.0,16.416378
2025-11-18 05:00:00,14.1,0.0,15.744446
2025-11-18 06:00:00,13.83,0.0,17.245176
2025-11-18 07:00:00,15.2,0.0,20.93769
2025-11-18 08:00:00,17.42,0.0,21.393238
2025-11-18 09:00:00,19.68,0.0,22.035805
2025-11-18 10:00:00,22.21,0.0,25.823597
2025-11-18 11:00:00,23.43,0.0,30.602587
2025-11-18 12:00:00,24.26,0.0,26.639437
2025-11-18 13:00:00,24.83,0.0,25.97496
2025-11-18 14:00:00,25.08,0.0,25.97496
2025-11-18 15:00:00,24.95,0.0,25.958889
2025-11-18 16:00:00,24.63,0.0,26.243721
2025-11-18 17:00:00,22.65,0.0,25.436468
2025-11-18 18:00:00,20.58,0.0,22.409914
2025-11-18 19:00:00,19.88,0.0,20.758646
2025-11-18 20:00:00,19.39,0.0,22.394075
2025-11-18 21:00:00,18.99,0.0,22.87381
2025-11-18 22:00:00,18.54,0.0,21.971235
2025-11-18 23:00:00,17.91,0.0,18.578123
2025-11-19 00:00:00,17.16,0.0,17.425089
2025-11-19 01:00:00,16.39,0.0,17.21505
2025-11-19 02:00:00,15.72,0.0,16.651018
2025-11-19 03:00:00,15.19,0.0,16.832272
2025-11-19 04:00:00,14.79,0.0,16.40744
2025-11-19 05:00:00,14.5,0.0,16.787584
2025-11-19 06:00:00,14.29,0.0,17.061138
2025-11-19 07:00:00,15.87,0.0,20.747501
2025-11-19 08:00:00,18.56,0.0,21.880085
2025-11-19 09:00:00,20.6,0.0,22.724844
2025-11-19 10:00:00,23.11,0.0,25.98555
2025-11-19 11:00:00,24.36,0.0,26.458977
2025-11-19 12:00:00,25.15,0.0,26.046602
2025-11-19 13:00:00,25.65,0.0,25.97496
2025-11-19 14:00:00,25.85,0.0,25.97496
2025-11-19 15:00:00,25.75,0.0,25.958889
2025-11-19 16:00:00,25.33,0.0,26.243721
2025-11-19 17:00:00,23.65,0.0,25.427254
2025-11-19 18:00:00,21.92,0.0,22.41854
2025-11-19 19:00:00,21.4,0.0,21.749992
2025-11-19 20:00:00,20.99,0.0,22.374102
2025-11-19 21:00:00,20.58,0.0,23.062523
2025-11-19 22:00:00,20.07,0.0,21.951672
2025-11-19 23:00:00,19.47,0.0,18.502375
2025-11-20 00:00:00,18.92,0.0,17.873941
2025-11-20 01:00:00,18.44,0.0,17.8488
2025-11-20 02:00:00,18.05,0.0,18.183025
2025-11-20 03:00:00,17.76,0.0,18.183025
2025-11-20 04:00:00,17.57,0.0,18.183025
2025-11-20 05:00:00,17.45,0.0,18.56317
2025-11-20 06:00:00,17.41,0.0,19.411901
2025-11-20 07:00:00,18.86,0.0,21.90028
2025-11-20 08:00:00,20.8,0.0,22.648777
2025-11-20 09:00:00,23.21,0.0,25.8036
2025-11-20 10:00:00,25.06,0.0,25.487871
2025-11-20 11:00:00,26.03,0.0,25.995287
2025-11-20 12:00:00,26.76,0.0,26.175745
2025-11-20 13:00:00,27.22,0.0,26.104103
2025-11-20 14:00:00,27.37,0.0,25.964178
2025-11-20 15:00:00,27.16,0.0,26.158054
2025-11-20 16:00:00,26.55,0.0,26.328985
2025-11-20 17:00:00,25.15,0.0,25.033585
2025-11-20 18:00:00,23.47,0.0,25.153896
2025-11-20 19:00:00,22.99,0.0,24.980694
2025-11-20 20:00:00,22.55,0.0,25.768475
2025-11-20 21:00:00,22.19,0.0,23.734749
2025-11-20 22:00:00,21.9,0.0,22.556242
2025-11-20 23:00:00,21.67,0.0,18.920652
2025-11-21 00:00:00,21.4,0.0,16.866737
2025-11-21 01:00:00,21.12,0.0,16.828543
2025-11-21 02:00:00,20.92,0.0,16.657305
2025-11-21 03:00:00,20.71,0.01,16.37183
2025-11-21 04:00:00,20.46,0.01,16.37183
2025-11-21 05:00:00,20.2,0.01,16.914848
2025-11-21 06:00:00,19.99,0.01,17.808428
2025-11-21 07:00:00,21.21,0.01,21.4843
2025-11-21 08:00:00,22.82,0.01,24.402233
2025-11-21 09:00:00,24.87,0.01,24.113836
2025-11-21 10:00:00,26.13,0.01,24.623934
2025-11-21 11:00:00,26.89,0.01,24.848766
2025-11-21 12:00:00,27.34,0.01,24.569914
2025-11-21 13:00:00,27.58,0.01,24.451174
2025-11-21 14:00:00,27.54,0.01,24.451174
2025-11-21 15:00:00,27.26,0.01,24.692146
2025-11-21 16:00:00,26.62,0.0,25.304634
2025-11-21 17:00:00,25.29,0.0,23.797842
2025-11-21 18:00:00,23.63,0.0,23.918152
2025-11-21 19:00:00,23.1,0.0,23.420773
2025-11-21 20:00:00,22.68,0.0,24.634777
2025-11-21 21:00:00,22.4,0.0,25.165867
2025-11-21 22:00:00,22.17,0.0,21.733929
2025-11-21 23:00:00,21.88,0.0,18.074297
2025-11-22 00:00:00,21.55,0.0,17.445278
2025-11-22 01:00:00,21.14,0.0,17.407084
2025-11-22 02:00:00,20.67,0.0,17.139927
2025-11-22 03:00:00,20.27,0.0,17.08267
2025-11-22 04:00:00,19.98,0.0,17.273985
2025-11-22 05:00:00,19.69,0.0,17.53322
2025-11-22 06:00:00,19.41,0.0,18.41972
2025-11-22 07:00:00,20.72,0.0,19.135624
2025-11-22 08:00:00,22.52,0.0,21.659708
2025-11-22 09:00:00,24.71,0.0,21.45649
2025-11-22 10:00:00,25.99,0.0,21.188984
2025-11-22 11:00:00,26.73,0.0,21.983593
2025-11-22 12:00:00,27.22,0.0,21.684246
2025-11-22 13:00:00,27.44,0.0,21.581673
2025-11-22 14:00:00,27.38,0.0,21.78961
2025-11-22 15:00:00,27.04,0.0,21.923796
2025-11-22 16:00:00,26.39,0.0,22.232094
2025-11-22 17:00:00,24.91,0.0,21.342587
2025-11-22 18:00:00,23.16,0.0,22.689465
2025-11-22 19:00:00,22.67,0.0,22.715063
2025-11-22 20:00:00,22.26,0.0,23.60489
2025-11-22 21:00:00,21.91,0.0,21.919262
2025-11-22 22:00:00,21.68,0.0,21.3633
2025-11-22 23:00:00,21.51,0.0,18.112951
2025-11-23 00:00:00,21.36,0.0,17.553873
2025-11-23 01:00:00,21.19,0.0,17.515678
2025-11-23 02:00:00,20.61,0.0,17.007124
2025-11-23 03:00:00,20.16,0.0,17.235235
2025-11-23 04:00:00,19.7,0.0,17.426552
2025-11-23 05:00:00,19.33,0.0,6.598762
2025-11-23 06:00:00,19.09,0.0,18.64709
2025-11-23 07:00:00,20.36,0.0,19.257212
2025-11-23 08:00:00,22.28,0.0,21.7628
2025-11-23 09:00:00,24.52,0.0,21.448145
2025-11-23 10:00:00,25.85,0.0,21.104525
2025-11-23 11:00:00,26.73,0.0,22.065918
2025-11-23 12:00:00,27.3,0.0,21.626646
2025-11-23 13:00:00,27.54,0.0,21.62634
2025-11-23 14:00:00,27.56,0.0,21.62634
2025-11-23 15:00:00,27.17,0.0,21.807627
2025-11-23 16:00:00,26.57,0.0,22.280031
2025-11-23 17:00:00,25.14,0.0,21.710363
2025-11-23 18:00:00,23.57,0.0,22.886074
2025-11-23 19:00:00,22.99,0.0,23.08284
2025-11-23 20:00:00,22.51,0.0,23.972668
2025-11-23 21:00:00,22.04,0.0,22.312935
2025-11-23 22:00:00,21.65,0.0,21.756971
2025-11-23 23:00:00,21.34,0.0,18.696943
2025-11-24 00:00:00,21.13,0.0,16.833075
2025-11-24 01:00:00,20.88,0.0,16.833075
2025-11-24 02:00:00,20.64,0.0,16.66155
2025-11-24 03:00:00,20.45,0.0,16.66155
2025-11-24 04:00:00,20.21,0.0,16.66155
2025-11-24 05:00:00,19.99,0.0,17.198563
2025-11-24 06:00:00,19.82,0.0,17.911625
2025-11-24 07:00:00,20.42,0.0,21.74142
2025-11-24 08:00:00,21.64,0.0,22.160038
2025-11-24 09:00:00,23.52,0.0,32.62831
2025-11-24 10:00:00,24.87,0.0,25.197567
2025-11-24 11:00:00,25.65,0.0,25.74754
2025-11-24 12:00:00,26.14,0.0,25.927998
2025-11-24 13:00:00,26.41,0.0,25.856356
2025-11-24 14:00:00,26.4,0.0,25.856356
2025-11-24 15:00:00,25.98,0.0,25.910307
2025-11-24 16:00:00,25.32,0.0,26.135345
2025-11-24 17:00:00,23.63,0.0,25.318878
2025-11-24 18:00:00,21.91,0.0,23.656174
2025-11-24 19:00:00,21.41,0.0,21.727814
2025-11-24 20:00:00,21.03,0.0,22.546017
2025-11-24 21:00:00,20.63,0.0,23.033316
2025-11-24 22:00:00,20.1,0.0,22.123587
2025-11-24 23:00:00,19.55,0.0,18.340157
2025-11-25 00:00:00,19.04,0.0,17.187197
2025-11-25 01:00:00,18.55,0.0,17.187197
2025-11-25 02:00:00,18.08,0.0,17.521433
2025-11-25 03:00:00,17.68,0.0,17.521433
2025-11-25 04:00:00,17.35,0.0,17.409208
2025-11-25 05:00:00,17.06,0.0,17.567781
2025-11-25 06:00:00,16.8,0.0,18.615896
2025-11-25 07:00:00,17.82,0.0,20.751831
2025-11-25 08:00:00,19.68,0.0,21.453836
2025-11-25 09:00:00,21.74,0.0,22.967098
2025-11-25 10:00:00,23.52,0.0,33.596436
2025-11-25 11:00:00,24.45,0.0,25.866142
2025-11-25 12:00:00,25.08,0.0,26.046602
2025-11-25 13:00:00,25.45,0.0,25.97496
2025-11-25 14:00:00,25.55,0.0,25.97496
2025-11-25 15:00:00,25.36,0.0,25.958889
2025-11-25 16:00:00,24.87,0.0,26.243721
2025-11-25 17:00:00,23.29,0.0,25.598421
2025-11-25 18:00:00,21.94,0.0,22.41854
2025-11-25 19:00:00,21.49,0.0,21.749992
2025-11-25 20:00:00,21.43,0.0,22.478317
2025-11-25 21:00:00,21.32,0.0,22.874454
2025-11-25 22:00:00,20.8,0.0,21.682894
2025-11-25 23:00:00,20.25,0.0,18.509521
2025-11-26 00:00:00,19.48,0.0,17.109245
2025-11-26 01:00:00,18.71,0.0,17.265417
2025-11-26 02:00:00,18.12,0.0,17.139158
2025-11-26 03:00:00,17.72,0.0,17.599655
2025-11-26 04:00:00,17.42,0.0,17.599655
2025-11-26 05:00:00,17.12,0.0,17.867563
2025-11-26 06:00:00,16.82,0.0,18.60696
2025-11-26 07:00:00,17.73,0.0,20.830053
2025-11-26 08:00:00,19.39,0.0,21.68814
2025-11-26 09:00:00,21.68,0.0,22.967098
2025-11-26 10:00:00,23.59,0.0,33.596436
2025-11-26 11:00:00,24.42,0.0,25.866142
2025-11-26 12:00:00,24.88,0.0,26.046602
2025-11-26 13:00:00,25.05,0.0,25.97496
2025-11-26 14:00:00,24.93,0.0,25.97496
2025-11-26 15:00:00,24.57,0.0,25.958889
2025-11-26 16:00:00,23.84,0.0,26.602476
2025-11-26 17:00:00,22.09,0.0,22.891062
2025-11-26 18:00:00,20.66,0.0,22.208792
2025-11-26 19:00:00,20.24,0.0,21.809023
2025-11-26 20:00:00,19.79,0.0,21.592503
2025-11-26 21:00:00,19.21,0.0,22.681864
2025-11-26 22:00:00,18.55,0.0,21.971235
2025-11-26 23:00:00,17.87,0.0,18.578123
2025-11-27 00:00:00,17.26,0.0,18.033602
2025-11-27 01:00:00,16.71,0.0,17.798416
2025-11-27 02:00:00,16.23,0.0,17.860754
2025-11-27 03:00:00,15.79,0.0,17.176205
2025-11-27 04:00:00,15.36,0.0,17.357454
2025-11-27 05:00:00,14.95,0.0,17.31277
2025-11-27 06:00:00,14.57,0.0,18.273712
2025-11-27 07:00:00,15.54,0.0,21.453941
2025-11-27 08:00:00,17.64,0.0,21.818996
2025-11-27 09:00:00,19.6,0.0,22.461563
2025-11-27 10:00:00,21.97,0.0,23.670912
2025-11-27 11:00:00,23.06,0.0,26.65132
2025-11-27 12:00:00,23.69,0.0,26.603086
2025-11-27 13:00:00,24.06,0.0,26.481995
2025-11-27 14:00:00,24.16,0.0,26.696938
2025-11-27 15:00:00,24.01,0.0,26.44878
2025-11-27 16:00:00,23.48,0.0,26.801641
2025-11-27 17:00:00,21.43,0.0,23.386843
2025-11-27 18:00:00,19.57,0.0,21.681671
2025-11-27 19:00:00,18.85,0.0,22.470499
2025-11-27 20:00:00,18.17,0.0,23.086416
2025-11-27 21:00:00,17.56,0.0,22.9558
2025-11-27 22:00:00,16.99,0.0,21.531729
2025-11-27 23:00:00,16.46,0.0,18.416824
2025-11-28 00:00:00,16.0,0.01,15.332523
2025-11-28 01:00:00,15.59,0.0,17.434359
2025-11-28 02:00:00,15.28,0.0,17.41502
2025-11-28 03:00:00,15.04,0.0,16.945356
2025-11-28 04:00:00,14.86,0.0,16.945356
2025-11-28 05:00:00,14.77,0.01,17.297056
2025-11-28 06:00:00,14.72,0.01,18.190636
2025-11-28 07:00:00,15.8,0.02,21.042078
2025-11-28 08:00:00,17.74,0.04,21.5941
2025-11-28 09:00:00,19.99,0.03,21.627821
2025-11-28 10:00:00,22.29,0.07,25.153372
2025-11-28 11:00:00,23.51,0.07,29.43864
2025-11-28 12:00:00,24.35,0.04,25.356718
2025-11-28 13:00:00,24.83,0.06,24.692242
2025-11-28 14:00:00,25.0,0.1,24.692242
2025-11-28 15:00:00,24.76,0.07,24.746193
2025-11-28 16:00:00,24.12,0.04,26.011368
2025-11-28 17:00:00,22.46,0.03,24.663467
2025-11-28 18:00:00,20.89,0.04,21.506723
2025-11-28 19:00:00,20.55,0.03,21.0393
2025-11-28 20:00:00,20.31,0.03,21.996782
2025-11-28 21:00:00,20.12,0.06,22.686592
2025-11-28 22:00:00,19.85,0.06,21.225155
2025-11-28 23:00:00,19.51,0.06,18.168316
2025-11-29 00:00:00,19.2,0.1,17.856333
2025-11-29 01:00:00,18.98,0.18,17.996418
2025-11-29 02:00:00,18.93,0.22,17.877893
2025-11-29 03:00:00,18.94,0.18,17.820635
2025-11-29 04:00:00,18.88,0.15,17.820635
2025-11-29 05:00:00,18.92,0.14,18.079868
2025-11-29 06:00:00,19.04,0.13,18.549168
2025-11-29 07:00:00,20.0,0.12,19.135624
2025-11-29 08:00:00,21.4,0.1,19.054964
2025-11-29 09:00:00,23.02,0.15,21.809982
2025-11-29 10:00:00,24.38,0.14,21.906918
2025-11-29 11:00:00,25.33,0.13,22.01719
2025-11-29 12:00:00,25.86,0.14,21.97484
2025-11-29 13:00:00,26.15,0.11,22.05929
2025-11-29 14:00:00,26.2,0.06,22.220129
2025-11-29 15:00:00,25.91,0.03,22.21439
2025-11-29 16:00:00,25.13,0.02,22.345995
2025-11-29 17:00:00,23.55,0.01,21.935421
2025-11-29 18:00:00,21.91,0.01,20.169657
2025-11-29 19:00:00,21.49,0.01,20.110321
2025-11-29 20:00:00,21.21,0.01,21.000147
2025-11-29 21:00:00,20.87,0.01,21.624243
2025-11-29 22:00:00,20.57,0.03,21.551369
2025-11-29 23:00:00,20.39,0.04,18.47961
2025-11-30 00:00:00,20.3,0.06,17.528528
2025-11-30 01:00:00,20.13,0.11,17.503387
2025-11-30 02:00:00,19.93,0.11,17.483809
2025-11-30 03:00:00,19.67,0.07,17.426552
2025-11-30 04:00:00,19.48,0.09,17.843758
2025-11-30 05:00:00,19.37,0.1,6.598762
2025-11-30 06:00:00,19.36,0.06,7.0680594
2025-11-30 07:00:00,20.59,0.03,19.257212
2025-11-30 08:00:00,22.36,0.06,21.7628
2025-11-30 09:00:00,23.75,1.92,21.891506
2025-11-30 10:00:00,24.56,3.1,21.229626
2025-11-30 11:00:00,25.17,4.42,22.048851
2025-11-30 12:00:00,25.56,5.07,21.546858
2025-11-30 13:00:00,25.75,3.87,22.053295
2025-11-30 14:00:00,25.74,2.48,22.053295
2025-11-30 15:00:00,25.42,1.45,21.587914
2025-11-30 16:00:00,24.75,0.45,22.602335
2025-11-30 17:00:00,23.33,0.37,22.474365
2025-11-30 18:00:00,21.86,0.34,20.477812
2025-11-30 19:00:00,21.41,0.44,20.418476
2025-11-30 20:00:00,21.06,1.18,20.913898
2025-11-30 21:00:00,20.82,3.3,22.017914
2025-11-30 22:00:00,20.56,6.07,21.736637
2025-11-30 23:00:00,20.24,7.06,18.8552
2025-12-01 00:00:00,19.9,4.27,20.011898
2025-12-01 01:00:00,19.55,1.21,20.011898
2025-12-01 02:00:00,19.28,0.27,18.859074
2025-12-01 03:00:00,19.21,0.47,18.859074
2025-12-01 04:00:00,19.18,2.08,18.859074
2025-12-01 05:00:00,18.94,5.95,19.387693
2025-12-01 06:00:00,18.69,11.06,20.10076
2025-12-01 07:00:00,18.77,15.75,23.161371
2025-12-01 08:00:00,19.23,18.81,23.314909
2025-12-01 09:00:00,19.87,3.12,23.862226
2025-12-01 10:00:00,21.17,3.5,24.348736
2025-12-01 11:00:00,21.84,3.42,26.099165
2025-12-01 12:00:00,21.91,3.11,26.207
2025-12-01 13:00:00,21.83,2.94,26.085907
2025-12-01 14:00:00,21.6,2.94,24.826096
2025-12-01 15:00:00,21.16,3.05,24.779827
2025-12-01 16:00:00,20.62,2.89,25.388884
2025-12-01 17:00:00,19.95,2.54,22.987766
2025-12-01 18:00:00,19.45,2.03,23.108994
2025-12-01 19:00:00,19.2,1.57,23.230923
2025-12-01 20:00:00,19.01,1.19,24.345287
2025-12-01 21:00:00,18.86,0.83,24.898506
2025-12-01 22:00:00,18.84,0.5,24.346506
2025-12-01 23:00:00,18.8,0.22,21.360615
2025-12-02 00:00:00,18.7,0.12,19.017723
2025-12-02 01:00:00,18.51,0.09,19.017723
2025-12-02 02:00:00,18.34,0.08,18.946703
2025-12-02 03:00:00,18.18,0.09,18.766905
2025-12-02 04:00:00,18.05,0.12,19.227398
2025-12-02 05:00:00,17.97,0.18,19.440475
2025-12-02 06:00:00,17.94,0.04,20.289202
2025-12-02 07:00:00,18.6,0.07,22.90214
2025-12-02 08:00:00,19.76,0.08,23.033686
2025-12-02 09:00:00,21.54,0.11,24.450897
2025-12-02 10:00:00,23.13,0.28,26.81122
2025-12-02 11:00:00,24.11,0.66,27.38261
2025-12-02 12:00:00,24.67,0.95,26.623972
2025-12-02 13:00:00,24.95,0.88,26.55233
2025-12-02 14:00:00,25.01,0.84,26.55233
2025-12-02 15:00:00,24.78,0.85,26.536259
2025-12-02 16:00:00,24.14,0.54,28.083126
2025-12-02 17:00:00,22.83,0.22,27.035904
2025-12-02 18:00:00,21.59,0.05,24.017975
2025-12-02 19:00:00,21.21,0.01,23.34943
2025-12-02 20:00:00,21.0,0.0,24.032995
2025-12-02 21:00:00,20.83,0.0,24.520294
2025-12-02 22:00:00,20.69,0.0,23.349766
2025-12-02 23:00:00,20.42,0.0,20.191605
2025-12-03 00:00:00,19.86,0.0,19.929682
2025-12-03 01:00:00,19.37,0.0,18.913635
2025-12-03 02:00:00,18.95,0.0,19.024925
2025-12-03 03:00:00,18.68,0.0,19.024925
2025-12-03 04:00:00,18.47,0.0,19.024925
2025-12-03 05:00:00,18.31,0.0,19.238003
2025-12-03 06:00:00,18.19,0.0,19.906935
2025-12-03 07:00:00,18.91,0.0,22.980362
2025-12-03 08:00:00,20.22,0.01,23.802868
2025-12-03 09:00:00,22.01,0.01,24.450897
2025-12-03 10:00:00,23.77,0.01,26.826683
2025-12-03 11:00:00,24.76,0.01,26.789776
2025-12-03 12:00:00,25.37,0.01,26.02904
2025-12-03 13:00:00,25.7,0.01,25.957397
2025-12-03 14:00:00,25.76,0.01,25.957397
2025-12-03 15:00:00,25.5,0.0,25.941326
2025-12-03 16:00:00,24.82,0.0,27.490294
2025-12-03 17:00:00,23.27,0.0,27.197857
2025-12-03 18:00:00,21.76,0.0,24.017975
2025-12-03 19:00:00,21.35,0.0,23.34943
2025-12-03 20:00:00,20.99,0.0,24.032995
2025-12-03 21:00:00,20.6,0.0,24.528273
2025-12-03 22:00:00,20.18,0.0,23.633749
2025-12-03 23:00:00,19.74,0.0,19.709505
2025-12-04 00:00:00,19.31,0.0,19.56779
2025-12-04 01:00:00,18.89,0.0,19.734594
2025-12-04 02:00:00,18.5,0.0,19.663574
2025-12-04 03:00:00,18.15,0.0,19.483776
2025-12-04 04:00:00,17.83,0.0,19.94427
2025-12-04 05:00:00,17.56,0.0,20.157347
2025-12-04 06:00:00,17.34,0.0,21.006073
2025-12-04 07:00:00,18.19,0.0,23.439215
2025-12-04 08:00:00,19.69,0.0,23.598324
2025-12-04 09:00:00,21.79,0.0,25.111588
2025-12-04 10:00:00,23.4,0.0,31.661997
2025-12-04 11:00:00,24.33,0.0,27.746685
2025-12-04 12:00:00,24.97,0.0,26.988047
2025-12-04 13:00:00,25.32,0.0,26.321472
2025-12-04 14:00:00,25.39,0.0,26.321472
2025-12-04 15:00:00,25.15,0.0,26.375422
2025-12-04 16:00:00,24.62,0.0,27.924389
2025-12-04 17:00:00,22.99,0.0,27.73358
2025-12-04 18:00:00,21.54,0.0,24.971241
2025-12-04 19:00:00,21.04,0.0,24.092947
2025-12-04 20:00:00,20.62,0.0,24.98626
2025-12-04 21:00:00,20.24,0.0,25.78501
2025-12-04 22:00:00,19.79,0.0,23.63255
2025-12-04 23:00:00,19.38,0.0,21.368292
2025-12-05 00:00:00,19.02,0.0,19.208406
2025-12-05 01:00:00,18.61,0.0,19.183266
2025-12-05 02:00:00,18.11,0.0,19.454798
2025-12-05 03:00:00,17.44,0.0,19.82751
2025-12-05 04:00:00,16.98,0.0,19.735355
2025-12-05 05:00:00,16.63,0.0,19.931501
2025-12-05 06:00:00,16.27,0.0,20.825092
2025-12-05 07:00:00,17.1,0.0,22.907269
2025-12-05 08:00:00,18.9,0.0,23.25261
2025-12-05 09:00:00,20.79,0.0,24.035591
2025-12-05 10:00:00,22.51,0.0,26.213974
2025-12-05 11:00:00,23.4,0.0,30.597206
2025-12-05 12:00:00,23.98,0.0,26.245272
2025-12-05 13:00:00,24.27,0.0,26.443642
2025-12-05 14:00:00,24.26,0.0,26.443642
2025-12-05 15:00:00,24.03,0.0,26.227581
2025-12-05 16:00:00,23.3,0.0,27.462055
2025-12-05 17:00:00,21.57,0.0,23.985468
2025-12-05 18:00:00,20.51,0.0,23.469349
2025-12-05 19:00:00,20.11,0.0,22.868458
2025-12-05 20:00:00,19.68,0.0,23.069849
2025-12-05 21:00:00,19.16,0.0,24.36172
2025-12-05 22:00:00,18.37,0.0,23.980177
2025-12-05 23:00:00,17.61,0.0,20.829891
2025-12-06 00:00:00,17.02,0.0,20.691849
2025-12-06 01:00:00,16.54,0.0,20.678223
2025-12-06 02:00:00,16.13,0.0,20.444761
2025-12-06 03:00:00,15.99,0.0,19.686026
2025-12-06 04:00:00,16.02,0.0,17.740292
2025-12-06 05:00:00,15.89,0.0,19.808004
2025-12-06 06:00:00,15.72,0.0,20.277302
2025-12-06 07:00:00,16.37,0.0,21.657408
2025-12-06 08:00:00,17.63,0.0,21.760784
2025-12-06 09:00:00,19.07,0.0,21.495607
2025-12-06 10:00:00,21.09,0.0,20.839756
2025-12-06 11:00:00,22.5,0.0,23.952951
2025-12-06 12:00:00,23.4,0.0,23.817118
2025-12-06 13:00:00,23.82,0.0,23.852118
2025-12-06 14:00:00,23.87,0.0,24.012957
2025-12-06 15:00:00,23.63,0.0,24.007217
2025-12-06 16:00:00,23.11,0.0,24.597029
2025-12-06 17:00:00,21.49,0.0,21.303247
2025-12-06 18:00:00,20.24,0.0,21.787634
2025-12-06 19:00:00,19.72,0.0,20.903793
2025-12-06 20:00:00,19.15,0.0,22.709114
2025-12-06 21:00:00,18.57,0.0,23.693325
2025-12-06 22:00:00,17.82,0.0,23.997374
2025-12-06 23:00:00,16.99,0.0,20.86156
2025-12-07 00:00:00,16.25,0.0,20.811737
2025-12-07 01:00:00,15.61,0.0,20.28329
2025-12-07 02:00:00,15.04,0.0,19.666113
2025-12-07 03:00:00,14.53,0.0,19.398056
2025-12-07 04:00:00,14.09,0.0,18.757107
2025-12-07 05:00:00,13.69,0.0,19.149164
2025-12-07 06:00:00,13.34,0.0,19.879322
2025-12-07 07:00:00,14.42,0.0,21.834394
2025-12-07 08:00:00,16.45,0.0,21.549759
2025-12-07 09:00:00,18.48,0.0,21.525608
2025-12-07 10:00:00,20.92,0.0,20.79364
2025-12-07 11:00:00,22.13,0.0,21.379583
2025-12-07 12:00:00,22.87,0.0,23.945541
2025-12-07 13:00:00,23.24,0.0,24.017288
2025-12-07 14:00:00,23.25,0.0,24.017288
2025-12-07 15:00:00,23.02,0.0,23.937147
2025-12-07 16:00:00,22.54,0.0,24.778967
2025-12-07 17:00:00,21.15,0.0,21.217
2025-12-07 18:00:00,20.17,0.0,21.887386
2025-12-07 19:00:00,19.52,0.0,21.003546
2025-12-07 20:00:00,19.03,0.0,22.974089
2025-12-07 21:00:00,18.52,0.0,23.878595
2025-12-07 22:00:00,17.97,0.0,24.182644
2025-12-07 23:00:00,17.25,0.0,21.871773
2025-12-08 00:00:00,16.38,0.0,19.071283
2025-12-08 01:00:00,15.75,0.0,18.564795
2025-12-08 02:00:00,15.47,0.0,18.856522
2025-12-08 03:00:00,15.36,0.0,18.856522
2025-12-08 04:00:00,15.13,0.0,18.856522
2025-12-08 05:00:00,14.59,0.0,18.70828
2025-12-08 06:00:00,14.06,0.0,17.938799
2025-12-08 07:00:00,15.08,0.0,22.601582
2025-12-08 08:00:00,17.41,0.0,22.955532
2025-12-08 09:00:00,19.52,0.0,23.862226
2025-12-08 10:00:00,21.96,0.0,25.621605
2025-12-08 11:00:00,23.24,0.0,27.460512
2025-12-08 12:00:00,24.01,0.0,27.347733
2025-12-08 13:00:00,24.48,0.0,26.898201
2025-12-08 14:00:00,24.66,0.0,26.898201
2025-12-08 15:00:00,24.47,0.0,26.952152
2025-12-08 16:00:00,23.8,0.0,27.975605
2025-12-08 17:00:00,21.61,0.0,24.70325
2025-12-08 18:00:00,20.02,0.0,23.858568
2025-12-08 19:00:00,19.18,0.0,23.230923
2025-12-08 20:00:00,17.98,0.0,23.642673
2025-12-08 21:00:00,16.94,0.0,23.741049
2025-12-08 22:00:00,16.2,0.0,22.900629
2025-12-08 23:00:00,15.58,0.0,19.150164
2025-12-09 00:00:00,15.05,0.0,18.060001
2025-12-09 01:00:00,14.64,0.0,18.060001
2025-12-09 02:00:00,14.23,0.0,17.141718
2025-12-09 03:00:00,13.9,0.0,17.540459
2025-12-09 04:00:00,13.63,0.0,17.540459
2025-12-09 05:00:00,13.43,0.0,17.76312
2025-12-09 06:00:00,13.28,0.0,18.984936
2025-12-09 07:00:00,14.36,0.0,21.837065
2025-12-09 08:00:00,16.87,0.0,22.617338
2025-12-09 09:00:00,19.08,0.0,24.041903
2025-12-09 10:00:00,21.66,0.0,24.10386
2025-12-09 11:00:00,23.2,0.0,27.344187
2025-12-09 12:00:00,24.06,0.0,27.001862
2025-12-09 13:00:00,24.55,0.0,26.55233
2025-12-09 14:00:00,24.72,0.0,26.55233
2025-12-09 15:00:00,24.57,0.0,26.536259
2025-12-09 16:00:00,23.84,0.0,27.849049
2025-12-09 17:00:00,21.94,0.0,24.4905
2025-12-09 18:00:00,20.68,0.0,23.816208
2025-12-09 19:00:00,20.02,0.0,23.431644
2025-12-09 20:00:00,19.27,0.0,23.72558
2025-12-09 21:00:00,18.32,0.0,24.195679
2025-12-09 22:00:00,17.3,0.0,22.929934
2025-12-09 23:00:00,16.48,0.0,19.186918
2025-12-10 00:00:00,15.79,0.0,18.29464
2025-12-10 01:00:00,15.21,0.0,18.475895
2025-12-10 02:00:00,14.76,0.0,18.113401
2025-12-10 03:00:00,14.43,0.0,18.113401
2025-12-10 04:00:00,14.21,0.0,17.13278
2025-12-10 05:00:00,14.02,0.0,17.25163
2025-12-10 06:00:00,13.82,0.0,18.975998
2025-12-10 07:00:00,14.61,0.0,22.46766
2025-12-10 08:00:00,16.59,0.0,22.628853
2025-12-10 09:00:00,18.59,0.0,24.032267
2025-12-10 10:00:00,21.5,0.0,24.10386
2025-12-10 11:00:00,22.96,0.0,27.182232
2025-12-10 12:00:00,23.75,0.0,27.051313
2025-12-10 13:00:00,24.22,0.0,27.145164
2025-12-10 14:00:00,24.41,0.0,26.55233
2025-12-10 15:00:00,24.31,0.0,27.129093
2025-12-10 16:00:00,23.71,0.0,27.849049
2025-12-10 17:00:00,21.47,0.0,24.4905
2025-12-10 18:00:00,19.91,0.0,22.341774
2025-12-10 19:00:00,19.11,0.0,22.832268
2025-12-10 20:00:00,18.27,0.0,23.685736
2025-12-10 21:00:00,17.4,0.0,23.259779
2025-12-10 22:00:00,16.48,0.0,22.197802
2025-12-10 23:00:00,15.66,0.0,18.482939
2025-12-11 00:00:00,14.98,0.0,18.656658
2025-12-11 01:00:00,14.4,0.0,18.631517
2025-12-11 02:00:00,13.89,0.0,18.111975
2025-12-11 03:00:00,13.44,0.0,17.977663
2025-12-11 04:00:00,13.02,0.0,17.977663
2025-12-11 05:00:00,12.62,0.0,18.20032
2025-12-11 06:00:00,12.24,0.0,19.3938
2025-12-11 07:00:00,13.3,0.0,22.602367
2025-12-11 08:00:00,15.97,0.0,23.272427
2025-12-11 09:00:00,18.14,0.0,24.426746
2025-12-11 10:00:00,21.16,0.0,24.751495
2025-12-11 11:00:00,22.76,0.0,27.809885
2025-12-11 12:00:00,23.6,0.0,27.415388
2025-12-11 13:00:00,24.1,0.0,27.50924
2025-12-11 14:00:00,24.31,0.0,27.50924
2025-12-11 15:00:00,24.23,0.0,27.56319
2025-12-11 16:00:00,23.69,0.0,28.283144
2025-12-11 17:00:00,21.61,0.0,25.22121
2025-12-11 18:00:00,20.2,0.0,24.957403
2025-12-11 19:00:00,19.56,0.0,22.887909
2025-12-11 20:00:00,18.86,0.0,24.77474
2025-12-11 21:00:00,17.94,0.0,24.24217
2025-12-11 22:00:00,16.99,0.0,23.168676
2025-12-11 23:00:00,16.08,0.0,19.628418
2025-12-12 00:00:00,15.24,0.0,19.345291
2025-12-12 01:00:00,14.54,0.0,18.895317
2025-12-12 02:00:00,13.93,0.0,18.400509
2025-12-12 03:00:00,13.47,0.0,18.221357
2025-12-12 04:00:00,13.14,0.0,18.221357
2025-12-12 05:00:00,12.88,0.0,18.022757
2025-12-12 06:00:00,12.67,0.0,19.177214
2025-12-12 07:00:00,13.81,0.0,22.491755
2025-12-12 08:00:00,16.86,0.0,23.220673
2025-12-12 09:00:00,18.93,0.0,23.772799
2025-12-12 10:00:00,21.76,0.0,23.701605
2025-12-12 11:00:00,23.05,0.0,26.516794
2025-12-12 12:00:00,23.8,0.0,26.294722
2025-12-12 13:00:00,24.28,0.0,26.443642
2025-12-12 14:00:00,24.47,0.0,25.850807
2025-12-12 15:00:00,24.31,0.0,26.497591
2025-12-12 16:00:00,23.92,0.0,27.29089
2025-12-12 17:00:00,22.08,0.0,23.95243
2025-12-12 18:00:00,21.04,0.0,23.341093
2025-12-12 19:00:00,20.59,0.0,22.800802
2025-12-12 20:00:00,20.06,0.0,23.758284
2025-12-12 21:00:00,19.57,0.0,23.560146
2025-12-12 22:00:00,18.88,0.0,23.980177
2025-12-12 23:00:00,17.66,0.0,20.829891
2025-12-13 00:00:00,16.75,0.0,20.703363
2025-12-13 01:00:00,15.9,0.0,19.993664
2025-12-13 02:00:00,15.09,0.0,19.634823
2025-12-13 03:00:00,14.39,0.0,18.64558
2025-12-13 04:00:00,13.9,0.0,19.148144
2025-12-13 05:00:00,13.59,0.0,19.108646
2025-12-13 06:00:00,13.36,0.0,19.838806
2025-12-13 07:00:00,14.44,0.0,21.770212
2025-12-13 08:00:00,17.31,0.0,21.760784
2025-12-13 09:00:00,19.46,0.0,21.36616
2025-12-13 10:00:00,21.98,0.0,20.912146
2025-12-13 11:00:00,23.25,0.0,24.027355
2025-12-13 12:00:00,24.0,0.0,23.767668
2025-12-13 13:00:00,24.42,0.0,23.66019
2025-12-13 14:00:00,24.47,0.0,23.821028
2025-12-13 15:00:00,24.1,0.0,24.2092
2025-12-13 16:00:00,23.42,0.0,24.425863
2025-12-13 17:00:00,21.4,0.0,21.303247
2025-12-13 18:00:00,19.78,0.0,20.903793
2025-12-13 19:00:00,19.24,0.0,21.819286
2025-12-13 20:00:00,19.14,0.0,22.709114
2025-12-13 21:00:00,18.95,0.0,23.693325
2025-12-13 22:00:00,18.27,0.0,23.737293
2025-12-13 23:00:00,17.71,0.0,21.496183
2025-12-14 00:00:00,17.1,0.0,20.558598
2025-12-14 01:00:00,16.48,0.0,20.786596
2025-12-14 02:00:00,15.75,0.0,19.90969
2025-12-14 03:00:00,15.06,0.0,19.602795
2025-12-14 04:00:00,14.54,0.0,19.398056
2025-12-14 05:00:00,14.15,0.0,18.88832
2025-12-14 06:00:00,13.88,0.0,20.013636
2025-12-14 07:00:00,14.83,0.0,21.577545
2025-12-14 08:00:00,17.48,0.0,21.74685
2025-12-14 09:00:00,19.51,0.0,21.01216
2025-12-14 10:00:00,21.9,0.0,20.86603
2025-12-14 11:00:00,23.03,0.0,23.984612
2025-12-14 12:00:00,23.75,0.0,23.848778
2025-12-14 13:00:00,24.21,0.0,24.247028
2025-12-14 14:00:00,24.37,0.0,24.247028
2025-12-14 15:00:00,24.24,0.0,24.24129
2025-12-14 16:00:00,23.69,0.0,24.682203
2025-12-14 17:00:00,21.66,0.0,21.611403
2025-12-14 18:00:00,20.1,0.0,21.887386
2025-12-14 19:00:00,19.53,0.0,21.003546
2025-12-14 20:00:00,19.34,0.0,22.808867
2025-12-14 21:00:00,18.68,0.0,23.878595
2025-12-14 22:00:00,18.2,0.0,23.922564
2025-12-14 23:00:00,17.45,0.0,21.871773
2025-12-15 00:00:00,16.74,0.0,19.071283
2025-12-15 01:00:00,16.11,0.0,19.131172
2025-12-15 02:00:00,15.57,0.0,18.856522
2025-12-15 03:00:00,15.15,0.0,18.856522
2025-12-15 04:00:00,14.8,0.0,18.431688
2025-12-15 05:00:00,14.47,0.0,18.70828
2025-12-15 06:00:00,14.17,0.0,18.009449
2025-12-15 07:00:00,15.0,0.0,22.601582
2025-12-15 08:00:00,17.62,0.0,22.955532
2025-12-15 09:00:00,19.78,0.0,23.862226
2025-12-15 10:00:00,22.13,0.0,24.275595
2025-12-15 11:00:00,23.29,0.0,27.460512
2025-12-15 12:00:00,24.1,0.0,27.562677
2025-12-15 13:00:00,24.6,0.0,26.898201
2025-12-15 14:00:00,24.83,0.0,26.898201
2025-12-15 15:00:00,24.79,0.0,26.952152
2025-12-15 16:00:00,24.25,0.0,28.209682
2025-12-15 17:00:00,22.31,0.0,27.16246
2025-12-15 18:00:00,20.47,0.0,24.322422
2025-12-15 19:00:00,19.74,0.0,22.429348
2025-12-15 20:00:00,19.14,0.0,24.153341
2025-12-15 21:00:00,18.55,0.0,24.898506
2025-12-15 22:00:00,17.92,0.0,23.632763
2025-12-15 23:00:00,17.26,0.0,20.793236
2025-12-16 00:00:00,16.62,0.0,18.929955
2025-12-16 01:00:00,16.01,0.0,16.357859
2025-12-16 02:00:00,15.46,0.0,18.547169
2025-12-16 03:00:00,14.98,0.0,18.122337
2025-12-16 04:00:00,14.56,0.0,18.122337
2025-12-16 05:00:00,14.22,0.0,17.435032
2025-12-16 06:00:00,13.98,0.0,18.984936
2025-12-16 07:00:00,15.24,0.0,22.476599
2025-12-16 08:00:00,18.04,0.0,22.838898
2025-12-16 09:00:00,20.5,0.0,24.304693
2025-12-16 10:00:00,22.69,0.0,26.649265
2025-12-16 11:00:00,23.68,0.0,27.285145
2025-12-16 12:00:00,24.3,0.0,27.216806
2025-12-16 13:00:00,24.67,0.0,26.55233
2025-12-16 14:00:00,24.8,0.0,26.55233
2025-12-16 15:00:00,24.6,0.0,26.536259
2025-12-16 16:00:00,24.16,0.0,28.083126
2025-12-16 17:00:00,22.7,0.0,27.035904
2025-12-16 18:00:00,21.57,0.0,24.017975
2025-12-16 19:00:00,21.07,0.0,23.139683
2025-12-16 20:00:00,20.54,0.0,24.257301
2025-12-16 21:00:00,19.55,0.0,23.211794
2025-12-16 22:00:00,18.66,0.0,23.643679
2025-12-16 23:00:00,17.71,0.0,20.126007
2025-12-17 00:00:00,16.81,0.0,18.909502
2025-12-17 01:00:00,16.04,0.0,16.34892
2025-12-17 02:00:00,15.42,0.0,18.538233
2025-12-17 03:00:00,14.96,0.0,18.113401
2025-12-17 04:00:00,14.59,0.0,18.113401
2025-12-17 05:00:00,14.25,0.0,17.426094
2025-12-17 06:00:00,13.92,0.0,18.975998
2025-12-17 07:00:00,14.8,0.0,22.46766
2025-12-17 08:00:00,16.97,0.0,22.617338
2025-12-17 09:00:00,19.31,0.0,23.849958
2025-12-17 10:00:00,22.07,0.0,24.10386
2025-12-17 11:00:00,23.4,0.0,31.52622
2025-12-17 12:00:00,24.21,0.0,27.216806
2025-12-17 13:00:00,24.73,0.0,26.55233
2025-12-17 14:00:00,24.93,0.0,26.55233
2025-12-17 15:00:00,24.8,0.0,26.536259
2025-12-17 16:00:00,24.32,0.0,28.083126
2025-12-17 17:00:00,22.37,0.0,27.035904
2025-12-17 18:00:00,20.88,0.0,23.80823
2025-12-17 19:00:00,19.83,0.0,22.030695
2025-12-17 20:00:00,18.84,0.0,23.90789
2025-12-17 21:00:00,17.7,0.0,23.259779
2025-12-17 22:00:00,16.65,0.0,22.197802
2025-12-17 23:00:00,15.84,0.0,18.76157
2025-12-18 00:00:00,15.15,0.0,19.081491
2025-12-18 01:00:00,14.59,0.0,18.631517
2025-12-18 02:00:00,14.13,0.0,17.609417
2025-12-18 03:00:00,13.75,0.0,18.111975
2025-12-18 04:00:00,13.43,0.0,17.977663
2025-12-18 05:00:00,13.15,0.0,18.20032
2025-12-18 06:00:00,12.92,0.0,19.422142
2025-12-18 07:00:00,13.87,0.0,22.73668
2025-12-18 08:00:00,16.27,0.0,23.203129
2025-12-18 09:00:00,18.62,0.0,24.60654
2025-12-18 10:00:00,21.3,0.0,24.76455
2025-12-18 11:00:00,22.87,0.0,27.809885
2025-12-18 12:00:00,23.77,0.0,27.415388
2025-12-18 13:00:00,24.31,0.0,27.50924
2025-12-18 14:00:00,24.51,0.0,26.916405
2025-12-18 15:00:00,24.37,0.0,27.56319
2025-12-18 16:00:00,23.75,0.0,28.283144
2025-12-18 17:00:00,21.47,0.0,25.22121
2025-12-18 18:00:00,19.81,0.0,23.0926
2025-12-18 19:00:00,18.99,0.0,23.881428
2025-12-18 20:00:00,18.06,0.0,23.806694
2025-12-18 21:00:00,16.94,0.0,24.02061
2025-12-18 22:00:00,15.91,0.0,22.908268
2025-12-18 23:00:00,15.12,0.0,19.287846
2025-12-19 00:00:00,14.48,0.0,18.920458
2025-12-19 01:00:00,13.97,0.0,18.500084
2025-12-19 02:00:00,13.53,0.0,18.266197
2025-12-19 03:00:00,13.16,0.0,18.221357
2025-12-19 04:00:00,12.82,0.0,18.221357
2025-12-19 05:00:00,12.54,0.0,17.994415
2025-12-19 06:00:00,12.28,0.0,19.148872
2025-12-19 07:00:00,13.26,0.0,22.357443
2025-12-19 08:00:00,15.59,0.0,23.637089
2025-12-19 09:00:00,18.04,0.0,23.635324
2025-12-19 10:00:00,20.82,0.0,23.68855
2025-12-19 11:00:00,22.35,0.0,26.516794
2025-12-19 12:00:00,23.27,0.0,26.465889
2025-12-19 13:00:00,23.79,0.0,26.17363
2025-12-19 14:00:00,23.96,0.0,26.17363
2025-12-19 15:00:00,23.69,0.0,26.227581
2025-12-19 16:00:00,23.28,0.0,27.462055
2025-12-19 17:00:00,21.62,0.0,23.985468
2025-12-19 18:00:00,20.33,0.0,23.537003
2025-12-19 19:00:00,19.65,0.0,22.180021
2025-12-19 20:00:00,18.89,0.0,24.063368
2025-12-19 21:00:00,18.3,0.0,24.553665
2025-12-19 22:00:00,17.4,0.0,23.740362
2025-12-19 23:00:00,16.63,0.0,19.952469
2025-12-20 00:00:00,15.99,0.0,20.018805
2025-12-20 01:00:00,15.4,0.0,20.174917
2025-12-20 02:00:00,14.84,0.0,19.634823
2025-12-20 03:00:00,14.29,0.0,18.64558
2025-12-20 04:00:00,13.8,0.0,19.148144
2025-12-20 05:00:00,13.45,0.0,19.108646
2025-12-20 06:00:00,13.21,0.0,19.316944
2025-12-20 07:00:00,14.16,0.0,21.133276
2025-12-20 08:00:00,16.95,0.0,21.55218
2025-12-20 09:00:00,19.22,0.0,21.330385
2025-12-20 10:00:00,21.73,0.0,20.85281
2025-12-20 11:00:00,22.87,0.0,23.952951
2025-12-20 12:00:00,23.54,0.0,23.817118
2025-12-20 13:00:00,23.94,0.0,23.852118
2025-12-20 14:00:00,24.06,0.0,24.012957
2025-12-20 15:00:00,23.95,0.0,24.007217
2025-12-20 16:00:00,23.36,0.0,24.597029
2025-12-20 17:00:00,21.51,0.0,21.303247
2025-12-20 18:00:00,20.05,0.0,21.787634
2025-12-20 19:00:00,19.61,0.0,20.903793
2025-12-20 20:00:00,19.06,0.0,22.874336
2025-12-20 21:00:00,18.65,0.0,23.693325
2025-12-20 22:00:00,18.24,0.0,23.737293
2025-12-20 23:00:00,17.87,0.0,21.496183
2025-12-21 00:00:00,17.5,0.0,20.878729
2025-12-21 01:00:00,16.81,0.0,20.77508
2025-12-21 02:00:00,15.88,0.0,19.90969
2025-12-21 03:00:00,15.23,0.0,20.027626
2025-12-21 04:00:00,14.81,0.0,19.398056
2025-12-21 05:00:00,14.52,0.0,19.529264
2025-12-21 06:00:00,14.31,0.0,19.618475
2025-12-21 07:00:00,15.3,0.0,21.94269
2025-12-21 08:00:00,17.56,0.0,21.74685
2025-12-21 09:00:00,19.85,0.0,21.01216
2025-12-21 10:00:00,22.02,0.0,20.86603
2025-12-21 11:00:00,23.04,0.0,23.984612
2025-12-21 12:00:00,23.71,0.0,23.848778
2025-12-21 13:00:00,24.1,0.0,24.048105
2025-12-21 14:00:00,24.19,0.0,24.048105
2025-12-21 15:00:00,24.0,0.0,23.840384
2025-12-21 16:00:00,23.31,0.0,24.85337
2025-12-21 17:00:00,21.27,0.0,21.611403
2025-12-21 18:00:00,19.43,0.0,21.592417
2025-12-21 19:00:00,18.84,0.0,22.084263
2025-12-21 20:00:00,18.54,0.0,22.974089
2025-12-21 21:00:00,18.3,0.0,23.878595
2025-12-21 22:00:00,18.21,0.0,23.922564
2025-12-21 23:00:00,17.67,0.0,21.871773
2025-12-22 00:00:00,17.07,0.0,19.059769
2025-12-22 01:00:00,16.45,0.0,19.071283
2025-12-22 02:00:00,15.79,0.0,18.675268
2025-12-22 03:00:00,15.18,0.0,18.856522
2025-12-22 04:00:00,14.68,0.0,18.431688
2025-12-22 05:00:00,14.29,0.0,17.697763
2025-12-22 06:00:00,13.99,0.0,18.877527
2025-12-22 07:00:00,14.8,0.0,22.601582
2025-12-22 08:00:00,16.72,0.0,22.745487
2025-12-22 09:00:00,18.87,0.0,24.209291
2025-12-22 10:00:00,21.04,0.0,24.225065
2025-12-22 11:00:00,22.24,0.0,27.29856
2025-12-22 12:00:00,23.08,0.0,27.406397
2025-12-22 13:00:00,23.6,0.0,27.27609
2025-12-22 14:00:00,23.77,0.0,27.27609
2025-12-22 15:00:00,23.53,0.0,27.242878
2025-12-22 16:00:00,22.87,0.0,27.984818
2025-12-22 17:00:00,20.95,0.0,24.599035
2025-12-22 18:00:00,19.69,0.0,22.63404
2025-12-22 19:00:00,19.39,0.0,23.230923
2025-12-22 20:00:00,19.32,0.0,24.153341
2025-12-22 21:00:00,18.94,0.0,24.898506
2025-12-22 22:00:00,18.16,0.0,24.198856
2025-12-22 23:00:00,17.4,0.0,20.793236
2025-12-23 00:00:00,16.63,0.0,18.929955
2025-12-23 01:00:00,15.9,0.0,18.303577
2025-12-23 02:00:00,15.06,0.0,18.122337
2025-12-23 03:00:00,14.39,0.0,17.141718
2025-12-23 04:00:00,13.92,0.0,17.540459
2025-12-23 05:00:00,13.59,0.0,17.76312
2025-12-23 06:00:00,13.32,0.0,18.984936
2025-12-23 07:00:00,14.18,0.0,21.733244
2025-12-23 08:00:00,16.48,0.0,22.628853
2025-12-23 09:00:00,19.01,0.0,24.041903
2025-12-23 10:00:00,21.36,0.0,24.10386
2025-12-23 11:00:00,22.51,0.0,27.182232
2025-12-23 12:00:00,23.25,0.0,27.222479
2025-12-23 13:00:00,23.7,0.0,26.93022
2025-12-23 14:00:00,23.86,0.0,26.93022
2025-12-23 15:00:00,23.68,0.0,26.826984
2025-12-23 16:00:00,23.11,0.0,28.020214
2025-12-23 17:00:00,21.44,0.0,24.4905
2025-12-23 18:00:00,19.83,0.0,22.235386
2025-12-23 19:00:00,19.46,0.0,22.505646
2025-12-23 20:00:00,19.14,0.0,23.72558
2025-12-23 21:00:00,18.41,0.0,24.195679
2025-12-23 22:00:00,17.66,0.0,22.929934
2025-12-23 23:00:00,16.75,0.0,19.186918
2025-12-24 00:00:00,15.96,0.0,18.29464
2025-12-24 01:00:00,15.29,0.0,18.475895
2025-12-24 02:00:00,14.73,0.0,18.113401
2025-12-24 03:00:00,14.25,0.0,17.13278
2025-12-24 04:00:00,13.86,0.0,17.531525
2025-12-24 05:00:00,13.55,0.0,17.754185
2025-12-24 06:00:00,13.27,0.0,18.975998
2025-12-24 07:00:00,14.3,0.0,21.828129
2025-12-24 08:00:00,16.64,0.0,22.628853
2025-12-24 09:00:00,19.28,0.0,23.849958
2025-12-24 10:00:00,21.66,0.0,24.10386
2025-12-24 11:00:00,22.83,0.0,27.182232
2025-12-24 12:00:00,23.63,0.0,27.051313
2025-12-24 13:00:00,24.12,0.0,27.145164
2025-12-24 14:00:00,24.34,0.0,27.145164
2025-12-24 15:00:00,24.21,0.0,27.129093
2025-12-24 16:00:00,23.76,0.0,27.849049
2025-12-24 17:00:00,21.97,0.0,24.4905
2025-12-24 18:00:00,20.64,0.0,23.816208
2025-12-24 19:00:00,19.88,0.0,22.030695
2025-12-24 20:00:00,19.35,0.0,23.72558
2025-12-24 21:00:00,18.62,0.0,24.195679
2025-12-24 22:00:00,17.81,0.0,22.929934
2025-12-24 23:00:00,16.94,0.0,19.175402
2025-12-25 00:00:00,16.06,0.0,16.954515
2025-12-25 01:00:00,15.31,0.0,19.056349
2025-12-25 02:00:00,14.75,0.0,18.693855
2025-12-25 03:00:00,14.33,0.0,17.713234
2025-12-25 04:00:00,13.97,0.0,18.111975
2025-12-25 05:00:00,13.66,0.0,18.20032
2025-12-25 06:00:00,13.38,0.0,19.422142
2025-12-25 07:00:00,14.34,0.0,22.408585
2025-12-25 08:00:00,17.01,0.0,23.191612
2025-12-25 09:00:00,19.29,0.0,24.414597
2025-12-25 10:00:00,21.72,0.0,24.76455
2025-12-25 11:00:00,22.78,0.0,27.809885
2025-12-25 12:00:00,23.43,0.0,27.415388
2025-12-25 13:00:00,23.79,0.0,27.294294
2025-12-25 14:00:00,23.87,0.0,27.294294
2025-12-25 15:00:00,23.56,0.0,27.261082
2025-12-25 16:00:00,22.95,0.0,28.555937
2025-12-25 17:00:00,20.99,0.0,25.011465
2025-12-25 18:00:00,19.49,0.0,23.567553
2025-12-25 19:00:00,18.94,0.0,23.881428
2025-12-25 20:00:00,18.85,0.0,24.77474
2025-12-25 21:00:00,18.32,0.0,25.178068
2025-12-25 22:00:00,17.58,0.0,23.912325
2025-12-25 23:00:00,16.82,0.0,20.042252
2025-12-26 00:00:00,16.16,0.0,19.730412
2025-12-26 01:00:00,15.59,0.0,19.32015
2025-12-26 02:00:00,15.08,0.0,18.875977
2025-12-26 03:00:00,14.69,0.0,18.831139
2025-12-26 04:00:00,14.39,0.0,17.853111
2025-12-26 05:00:00,14.13,0.0,18.117981
2025-12-26 06:00:00,13.91,0.0,19.311525
2025-12-26 07:00:00,14.72,0.0,23.089598
2025-12-26 08:00:00,17.05,0.0,23.220673
2025-12-26 09:00:00,19.47,0.0,23.61663
2025-12-26 10:00:00,21.76,0.0,23.701605
2025-12-26 11:00:00,22.8,0.0,26.516794
2025-12-26 12:00:00,23.48,0.0,26.294722
2025-12-26 13:00:00,23.89,0.0,26.17363
2025-12-26 14:00:00,24.02,0.0,26.17363
2025-12-26 15:00:00,23.81,0.0,26.227581
2025-12-26 16:00:00,23.19,0.0,27.462055
2025-12-26 17:00:00,21.43,0.0,23.985468
2025-12-26 18:00:00,19.81,0.0,22.384712
2025-12-26 19:00:00,19.26,0.0,22.981594
2025-12-26 20:00:00,19.01,0.0,24.063368
2025-12-26 21:00:00,18.55,0.0,24.553665
2025-12-26 22:00:00,18.03,0.0,23.740362
2025-12-26 23:00:00,17.25,0.0,20.829891
2025-12-27 00:00:00,16.41,0.0,20.703363
2025-12-27 01:00:00,15.44,0.0,20.174917
2025-12-27 02:00:00,14.7,0.0,19.634823
2025-12-27 03:00:00,14.24,0.0,18.64558
2025-12-27 04:00:00,13.9,0.0,19.148144
2025-12-27 05:00:00,13.6,0.0,19.108646
2025-12-27 06:00:00,13.32,0.0,19.838806
2025-12-27 07:00:00,14.17,0.0,21.133276
2025-12-27 08:00:00,16.59,0.0,21.563694
2025-12-27 09:00:00,18.75,0.0,21.495607
2025-12-27 10:00:00,21.22,0.0,20.85281
2025-12-27 11:00:00,22.52,0.0,23.952951
2025-12-27 12:00:00,23.44,0.0,23.817118
2025-12-27 13:00:00,24.06,0.0,23.852118
2025-12-27 14:00:00,24.37,0.0,24.413862
2025-12-27 15:00:00,24.31,0.0,24.408123
2025-12-27 16:00:00,23.69,0.0,24.425863
2025-12-27 17:00:00,21.26,0.0,21.303247
2025-12-27 18:00:00,19.54,0.0,20.903793
2025-12-27 19:00:00,18.73,0.0,21.984509
2025-12-27 20:00:00,18.03,0.0,23.134417
2025-12-27 21:00:00,17.36,0.0,23.985552
2025-12-27 22:00:00,16.61,0.0,23.859535
2025-12-27 23:00:00,15.79,0.0,20.407125
2025-12-28 00:00:00,15.06,0.0,19.8836
2025-12-28 01:00:00,14.47,0.0,19.85846
2025-12-28 02:00:00,14.01,0.0,18.768312
2025-12-28 03:00:00,13.62,0.0,19.125357
2025-12-28 04:00:00,13.3,0.0,19.125357
2025-12-28 05:00:00,13.04,0.0,19.007061
2025-12-28 06:00:00,12.81,0.0,19.215359
2025-12-28 07:00:00,13.72,0.0,21.592623
2025-12-28 08:00:00,16.43,0.0,21.549759
2025-12-28 09:00:00,18.94,0.0,21.525608
2025-12-28 10:00:00,21.58,0.0,20.806694
2025-12-28 11:00:00,22.69,0.0,23.984612
2025-12-28 12:00:00,23.45,0.0,23.848778
2025-12-28 13:00:00,23.93,0.0,23.846123
2025-12-28 14:00:00,24.21,0.0,24.247028
2025-12-28 15:00:00,24.16,0.0,24.042366
2025-12-28 16:00:00,23.7,0.0,24.682203
2025-12-28 17:00:00,21.84,0.0,21.67074
2025-12-28 18:00:00,20.03,0.0,21.887386
2025-12-28 19:00:00,19.3,0.0,21.919039
2025-12-28 20:00:00,18.55,0.0,22.974089
2025-12-28 21:00:00,17.8,0.0,24.170822
2025-12-28 22:00:00,17.01,0.0,23.754972
2025-12-28 23:00:00,16.23,0.0,21.526983
2025-12-29 00:00:00,15.47,0.0,18.74605
2025-12-29 01:00:00,14.77,0.0,18.321217
2025-12-29 02:00:00,14.13,0.0,16.678696
2025-12-29 03:00:00,13.63,0.0,17.617416
2025-12-29 04:00:00,13.24,0.0,17.617416
2025-12-29 05:00:00,12.92,0.0,17.903587
2025-12-29 06:00:00,12.66,0.0,18.877527
2025-12-29 07:00:00,13.75,0.0,22.057753
2025-12-29 08:00:00,16.6,0.0,22.745487
2025-12-29 09:00:00,19.1,0.0,23.982641
2025-12-29 10:00:00,21.52,0.0,24.36179
2025-12-29 11:00:00,22.66,0.0,27.29856
2025-12-29 12:00:00,23.41,0.0,27.397182
2025-12-29 13:00:00,23.87,0.0,27.27609
2025-12-29 14:00:00,24.01,0.0,27.27609
2025-12-29 15:00:00,23.74,0.0,27.242878
2025-12-29 16:00:00,23.03,0.0,27.984818
2025-12-29 17:00:00,20.89,0.0,24.599035
2025-12-29 18:00:00,19.74,0.0,22.63404
2025-12-29 19:00:00,19.45,0.0,22.9043
2025-12-29 20:00:00,19.12,0.0,24.153341
2025-12-29 21:00:00,18.81,0.0,24.898506
2025-12-29 22:00:00,18.26,0.0,24.378654
2025-12-29 23:00:00,17.35,0.0,20.793236
2025-12-30 00:00:00,16.44,0.0,18.929955
2025-12-30 01:00:00,15.38,0.0,18.484833
2025-12-30 02:00:00,14.62,0.0,18.122337
2025-12-30 03:00:00,14.12,0.0,17.037899
2025-12-30 04:00:00,13.75,0.0,17.540459
2025-12-30 05:00:00,13.42,0.0,17.76312
2025-12-30 06:00:00,13.12,0.0,18.984936
2025-12-30 07:00:00,14.11,0.0,21.733244
2025-12-30 08:00:00,16.53,0.0,22.628853
2025-12-30 09:00:00,19.1,0.0,23.849958
2025-12-30 10:00:00,21.64,0.0,24.10386
2025-12-30 11:00:00,22.95,0.0,27.182232
2025-12-30 12:00:00,23.82,0.0,27.051313
2025-12-30 13:00:00,24.37,0.0,27.145164
2025-12-30 14:00:00,24.55,0.0,26.55233
2025-12-30 15:00:00,24.33,0.0,27.129093
2025-12-30 16:00:00,23.67,0.0,27.849049
2025-12-30 17:00:00,21.48,0.0,24.4905
2025-12-30 18:00:00,19.47,0.0,22.710339
2025-12-30 19:00:00,18.92,0.0,23.014578
2025-12-30 20:00:00,18.75,0.0,23.90789
2025-12-30 21:00:00,18.94,0.0,24.195679
2025-12-30 22:00:00,18.86,0.0,23.643679
2025-12-30 23:00:00,18.24,0.0,20.871897
2025-12-31 00:00:00,17.37,0.0,19.131063
2025-12-31 01:00:00,16.43,0.0,18.921019
2025-12-31 02:00:00,15.74,0.0,18.356977
2025-12-31 03:00:00,15.27,0.0,18.538233
2025-12-31 04:00:00,14.89,0.0,18.113401
2025-12-31 05:00:00,14.54,0.0,18.326477
2025-12-31 06:00:00,14.24,0.0,18.647903
2025-12-31 07:00:00,15.22,0.0,22.46766
2025-12-31 08:00:00,17.73,0.0,22.838898
2025-12-31 09:00:00,20.08,0.0,23.615654
2025-12-31 10:00:00,22.46,0.0,26.649265
2025-12-31 11:00:00,23.86,0.0,27.285145
2025-12-31 12:00:00,24.73,0.0,26.623972
2025-12-31 13:00:00,25.27,0.0,25.957397
2025-12-31 14:00:00,25.43,0.0,25.957397
2025-12-31 15:00:00,25.14,0.0,25.941326
2025-12-31 16:00:00,24.44,0.0,27.490294
2025-12-31 17:00:00,21.98,0.0,24.4905
2025-12-31 18:00:00,19.93,0.0,22.341774
2025-12-31 19:00:00,19.3,0.0,22.832268
2025-12-31 20:00:00,18.83,0.0,23.90789
2025-12-31 21:00:00,18.55,0.0,24.195679
2025-12-31 22:00:00,18.54,0.0,23.643679
2025-12-31 23:00:00,18.6,0.0,20.693388
2026-01-01 00:00:00,18.77,0.0,7.584894
2026-01-01 01:00:00,18.53,0.0,7.5597544
2026-01-01 02:00:00,17.98,0.0,6.0139093
2026-01-01 03:00:00,17.24,0.0,8.095653
2026-01-01 04:00:00,16.71,0.0,7.8814316
2026-01-01 05:00:00,16.23,0.0,8.30523
2026-01-01 06:00:00,15.87,0.0,10.345631
2026-01-01 07:00:00,16.72,0.0,13.2382
2026-01-01 08:00:00,19.01,0.0,13.604424
2026-01-01 09:00:00,21.45,0.0,14.204343
2026-01-01 10:00:00,23.4,0.0,23.916409
2026-01-01 11:00:00,24.61,0.0,20.5903
2026-01-01 12:00:00,25.38,0.0,20.606419
2026-01-01 13:00:00,25.78,0.0,21.752813
2026-01-01 14:00:00,25.82,0.0,21.752813
2026-01-01 15:00:00,25.45,0.0,20.013016
2026-01-01 16:00:00,24.44,0.0,17.44163
2026-01-01 17:00:00,22.3,0.0,17.350733
2026-01-01 18:00:00,20.51,0.0,12.90255
2026-01-01 19:00:00,19.85,0.0,12.424243
2026-01-01 20:00:00,19.3,0.0,14.221192
2026-01-01 21:00:00,19.08,0.0,14.311466
2026-01-01 22:00:00,19.18,0.0,12.937888
2026-01-01 23:00:00,19.21,0.0,11.603457
2026-01-02 00:00:00,18.91,0.0,7.3321943
2026-01-02 01:00:00,18.42,0.0,7.3070545
2026-01-02 02:00:00,17.73,0.0,7.6192594
2026-01-02 03:00:00,17.26,0.0,7.6709175
2026-01-02 04:00:00,16.79,0.0,7.7966957
2026-01-02 05:00:00,16.37,0.0,8.192048
2026-01-02 06:00:00,16.0,0.0,8.08139
2026-01-02 07:00:00,16.93,0.0,12.858192
2026-01-02 08:00:00,19.54,0.0,12.339474
2026-01-02 09:00:00,21.99,0.0,14.292886
2026-01-02 10:00:00,23.93,0.0,17.141024
2026-01-02 11:00:00,25.32,0.0,15.814046
2026-01-02 12:00:00,26.23,0.0,15.885166
2026-01-02 13:00:00,26.69,0.0,15.964929
2026-01-02 14:00:00,26.78,0.0,15.964929
2026-01-02 15:00:00,26.54,0.0,16.01888
2026-01-02 16:00:00,25.86,0.0,14.322098
2026-01-02 17:00:00,23.73,0.0,14.877149
2026-01-02 18:00:00,21.84,0.0,13.239043
2026-01-02 19:00:00,21.09,0.0,12.404463
2026-01-02 20:00:00,20.67,0.0,12.948936
2026-01-02 21:00:00,20.34,0.0,12.706071
2026-01-02 22:00:00,20.12,0.0,11.711408
2026-01-02 23:00:00,19.62,0.0,10.268623
2026-01-03 00:00:00,19.15,0.0,7.7050347
2026-01-03 01:00:00,18.34,0.0,7.7068434
2026-01-03 02:00:00,17.47,0.0,7.9956884
2026-01-03 03:00:00,16.98,0.0,8.222692
2026-01-03 04:00:00,16.54,0.0,8.234208
2026-01-03 05:00:00,16.21,0.0,8.56677
2026-01-03 06:00:00,15.97,0.0,9.141275
2026-01-03 07:00:00,16.72,0.0,11.196576
2026-01-03 08:00:00,19.16,0.0,9.947234
2026-01-03 09:00:00,21.96,0.0,11.419077
2026-01-03 10:00:00,23.79,0.0,14.203031
2026-01-03 11:00:00,24.87,0.0,15.250666
2026-01-03 12:00:00,25.53,0.0,15.946187
2026-01-03 13:00:00,25.82,0.0,17.753988
2026-01-03 14:00:00,25.78,0.0,17.753988
2026-01-03 15:00:00,25.44,0.0,15.449186
2026-01-03 16:00:00,24.81,0.0,14.011201
2026-01-03 17:00:00,22.53,0.0,12.308314
2026-01-03 18:00:00,20.34,0.0,10.477869
2026-01-03 19:00:00,19.63,0.0,10.085434
2026-01-03 20:00:00,19.16,0.0,12.927326
2026-01-03 21:00:00,18.88,0.0,13.054763
2026-01-03 22:00:00,18.85,0.0,13.014698
2026-01-03 23:00:00,18.98,0.0,12.099349
2026-01-04 00:00:00,19.13,0.0,7.7798734
2026-01-04 01:00:00,18.95,0.0,7.809322
2026-01-04 02:00:00,18.38,0.0,7.17127
2026-01-04 03:00:00,17.61,0.0,8.068997
2026-01-04 04:00:00,16.82,0.0,8.305674
2026-01-04 05:00:00,16.21,0.0,8.627796
2026-01-04 06:00:00,15.83,0.0,9.180214
2026-01-04 07:00:00,16.87,0.0,11.269751
2026-01-04 08:00:00,19.26,0.0,10.031925
2026-01-04 09:00:00,21.76,0.0,9.422118
2026-01-04 10:00:00,23.56,0.0,20.421604
2026-01-04 11:00:00,24.67,0.0,16.998009
2026-01-04 12:00:00,25.35,0.0,17.693525
2026-01-04 13:00:00,25.68,0.0,17.164612
2026-01-04 14:00:00,25.68,0.0,17.164612
2026-01-04 15:00:00,25.3,0.0,17.158873
2026-01-04 16:00:00,24.56,0.0,15.933734
2026-01-04 17:00:00,22.48,0.0,14.3081455
2026-01-04 18:00:00,20.69,0.0,10.497125
2026-01-04 19:00:00,19.92,0.0,10.250212
2026-01-04 20:00:00,19.47,0.0,12.685779
2026-01-04 21:00:00,19.3,0.0,13.139555
2026-01-04 22:00:00,19.41,0.0,12.743915
2026-01-04 23:00:00,19.45,0.0,11.929568
2026-01-05 00:00:00,19.4,0.0,11.64458
2026-01-05 01:00:00,18.95,0.0,11.322404
2026-01-05 02:00:00,18.25,0.0,11.271881
2026-01-05 03:00:00,17.74,0.0,11.759644
2026-01-05 04:00:00,17.22,0.0,10.939846
2026-01-05 05:00:00,16.85,0.0,11.116179
2026-01-05 06:00:00,16.62,0.0,12.580016
2026-01-05 07:00:00,17.42,0.0,16.074926
2026-01-05 08:00:00,19.42,0.0,14.080928
2026-01-05 09:00:00,21.56,0.0,13.378521
2026-01-05 10:00:00,23.09,0.0,17.129393
2026-01-05 11:00:00,24.02,0.0,19.085884
2026-01-05 12:00:00,24.74,0.0,19.887705
2026-01-05 13:00:00,25.13,0.0,19.80288
2026-01-05 14:00:00,25.22,0.0,19.80288
2026-01-05 15:00:00,24.97,0.0,20.02142
2026-01-05 16:00:00,24.25,0.0,18.21707
2026-01-05 17:00:00,22.19,0.0,11.945229
2026-01-05 18:00:00,20.58,0.0,11.71202
2026-01-05 19:00:00,20.02,0.0,12.7319
2026-01-05 20:00:00,19.45,0.0,15.724802
2026-01-05 21:00:00,18.84,0.0,15.55285
2026-01-05 22:00:00,18.24,0.0,14.68273
2026-01-05 23:00:00,17.65,0.0,12.619889
2026-01-06 00:00:00,17.12,0.0,10.427054
2026-01-06 01:00:00,16.61,0.0,10.30417
2026-01-06 02:00:00,16.06,0.0,8.120539
2026-01-06 03:00:00,15.57,0.0,9.713931
2026-01-06 04:00:00,15.17,0.0,9.713931
2026-01-06 05:00:00,14.8,0.0,10.726042
2026-01-06 06:00:00,14.43,0.0,12.223079
2026-01-06 07:00:00,15.23,0.0,14.960078
2026-01-06 08:00:00,17.37,0.0,16.331684
2026-01-06 09:00:00,19.81,0.0,14.29238
2026-01-06 10:00:00,22.16,0.0,15.88768
2026-01-06 11:00:00,23.3,0.0,18.877066
2026-01-06 12:00:00,24.08,0.0,18.716665
2026-01-06 13:00:00,24.55,0.0,19.650156
2026-01-06 14:00:00,24.7,0.0,19.650156
2026-01-06 15:00:00,24.65,0.0,19.634085
2026-01-06 16:00:00,23.84,0.0,17.65553
2026-01-06 17:00:00,21.18,0.0,13.788709
2026-01-06 18:00:00,19.2,0.0,14.199841
2026-01-06 19:00:00,18.58,0.0,14.446893
2026-01-06 20:00:00,18.01,0.0,15.297133
2026-01-06 21:00:00,17.5,0.0,15.0077
2026-01-06 22:00:00,17.13,0.0,13.764831
2026-01-06 23:00:00,16.66,0.0,11.946181
2026-01-07 00:00:00,16.05,0.0,6.478047
2026-01-07 01:00:00,15.33,0.0,8.071439
2026-01-07 02:00:00,14.63,0.0,8.417884
2026-01-07 03:00:00,13.93,0.0,8.171171
2026-01-07 04:00:00,13.29,0.0,8.620306
2026-01-07 05:00:00,12.81,0.0,9.5734415
2026-01-07 06:00:00,12.4,0.0,11.205346
2026-01-07 07:00:00,13.59,0.0,13.334245
2026-01-07 08:00:00,16.42,0.0,14.739025
2026-01-07 09:00:00,19.29,0.0,13.792189
2026-01-07 10:00:00,21.43,0.0,14.803682
2026-01-07 11:00:00,22.71,0.0,19.171558
2026-01-07 12:00:00,23.78,0.0,19.222563
2026-01-07 13:00:00,24.49,0.0,18.360218
2026-01-07 14:00:00,24.78,0.0,20.106604
2026-01-07 15:00:00,24.7,0.0,20.090532
2026-01-07 16:00:00,23.81,0.0,18.111979
2026-01-07 17:00:00,20.82,0.0,13.224168
2026-01-07 18:00:00,18.58,0.0,13.995205
2026-01-07 19:00:00,17.96,0.0,13.113492
2026-01-07 20:00:00,17.54,0.0,13.914625
2026-01-07 21:00:00,17.13,0.0,13.7609215
2026-01-07 22:00:00,16.61,0.0,12.681851
2026-01-07 23:00:00,15.87,0.0,11.290123
2026-01-08 00:00:00,14.96,0.0,8.223088
2026-01-08 01:00:00,14.16,0.0,7.5289083
2026-01-08 02:00:00,13.51,0.0,8.061709
2026-01-08 03:00:00,12.97,0.0,8.685436
2026-01-08 04:00:00,12.47,0.0,8.844401
2026-01-08 05:00:00,12.04,0.0,9.797534
2026-01-08 06:00:00,11.65,0.0,11.274421
2026-01-08 07:00:00,13.01,0.0,13.848507
2026-01-08 08:00:00,16.25,0.0,14.492694
2026-01-08 09:00:00,19.1,0.0,13.638166
2026-01-08 10:00:00,22.11,0.0,16.449123
2026-01-08 11:00:00,23.4,0.0,24.095125
2026-01-08 12:00:00,24.21,0.0,19.820719
2026-01-08 13:00:00,24.63,0.0,19.959066
2026-01-08 14:00:00,24.73,0.0,19.959066
2026-01-08 15:00:00,24.35,0.0,18.859465
2026-01-08 16:00:00,23.41,0.0,18.034462
2026-01-08 17:00:00,20.66,0.0,12.526642
2026-01-08 18:00:00,18.76,0.0,13.911207
2026-01-08 19:00:00,18.14,0.0,13.530312
2026-01-08 20:00:00,17.7,0.0,13.742495
2026-01-08 21:00:00,17.26,0.0,12.877365
2026-01-08 22:00:00,16.24,0.0,11.794118
2026-01-08 23:00:00,15.06,0.0,10.384665
2026-01-09 00:00:00,14.18,0.0,7.668167
2026-01-09 01:00:00,13.55,0.0,8.145592
2026-01-09 02:00:00,13.03,0.0,8.785348
2026-01-09 03:00:00,12.63,0.0,8.740511
2026-01-09 04:00:00,12.34,0.0,8.899476
2026-01-09 05:00:00,12.12,0.0,9.824163
2026-01-09 06:00:00,11.94,0.0,11.252387
2026-01-09 07:00:00,13.06,0.0,13.8304205
2026-01-09 08:00:00,15.71,0.0,14.25459
2026-01-09 09:00:00,18.22,0.0,13.494606
2026-01-09 10:00:00,21.33,0.0,12.98272
2026-01-09 11:00:00,22.74,0.0,17.476439
2026-01-09 12:00:00,23.67,0.0,17.571957
2026-01-09 13:00:00,24.23,0.0,16.57534
2026-01-09 14:00:00,24.39,0.0,16.57534
2026-01-09 15:00:00,24.01,0.0,16.561264
2026-01-09 16:00:00,23.06,0.0,15.732553
2026-01-09 17:00:00,20.68,0.0,11.807409
2026-01-09 18:00:00,19.16,0.0,12.96392
2026-01-09 19:00:00,18.36,0.0,13.183332
2026-01-09 20:00:00,17.74,0.0,13.555655
2026-01-09 21:00:00,17.09,0.0,12.524078
2026-01-09 22:00:00,16.41,0.0,11.820877
2026-01-09 23:00:00,15.69,0.0,10.432187
2026-01-10 00:00:00,14.99,0.0,8.7328005
2026-01-10 01:00:00,14.48,0.0,8.70766
2026-01-10 02:00:00,14.26,0.0,8.08153
2026-01-10 03:00:00,14.12,0.0,8.070323
2026-01-10 04:00:00,13.97,0.0,8.572887
2026-01-10 05:00:00,13.8,0.0,9.796157
2026-01-10 06:00:00,13.53,0.0,9.963814
2026-01-10 07:00:00,14.49,0.0,11.113734
2026-01-10 08:00:00,16.36,0.0,11.266406
2026-01-10 09:00:00,19.02,0.0,10.491076
2026-01-10 10:00:00,21.5,0.0,9.202613
2026-01-10 11:00:00,23.08,0.0,14.450895
2026-01-10 12:00:00,24.24,0.0,14.6691
2026-01-10 13:00:00,24.98,0.0,14.755871
2026-01-10 14:00:00,25.27,0.0,15.454926
2026-01-10 15:00:00,25.0,0.0,15.465852
2026-01-10 16:00:00,24.31,0.0,13.065315
2026-01-10 17:00:00,22.17,0.0,9.489667
2026-01-10 18:00:00,20.57,0.0,10.477869
2026-01-10 19:00:00,19.75,0.0,10.085434
2026-01-10 20:00:00,18.86,0.0,12.9819145
2026-01-10 21:00:00,18.04,0.0,13.318476
2026-01-10 22:00:00,17.28,0.0,11.873755
2026-01-10 23:00:00,16.61,0.0,11.633585
2026-01-11 00:00:00,16.07,0.0,7.089538
2026-01-11 01:00:00,15.58,0.0,8.657785
2026-01-11 02:00:00,15.16,0.0,8.517878
2026-01-11 03:00:00,14.78,0.0,8.485798
2026-01-11 04:00:00,14.43,0.0,8.742648
2026-01-11 05:00:00,14.21,0.0,8.874408
2026-01-11 06:00:00,14.02,0.03,9.353461
2026-01-11 07:00:00,15.13,0.01,11.124224
2026-01-11 08:00:00,17.41,0.0,11.023779
2026-01-11 09:00:00,19.83,0.0,10.089776
2026-01-11 10:00:00,21.97,0.0,11.97495
2026-01-11 11:00:00,23.15,0.0,16.360193
2026-01-11 12:00:00,24.12,0.0,16.248169
2026-01-11 13:00:00,24.86,0.0,16.465559
2026-01-11 14:00:00,25.18,0.0,17.164612
2026-01-11 15:00:00,24.99,0.0,16.45982
2026-01-11 16:00:00,24.33,0.0,14.98785
2026-01-11 17:00:00,22.28,0.0,14.3081455
2026-01-11 18:00:00,20.85,0.0,11.007242
2026-01-11 19:00:00,20.39,0.0,10.591897
2026-01-11 20:00:00,19.95,0.0,11.865639
2026-01-11 21:00:00,19.41,0.0,12.783979
2026-01-11 22:00:00,18.79,0.0,13.1540785
2026-01-11 23:00:00,18.05,0.0,13.028234
2026-01-12 00:00:00,17.31,0.0,11.649168
2026-01-12 01:00:00,16.69,0.0,10.619327
2026-01-12 02:00:00,16.17,0.0,10.412762
2026-01-12 03:00:00,15.76,0.0,10.381432
2026-01-12 04:00:00,15.36,0.0,10.029089
2026-01-12 05:00:00,15.03,0.0,10.4659195
2026-01-12 06:00:00,14.8,0.0,11.91824
2026-01-12 07:00:00,15.95,0.0,15.2046175
2026-01-12 08:00:00,18.0,0.0,12.334662
2026-01-12 09:00:00,20.31,0.0,13.2417965
2026-01-12 10:00:00,22.02,0.0,14.310748
2026-01-12 11:00:00,22.98,0.0,17.582159
2026-01-12 12:00:00,23.71,0.0,19.083424
2026-01-12 13:00:00,24.21,0.0,18.813915
2026-01-12 14:00:00,24.4,0.0,18.221083
2026-01-12 15:00:00,24.24,0.0,18.867867
2026-01-12 16:00:00,23.54,0.0,18.21707
2026-01-12 17:00:00,21.28,0.0,11.061639
2026-01-12 18:00:00,19.04,0.0,13.61777
2026-01-12 19:00:00,18.59,0.0,14.061121
2026-01-12 20:00:00,18.73,0.0,15.148306
2026-01-12 21:00:00,18.85,0.0,15.55285
2026-01-12 22:00:00,18.35,0.0,14.650583
2026-01-12 23:00:00,17.14,0.0,11.629637
2026-01-13 00:00:00,16.19,0.0,9.987129
2026-01-13 01:00:00,15.57,0.0,9.6034565
2026-01-13 02:00:00,15.1,0.0,9.713931
2026-01-13 03:00:00,14.71,0.0,9.949904
2026-01-13 04:00:00,14.32,0.0,9.288013
2026-01-13 05:00:00,13.96,0.0,10.656321
2026-01-13 06:00:00,13.64,0.0,12.12926
2026-01-13 07:00:00,15.01,0.0,14.960078
2026-01-13 08:00:00,17.73,0.0,16.331684
2026-01-13 09:00:00,20.94,0.0,15.059733
2026-01-13 10:00:00,23.35,0.0,18.393679
2026-01-13 11:00:00,24.61,0.0,19.554274
2026-01-13 12:00:00,25.59,0.0,19.570393
2026-01-13 13:00:00,26.32,0.0,20.856125
2026-01-13 14:00:00,26.7,0.0,20.856125
2026-01-13 15:00:00,26.62,0.0,20.840054
2026-01-13 16:00:00,25.75,0.0,19.389837
2026-01-13 17:00:00,23.73,0.0,16.962597
2026-01-13 18:00:00,21.9,0.0,15.755178
2026-01-13 19:00:00,20.9,0.0,14.477608
2026-01-13 20:00:00,20.56,0.0,15.028682
2026-01-13 21:00:00,20.28,0.0,15.315499
2026-01-13 22:00:00,19.87,0.0,9.264875
2026-01-13 23:00:00,19.22,0.0,12.090942
2026-01-14 00:00:00,18.16,0.0,7.2293367
2026-01-14 01:00:00,17.18,0.0,8.090464
2026-01-14 02:00:00,16.23,0.0,7.9908943
2026-01-14 03:00:00,15.54,0.0,8.181913
2026-01-14 04:00:00,14.99,0.0,8.417884
2026-01-14 05:00:00,14.55,0.0,9.194027
2026-01-14 06:00:00,14.2,0.0,10.085315
2026-01-14 07:00:00,15.45,0.0,13.428064
2026-01-14 08:00:00,18.27,0.0,13.785397
2026-01-14 09:00:00,21.41,0.0,14.971892
2026-01-14 10:00:00,24.01,0.0,18.816141
2026-01-14 11:00:00,25.54,0.0,20.010721
2026-01-14 12:00:00,26.67,0.0,21.733793
2026-01-14 13:00:00,27.38,0.0,21.673634
2026-01-14 14:00:00,27.68,0.0,23.573204
2026-01-14 15:00:00,27.54,0.0,23.594542
2026-01-14 16:00:00,26.74,0.0,20.369003
2026-01-14 17:00:00,23.98,0.0,17.419033
2026-01-14 18:00:00,22.01,0.0,16.211624
2026-01-14 19:00:00,21.35,0.0,14.357257
2026-01-14 20:00:00,20.99,0.0,14.787645
2026-01-14 21:00:00,20.76,0.0,15.074465
2026-01-14 22:00:00,20.24,0.0,13.576087
2026-01-14 23:00:00,19.71,0.0,10.597212
2026-01-15 00:00:00,19.11,0.0,7.1331515
2026-01-15 01:00:00,18.11,0.0,7.47235
2026-01-15 02:00:00,17.0,0.0,7.8699155
2026-01-15 03:00:00,16.13,0.0,8.456123
2026-01-15 04:00:00,15.58,0.0,8.072451
2026-01-15 05:00:00,15.16,0.0,8.848593
2026-01-15 06:00:00,14.79,0.0,10.581601
2026-01-15 07:00:00,15.96,0.0,13.318602
2026-01-15 08:00:00,18.77,0.0,13.659014
2026-01-15 09:00:00,21.71,0.0,14.204343
2026-01-15 10:00:00,24.11,0.0,19.39572
2026-01-15 11:00:00,25.55,0.0,20.5903
2026-01-15 12:00:00,26.48,0.0,21.67305
2026-01-15 13:00:00,26.92,0.0,21.752813
2026-01-15 14:00:00,26.89,0.0,21.752813
2026-01-15 15:00:00,26.49,0.0,21.203285
2026-01-15 16:00:00,25.62,0.0,19.188015
2026-01-15 17:00:00,23.09,0.0,17.350733
2026-01-15 18:00:00,20.9,0.0,13.3179
2026-01-15 19:00:00,20.45,0.0,12.708353
2026-01-15 20:00:00,20.47,0.0,13.674775
2026-01-15 21:00:00,20.06,0.0,13.250167
2026-01-15 22:00:00,19.45,0.0,12.582313
2026-01-15 23:00:00,18.3,0.0,12.305986
2026-01-16 00:00:00,17.26,0.0,8.094998
2026-01-16 01:00:00,16.28,0.0,7.7251353
2026-01-16 02:00:00,15.45,0.0,8.019478
2026-01-16 03:00:00,14.78,0.0,8.21061
2026-01-16 04:00:00,14.22,0.0,7.599184
2026-01-16 05:00:00,13.76,0.0,9.02644
2026-01-16 06:00:00,13.36,0.0,11.093421
2026-01-16 07:00:00,14.77,0.0,13.147631
2026-01-16 08:00:00,17.55,0.0,14.068561
2026-01-16 09:00:00,20.86,0.0,13.068136
2026-01-16 10:00:00,23.17,0.0,17.175013
2026-01-16 11:00:00,24.47,0.0,16.937077
2026-01-16 12:00:00,25.38,0.0,15.858017
2026-01-16 13:00:00,25.98,0.0,15.964929
2026-01-16 14:00:00,26.25,0.0,15.964929
2026-01-16 15:00:00,26.14,0.0,16.01888
2026-01-16 16:00:00,25.53,0.0,14.375324
2026-01-16 17:00:00,23.2,0.0,15.048315
2026-01-16 18:00:00,21.08,0.0,12.598667
2026-01-16 19:00:00,20.33,0.0,11.989117
2026-01-16 20:00:00,19.86,0.0,12.846678
2026-01-16 21:00:00,19.33,0.0,13.593906
2026-01-16 22:00:00,18.88,0.0,13.0129385
2026-01-16 23:00:00,17.68,0.0,12.187131
2026-01-17 00:00:00,16.5,0.0,8.283714
2026-01-17 01:00:00,15.34,0.0,8.471682
2026-01-17 02:00:00,14.35,0.0,8.08153
2026-01-17 03:00:00,13.59,0.0,8.572887
2026-01-17 04:00:00,12.96,0.0,9.451427
2026-01-17 05:00:00,12.48,0.0,10.691559
2026-01-17 06:00:00,12.11,0.0,10.859216
2026-01-17 07:00:00,13.72,0.0,11.519134
2026-01-17 08:00:00,17.12,0.0,10.332817
2026-01-17 09:00:00,20.48,0.0,10.014691
2026-01-17 10:00:00,23.24,0.0,14.187569
2026-01-17 11:00:00,24.8,0.0,15.250666
2026-01-17 12:00:00,25.99,0.0,17.518133
2026-01-17 13:00:00,26.92,0.0,17.274067
2026-01-17 14:00:00,27.42,0.0,17.798311
2026-01-17 15:00:00,27.41,0.0,17.792572
2026-01-17 16:00:00,26.74,0.0,16.061102
2026-01-17 17:00:00,23.77,0.0,12.255212
2026-01-17 18:00:00,21.35,0.0,10.316262
2026-01-17 19:00:00,20.36,0.0,10.477869
2026-01-17 20:00:00,19.91,0.0,11.751611
2026-01-17 21:00:00,19.09,0.0,13.0001745
2026-01-17 22:00:00,17.92,0.0,13.278411
2026-01-17 23:00:00,17.0,0.0,11.343752
2026-01-18 00:00:00,16.01,0.0,7.089538
2026-01-18 01:00:00,15.07,0.0,8.893767
2026-01-18 02:00:00,14.34,0.0,8.222659
2026-01-18 03:00:00,13.83,0.0,8.714023
2026-01-18 04:00:00,13.5,0.0,8.714023
2026-01-18 05:00:00,13.35,0.0,10.713627
2026-01-18 06:00:00,13.27,0.0,10.881285
2026-01-18 07:00:00,14.59,0.0,10.919488
2026-01-18 08:00:00,18.22,0.0,10.058875
2026-01-18 09:00:00,21.26,0.0,9.422118
2026-01-18 10:00:00,23.73,0.0,15.950372
2026-01-18 11:00:00,25.05,0.0,17.713722
2026-01-18 12:00:00,26.02,0.0,19.265472
2026-01-18 13:00:00,26.66,0.0,19.514336
2026-01-18 14:00:00,26.95,0.0,19.034407
2026-01-18 15:00:00,26.85,0.0,19.028667
2026-01-18 16:00:00,26.18,0.0,17.983624
2026-01-18 17:00:00,23.53,0.0,14.255043
2026-01-18 18:00:00,20.97,0.0,11.007242
2026-01-18 19:00:00,20.19,0.0,10.591897
2026-01-18 20:00:00,20.1,0.0,12.207324
2026-01-18 21:00:00,20.09,0.0,12.187797
2026-01-18 22:00:00,20.07,0.0,11.9903755
2026-01-18 23:00:00,19.62,0.0,11.05868
2026-01-19 00:00:00,18.74,0.0,11.322404
2026-01-19 01:00:00,17.79,0.0,11.649168
2026-01-19 02:00:00,17.11,0.0,10.939846
2026-01-19 03:00:00,16.47,0.0,10.729801
2026-01-19 04:00:00,15.97,0.0,10.381432
2026-01-19 05:00:00,15.71,0.0,10.779325
2026-01-19 06:00:00,15.41,0.0,12.231646
2026-01-19 07:00:00,16.09,0.0,15.2046175
2026-01-19 08:00:00,19.1,0.0,14.080928
2026-01-19 09:00:00,22.15,0.0,14.478556
2026-01-19 10:00:00,24.53,0.0,19.493309
2026-01-19 11:00:00,26.12,0.0,21.244915
2026-01-19 12:00:00,27.26,0.0,20.57801
2026-01-19 13:00:00,27.92,0.0,21.716377
2026-01-19 14:00:00,28.14,0.0,21.716377
2026-01-19 15:00:00,27.99,0.0,22.37183
2026-01-19 16:00:00,27.21,0.0,20.705349
2026-01-19 17:00:00,24.29,0.0,16.846283
2026-01-19 18:00:00,21.72,0.0,12.2315855
2026-01-19 19:00:00,20.96,0.0,13.147249
2026-01-19 20:00:00,20.88,0.0,15.004446
2026-01-19 21:00:00,20.65,0.0,14.781147
2026-01-19 22:00:00,20.44,0.0,13.792888
2026-01-19 23:00:00,20.01,0.0,11.702252
2026-01-20 00:00:00,19.57,0.0,10.269591
2026-01-20 01:00:00,18.86,0.0,9.653333
2026-01-20 02:00:00,17.98,0.0,8.367648
2026-01-20 03:00:00,17.08,0.01,10.3159685
2026-01-20 04:00:00,16.35,0.01,10.414643
2026-01-20 05:00:00,15.8,0.0,10.49007
2026-01-20 06:00:00,15.43,0.0,11.987105
2026-01-20 07:00:00,16.33,0.0,14.879676
2026-01-20 08:00:00,19.51,0.0,14.365567
2026-01-20 09:00:00,22.49,0.0,18.399933
2026-01-20 10:00:00,24.86,0.0,19.145395
2026-01-20 11:00:00,26.41,0.0,20.861462
2026-01-20 12:00:00,27.53,0.0,22.536009
2026-01-20 13:00:00,28.17,0.0,21.700958
2026-01-20 14:00:00,28.38,0.0,21.805681
2026-01-20 15:00:00,28.14,0.0,22.286388
2026-01-20 16:00:00,27.08,0.0,20.015053
2026-01-20 17:00:00,23.78,0.0,16.962597
2026-01-20 18:00:00,21.1,0.0,14.579963
2026-01-20 19:00:00,20.26,0.0,14.06226
2026-01-20 20:00:00,19.68,0.0,14.124223
2026-01-20 21:00:00,19.41,0.0,15.003721
2026-01-20 22:00:00,19.3,0.01,14.491492
2026-01-20 23:00:00,19.04,0.02,12.488095
2026-01-21 00:00:00,18.42,0.02,7.3167405
2026-01-21 01:00:00,17.46,0.07,7.8858104
2026-01-21 02:00:00,16.66,0.17,7.9908943
2026-01-21 03:00:00,16.19,0.18,8.565585
2026-01-21 04:00:00,15.86,0.02,8.534255
2026-01-21 05:00:00,15.61,0.0,8.9580555
2026-01-21 06:00:00,15.42,0.0,10.4550905
2026-01-21 07:00:00,16.65,0.0,13.347661
2026-01-21 08:00:00,19.63,0.0,12.842491
2026-01-21 09:00:00,22.8,0.0,18.85638
2026-01-21 10:00:00,25.08,0.0,19.601843
2026-01-21 11:00:00,26.44,0.0,21.700577
2026-01-21 12:00:00,27.32,0.0,21.593868
2026-01-21 13:00:00,27.72,0.0,23.573204
2026-01-21 14:00:00,27.73,0.0,23.573204
2026-01-21 15:00:00,27.27,0.0,21.834894
2026-01-21 16:00:00,26.26,0.0,20.369003
2026-01-21 17:00:00,23.51,0.0,17.419033
2026-01-21 18:00:00,21.22,0.0,14.551455
2026-01-21 19:00:00,20.54,0.0,13.405879
2026-01-21 20:00:00,20.32,0.0,14.372301
2026-01-21 21:00:00,20.5,0.0,14.659119
2026-01-21 22:00:00,20.5,0.0,13.576087
2026-01-21 23:00:00,19.86,0.0,10.597212
2026-01-22 00:00:00,18.95,0.0,7.584894
2026-01-22 01:00:00,17.88,0.0,8.040692
2026-01-22 02:00:00,17.14,0.0,8.095653
2026-01-22 03:00:00,16.7,0.0,7.8814316
2026-01-22 04:00:00,16.35,0.0,7.8814316
2026-01-22 05:00:00,16.01,0.0,6.9028554
2026-01-22 06:00:00,15.7,0.0,10.345631
2026-01-22 07:00:00,16.79,0.0,13.2382
2026-01-22 08:00:00,19.43,0.0,13.214094
2026-01-22 09:00:00,22.59,0.0,19.43596
2026-01-22 10:00:00,25.33,0.0,20.181421
2026-01-22 11:00:00,26.57,0.0,21.639832
2026-01-22 12:00:00,27.33,0.0,21.533125
2026-01-22 13:00:00,27.69,0.0,23.51246
2026-01-22 14:00:00,27.67,0.0,23.51246
2026-01-22 15:00:00,27.04,0.0,21.844173
2026-01-22 16:00:00,25.89,0.0,20.378283
2026-01-22 17:00:00,23.2,0.0,17.512686
2026-01-22 18:00:00,21.01,0.0,13.3179
2026-01-22 19:00:00,20.3,0.0,12.708353
2026-01-22 20:00:00,19.73,0.0,13.390665
2026-01-22 21:00:00,19.38,0.0,13.914313
2026-01-22 22:00:00,19.35,0.0,12.937888
2026-01-22 23:00:00,19.47,0.0,11.247882
2026-01-23 00:00:00,19.32,0.0,6.8804536
2026-01-23 01:00:00,18.76,0.0,7.3070545
2026-01-23 02:00:00,18.2,0.0,6.756787
2026-01-23 03:00:00,17.65,0.0,7.6095877
2026-01-23 04:00:00,17.21,0.0,7.6709175
2026-01-23 05:00:00,16.86,0.0,7.969937
2026-01-23 06:00:00,16.54,0.0,9.644377
2026-01-23 07:00:00,17.52,0.0,12.814065
2026-01-23 08:00:00,19.92,0.0,11.615896
2026-01-23 09:00:00,22.68,0.0,17.111526
2026-01-23 10:00:00,24.57,0.0,15.425158
2026-01-23 11:00:00,25.86,0.0,15.841194
2026-01-23 12:00:00,26.75,0.0,15.885166
2026-01-23 13:00:00,27.22,0.0,15.964929
2026-01-23 14:00:00,27.24,0.0,15.964929
2026-01-23 15:00:00,26.88,0.0,16.01888
2026-01-23 16:00:00,25.86,0.0,14.322098
2026-01-23 17:00:00,23.49,0.0,14.877149
2026-01-23 18:00:00,21.47,0.0,12.634736
2026-01-23 19:00:00,20.81,0.0,12.404463
2026-01-23 20:00:00,20.19,0.0,13.043709
2026-01-23 21:00:00,19.73,0.0,12.626768
2026-01-23 22:00:00,19.81,0.0,11.594058
2026-01-23 23:00:00,19.9,0.0,10.268623
2026-01-24 00:00:00,19.32,0.0,7.7050347
2026-01-24 01:00:00,18.52,0.0,7.7344832
2026-01-24 02:00:00,17.86,0.0,7.9956884
2026-01-24 03:00:00,17.44,0.0,7.9860163
2026-01-24 04:00:00,17.1,0.0,8.047346
2026-01-24 05:00:00,16.74,0.0,8.56677
2026-01-24 06:00:00,16.44,0.0,8.758529
2026-01-24 07:00:00,17.69,0.0,10.86926
2026-01-24 08:00:00,20.06,0.0,9.470849
2026-01-24 09:00:00,23.03,0.0,14.558708
2026-01-24 10:00:00,25.13,0.0,14.899887
2026-01-24 11:00:00,26.59,0.0,17.656813
2026-01-24 12:00:00,27.58,0.0,17.562456
2026-01-24 13:00:00,28.11,0.0,18.680563
2026-01-24 14:00:00,28.25,0.0,18.680563
2026-01-24 15:00:00,27.9,0.0,17.690853
2026-01-24 16:00:00,27.0,0.0,15.581172
2026-01-24 17:00:00,24.78,0.0,13.2011
2026-01-24 18:00:00,22.77,0.0,14.531883
2026-01-24 19:00:00,22.21,0.0,14.531883
2026-01-24 20:00:00,21.76,0.0,11.931689
2026-01-24 21:00:00,21.3,0.0,11.166218
2026-01-24 22:00:00,21.11,0.0,12.384474
2026-01-24 23:00:00,20.61,0.0,11.024133
2026-01-25 00:00:00,19.97,0.0,8.419715
2026-01-25 01:00:00,19.05,0.0,7.7547336
2026-01-25 02:00:00,18.15,0.0,7.510327
2026-01-25 03:00:00,17.47,0.0,8.068997
2026-01-25 04:00:00,16.95,0.0,8.305674
2026-01-25 05:00:00,16.47,0.0,8.627796
2026-01-25 06:00:00,16.09,0.0,7.2344756
2026-01-25 07:00:00,17.31,0.0,10.953951
2026-01-25 08:00:00,19.91,0.0,9.55554
2026-01-25 09:00:00,23.02,0.0,16.451906
2026-01-25 10:00:00,25.76,0.0,18.219172
2026-01-25 11:00:00,27.21,0.0,18.974886
2026-01-25 12:00:00,28.15,0.0,20.242714
2026-01-25 13:00:00,28.68,0.0,20.545635
2026-01-25 14:00:00,28.85,0.0,20.545635
2026-01-25 15:00:00,28.53,0.0,19.149456
2026-01-25 16:00:00,27.48,0.0,18.027962
2026-01-25 17:00:00,24.6,0.0,15.200932
2026-01-25 18:00:00,22.04,0.0,12.733702
2026-01-25 19:00:00,21.21,0.0,10.43029
2026-01-25 20:00:00,20.84,0.0,12.622669
2026-01-25 21:00:00,20.91,0.0,12.603142
2026-01-25 22:00:00,20.98,0.0,12.523853
2026-01-25 23:00:00,20.78,0.0,11.774633
2026-01-26 00:00:00,20.06,0.0,11.422414
2026-01-26 01:00:00,19.1,0.0,11.526386
2026-01-26 02:00:00,18.38,0.0,11.271881
2026-01-26 03:00:00,17.72,0.0,11.759644
2026-01-26 04:00:00,17.18,0.0,10.939846
2026-01-26 05:00:00,16.76,0.0,11.127695
2026-01-26 06:00:00,16.44,0.0,12.580016
2026-01-26 07:00:00,17.57,0.0,16.074926
2026-01-26 08:00:00,20.36,0.0,12.745127
2026-01-26 09:00:00,23.48,0.0,26.530811
2026-01-26 10:00:00,25.7,0.0,20.765419
2026-01-26 11:00:00,27.06,0.0,20.66311
2026-01-26 12:00:00,27.96,0.0,21.636614
2026-01-26 13:00:00,28.44,0.0,21.821102
2026-01-26 14:00:00,28.55,0.0,21.821102
2026-01-26 15:00:00,28.27,0.0,22.37183
2026-01-26 16:00:00,27.31,0.0,20.779196
2026-01-26 17:00:00,24.41,0.0,16.253452
2026-01-26 18:00:00,21.82,0.0,13.451353
2026-01-26 19:00:00,21.05,0.0,13.147249
2026-01-26 20:00:00,20.83,0.0,15.004446
2026-01-26 21:00:00,20.92,0.0,15.291264
2026-01-26 22:00:00,20.76,0.0,14.326365
2026-01-26 23:00:00,20.01,0.0,11.702252
2026-01-27 00:00:00,19.29,0.0,9.201592
2026-01-27 01:00:00,18.58,0.0,9.653333
2026-01-27 02:00:00,17.99,0.0,8.367648
2026-01-27 03:00:00,17.61,0.0,10.332876
2026-01-27 04:00:00,17.32,0.0,10.332876
2026-01-27 05:00:00,17.03,0.0,10.739764
2026-01-27 06:00:00,16.77,0.0,12.335476
2026-01-27 07:00:00,17.69,0.0,14.862101
2026-01-27 08:00:00,20.47,0.0,14.557174
2026-01-27 09:00:00,23.64,0.0,18.898338
2026-01-27 10:00:00,25.83,0.0,20.93317
2026-01-27 11:00:00,27.12,0.0,20.861462
2026-01-27 12:00:00,27.97,0.0,21.621195
2026-01-27 13:00:00,28.43,0.0,21.805681
2026-01-27 14:00:00,28.52,0.0,21.805681
2026-01-27 15:00:00,28.15,0.0,22.286388
2026-01-27 16:00:00,27.13,0.0,20.015053
2026-01-27 17:00:00,24.4,0.0,16.369764
2026-01-27 18:00:00,21.79,0.0,14.535411
2026-01-27 19:00:00,20.91,0.0,14.477608
2026-01-27 20:00:00,20.29,0.0,15.028682
2026-01-27 21:00:00,20.13,0.0,15.315499
2026-01-27 22:00:00,20.13,0.0,14.232468
2026-01-27 23:00:00,20.09,0.0,11.557085
2026-01-28 00:00:00,19.67,0.0,7.9329987
2026-01-28 01:00:00,19.09,0.0,7.2621527
2026-01-28 02:00:00,18.55,0.0,7.293857
2026-01-28 03:00:00,17.78,0.0,7.996285
2026-01-28 04:00:00,17.15,0.0,8.200938
2026-01-28 05:00:00,16.78,0.0,8.414691
2026-01-28 06:00:00,16.63,0.0,9.911736
2026-01-28 07:00:00,17.89,0.0,13.417245
2026-01-28 08:00:00,20.56,0.0,13.034096
2026-01-28 09:00:00,23.49,0.0,26.950209
2026-01-28 10:00:00,25.35,0.0,19.601843
2026-01-28 11:00:00,26.69,0.0,21.700577
2026-01-28 12:00:00,27.66,0.0,23.49344
2026-01-28 13:00:00,28.26,0.0,19.813852
2026-01-28 14:00:00,28.5,0.0,19.918577
2026-01-28 15:00:00,28.33,0.0,19.902506
2026-01-28 16:00:00,27.52,0.0,22.769537
2026-01-28 17:00:00,25.04,0.0,18.572588
2026-01-28 18:00:00,22.51,0.0,18.555677
2026-01-28 19:00:00,21.56,0.0,14.357257
2026-01-28 20:00:00,21.01,0.0,14.787645
2026-01-28 21:00:00,20.81,0.0,15.074465
2026-01-28 22:00:00,20.61,0.01,13.599448
2026-01-28 23:00:00,20.23,0.02,11.521052
2026-01-29 00:00:00,19.9,0.02,7.809852
2026-01-29 01:00:00,19.69,0.05,7.9226665
2026-01-29 02:00:00,19.29,0.17,6.8249607
2026-01-29 03:00:00,18.38,0.0,7.249063
2026-01-29 04:00:00,17.66,0.0,7.890999
2026-01-29 05:00:00,17.2,0.0,7.7727165
2026-01-29 06:00:00,16.82,0.0,9.790757
2026-01-29 07:00:00,18.26,0.0,12.3768835
2026-01-29 08:00:00,21.04,0.0,12.266548
2026-01-29 09:00:00,24.09,0.0,19.884912
2026-01-29 10:00:00,26.46,0.0,21.16224
2026-01-29 11:00:00,28.06,0.0,19.64013
2026-01-29 12:00:00,29.02,0.0,19.778069
2026-01-29 13:00:00,29.53,0.0,19.857832
2026-01-29 14:00:00,29.63,0.0,19.857832
2026-01-29 15:00:00,29.25,0.0,19.911783
2026-01-29 16:00:00,28.15,0.0,18.982069
2026-01-29 17:00:00,25.44,0.0,18.49507
2026-01-29 18:00:00,22.97,0.0,18.478163
2026-01-29 19:00:00,21.99,0.0,15.465337
2026-01-29 20:00:00,21.42,0.0,14.717992
2026-01-29 21:00:00,21.29,0.0,14.202222
2026-01-29 22:00:00,21.11,0.0,12.700614
2026-01-29 23:00:00,20.88,0.0,11.431309
2026-01-30 00:00:00,20.52,0.0,4.61933
2026-01-30 01:00:00,19.9,0.0,7.6763687
2026-01-30 02:00:00,19.21,0.0,6.3326864
2026-01-30 03:00:00,18.71,0.0,6.7747555
2026-01-30 04:00:00,18.38,0.01,6.174484
2026-01-30 05:00:00,18.14,0.01,6.784836
2026-01-30 06:00:00,17.9,0.01,6.928411
2026-01-30 07:00:00,19.04,0.0,11.631502
2026-01-30 08:00:00,21.47,0.0,11.923785
2026-01-30 09:00:00,24.22,0.0,17.560467
2026-01-30 10:00:00,26.07,0.0,15.452307
2026-01-30 11:00:00,27.37,0.0,15.684172
2026-01-30 12:00:00,28.25,0.0,10.436975
2026-01-30 13:00:00,28.72,0.0,10.621462
2026-01-30 14:00:00,28.79,0.0,10.621462
2026-01-30 15:00:00,28.4,0.0,10.675413
2026-01-30 16:00:00,27.33,0.0,14.182173
2026-01-30 17:00:00,25.06,0.0,13.529141
2026-01-30 18:00:00,22.76,0.0,16.057686
2026-01-30 19:00:00,21.92,0.0,13.04484
2026-01-30 20:00:00,21.25,0.0,13.495121
2026-01-30 21:00:00,20.79,0.0,13.121415
2026-01-30 22:00:00,20.66,0.0,11.734769
2026-01-30 23:00:00,20.56,0.0,10.451099
2026-01-31 00:00:00,20.38,0.0,5.296787
2026-01-31 01:00:00,20.02,0.01,7.2521186
2026-01-31 02:00:00,19.49,0.01,7.186355
2026-01-31 03:00:00,18.99,0.01,7.106256
2026-01-31 04:00:00,18.63,0.01,6.533625
2026-01-31 05:00:00,18.41,0.01,6.787057
2026-01-31 06:00:00,18.32,0.0,6.9511757
2026-01-31 07:00:00,19.53,0.0,9.468713
2026-01-31 08:00:00,21.92,0.0,10.875235
2026-01-31 09:00:00,24.06,0.0,14.686673
2026-01-31 10:00:00,25.74,0.0,16.47184
2026-01-31 11:00:00,27.0,0.0,17.176891
2026-01-31 12:00:00,27.87,0.0,17.562456
2026-01-31 13:00:00,28.28,0.0,18.680563
2026-01-31 14:00:00,28.38,0.0,18.78529
2026-01-31 15:00:00,28.08,0.0,17.690853
2026-01-31 16:00:00,27.23,0.0,15.581172
2026-01-31 17:00:00,25.16,0.0,13.2011
2026-01-31 18:00:00,22.88,0.0,14.531883
2026-01-31 19:00:00,22.08,0.0,11.713228
2026-01-31 20:00:00,21.44,0.0,11.931689
2026-01-31 21:00:00,20.9,0.0,12.463761
2026-01-31 22:00:00,20.49,0.0,11.850995
2026-01-31 23:00:00,20.32,0.0,11.179362
2026-02-01 00:00:00,20.34,0.0,7.343857
2026-02-01 01:00:00,20.36,0.0,7.318717
2026-02-01 02:00:00,20.26,0.0,6.8198285
2026-02-01 03:00:00,20.22,0.0,6.8101563
2026-02-01 04:00:00,20.18,0.0,6.368281
2026-02-01 05:00:00,20.05,0.0,8.619529
2026-02-01 06:00:00,19.92,0.0,8.881553
2026-02-01 07:00:00,20.61,0.0,11.52958
2026-02-01 08:00:00,22.44,0.0,14.412612
2026-02-01 09:00:00,24.26,0.0,15.496383
2026-02-01 10:00:00,25.86,0.0,14.663159
2026-02-01 11:00:00,27.08,0.0,15.868827
2026-02-01 12:00:00,27.93,0.0,17.24233
2026-02-01 13:00:00,28.45,0.0,17.39385
2026-02-01 14:00:00,28.52,0.0,17.39385
2026-02-01 15:00:00,28.02,0.0,16.443802
2026-02-01 16:00:00,27.05,0.0,14.246233
2026-02-01 17:00:00,25.09,0.0,13.580969
2026-02-01 18:00:00,22.91,0.0,15.076416
2026-02-01 19:00:00,22.0,0.0,12.198139
2026-02-01 20:00:00,21.19,0.0,12.160412
2026-02-01 21:00:00,20.58,0.0,12.27342
2026-02-01 22:00:00,20.24,0.0,12.075999
2026-02-01 23:00:00,20.03,0.0,11.358594
2026-02-02 00:00:00,19.82,0.0,9.214018
2026-02-02 01:00:00,19.64,0.0,9.214018
2026-02-02 02:00:00,19.36,0.0,8.123129
2026-02-02 03:00:00,18.91,0.0,9.42551
2026-02-02 04:00:00,18.53,0.0,9.42551
2026-02-02 05:00:00,18.14,0.0,9.917562
2026-02-02 06:00:00,17.78,0.0,11.943599
2026-02-02 07:00:00,19.17,0.0,13.162588
2026-02-02 08:00:00,21.6,0.0,13.550279
2026-02-02 09:00:00,23.85,0.0,18.043886
2026-02-02 10:00:00,25.84,0.0,17.495872
2026-02-02 11:00:00,27.4,0.0,21.322536
2026-02-02 12:00:00,28.51,0.0,21.34216
2026-02-02 13:00:00,29.15,0.0,20.994846
2026-02-02 14:00:00,29.32,0.0,20.994846
2026-02-02 15:00:00,29.05,0.0,20.209215
2026-02-02 16:00:00,27.99,0.0,19.729364
2026-02-02 17:00:00,25.29,0.0,16.474335
2026-02-02 18:00:00,22.55,0.0,17.125967
2026-02-02 19:00:00,21.48,0.0,14.113119
2026-02-02 20:00:00,20.69,0.0,13.580646
2026-02-02 21:00:00,20.11,0.0,13.999999
2026-02-02 22:00:00,19.91,0.0,8.298722
2026-02-02 23:00:00,19.9,0.0,10.105071
2026-02-03 00:00:00,19.79,0.0,9.356118
2026-02-03 01:00:00,19.46,0.0,8.406309
2026-02-03 02:00:00,18.86,0.0,9.372619
2026-02-03 03:00:00,18.2,0.0,9.344979
2026-02-03 04:00:00,17.61,0.0,9.992286
2026-02-03 05:00:00,17.23,0.0,9.948556
2026-02-03 06:00:00,16.98,0.0,12.057928
2026-02-03 07:00:00,18.63,0.0,14.634563
2026-02-03 08:00:00,21.47,0.0,13.818355
2026-02-03 09:00:00,24.08,0.0,18.487017
2026-02-03 10:00:00,26.24,0.0,17.639734
2026-02-03 11:00:00,27.78,0.0,21.101236
2026-02-03 12:00:00,28.71,0.0,21.120861
2026-02-03 13:00:00,29.15,0.0,21.04922
2026-02-03 14:00:00,29.15,0.0,21.04922
2026-02-03 15:00:00,28.64,0.0,20.193565
2026-02-03 16:00:00,27.52,0.0,19.26384
2026-02-03 17:00:00,25.1,0.0,16.22258
2026-02-03 18:00:00,22.51,0.0,16.874212
2026-02-03 19:00:00,21.57,0.0,13.861369
2026-02-03 20:00:00,20.8,0.0,13.198336
2026-02-03 21:00:00,20.23,0.0,13.617689
2026-02-03 22:00:00,20.08,0.0,12.321238
2026-02-03 23:00:00,20.02,0.0,10.119428
2026-02-04 00:00:00,19.46,0.0,8.48453
2026-02-04 01:00:00,18.9,0.0,9.521856
2026-02-04 02:00:00,18.56,0.0,9.450839
2026-02-04 03:00:00,18.29,0.0,9.4232
2026-02-04 04:00:00,18.05,0.0,8.188038
2026-02-04 05:00:00,17.89,0.0,10.551055
2026-02-04 06:00:00,17.79,0.0,12.191419
2026-02-04 07:00:00,19.06,0.0,14.571781
2026-02-04 08:00:00,21.2,0.0,13.818355
2026-02-04 09:00:00,23.53,0.0,26.13189
2026-02-04 10:00:00,25.56,0.0,17.607227
2026-02-04 11:00:00,27.31,0.0,19.083347
2026-02-04 12:00:00,28.58,0.0,21.120861
2026-02-04 13:00:00,29.24,0.0,21.04922
2026-02-04 14:00:00,29.38,0.0,21.04922
2026-02-04 15:00:00,28.95,0.0,20.193565
2026-02-04 16:00:00,27.87,0.0,19.26384
2026-02-04 17:00:00,25.07,0.0,16.22258
2026-02-04 18:00:00,22.25,0.0,16.874212
2026-02-04 19:00:00,21.21,0.0,13.861369
2026-02-04 20:00:00,20.39,0.0,13.330872
2026-02-04 21:00:00,19.93,0.0,13.451308
2026-02-04 22:00:00,20.0,0.0,12.321238
2026-02-04 23:00:00,19.78,0.0,9.815937
2026-02-05 00:00:00,18.96,0.0,9.87647
2026-02-05 01:00:00,18.18,0.0,9.763925
2026-02-05 02:00:00,17.65,0.0,10.139811
2026-02-05 03:00:00,17.31,0.0,10.139811
2026-02-05 04:00:00,17.08,0.0,10.057398
2026-02-05 05:00:00,16.89,0.0,10.617077
2026-02-05 06:00:00,16.75,0.0,12.125632
2026-02-05 07:00:00,18.38,0.0,14.75445
2026-02-05 08:00:00,21.37,0.0,13.75761
2026-02-05 09:00:00,24.63,0.0,17.833439
2026-02-05 10:00:00,26.97,0.0,17.460674
2026-02-05 11:00:00,28.5,0.0,21.0269
2026-02-05 12:00:00,29.49,0.0,21.060116
2026-02-05 13:00:00,30.0,0.0,20.988474
2026-02-05 14:00:00,30.05,0.0,20.988474
2026-02-05 15:00:00,29.54,0.0,20.202843
2026-02-05 16:00:00,28.39,0.0,19.37784
2026-02-05 17:00:00,25.52,0.0,16.23186
2026-02-05 18:00:00,22.55,0.0,16.883492
2026-02-05 19:00:00,21.48,0.0,13.870648
2026-02-05 20:00:00,20.85,0.0,13.207615
2026-02-05 21:00:00,20.98,0.0,12.783007
2026-02-05 22:00:00,21.01,0.0,11.604689
2026-02-05 23:00:00,20.28,0.0,10.381602
2026-02-06 00:00:00,19.38,0.0,8.693879
2026-02-06 01:00:00,18.64,0.0,9.824259
2026-02-06 02:00:00,18.17,0.0,9.519989
2026-02-06 03:00:00,17.88,0.0,10.08403
2026-02-06 04:00:00,17.68,0.0,10.08403
2026-02-06 05:00:00,17.48,0.0,10.536133
2026-02-06 06:00:00,17.23,0.0,11.320856
2026-02-06 07:00:00,18.87,0.0,14.289287
2026-02-06 08:00:00,21.76,0.0,13.627423
2026-02-06 09:00:00,25.43,0.0,17.459572
2026-02-06 10:00:00,27.98,0.0,18.991175
2026-02-06 11:00:00,29.29,0.0,19.282295
2026-02-06 12:00:00,30.17,0.0,19.343365
2026-02-06 13:00:00,30.67,0.0,19.271723
2026-02-06 14:00:00,30.72,0.0,19.438328
2026-02-06 15:00:00,30.33,0.0,18.48609
2026-02-06 16:00:00,29.33,0.0,17.545698
2026-02-06 17:00:00,26.56,0.0,15.504642
2026-02-06 18:00:00,24.07,0.0,16.14706
2026-02-06 19:00:00,23.04,0.0,15.962077
2026-02-06 20:00:00,22.66,0.0,15.878989
2026-02-06 21:00:00,22.46,0.0,14.820764
2026-02-06 22:00:00,21.98,0.0,12.142964
2026-02-06 23:00:00,21.26,0.0,10.416076
2026-02-07 00:00:00,20.18,0.0,7.3224616
2026-02-07 01:00:00,19.04,0.0,9.901364
2026-02-07 02:00:00,18.15,0.0,9.687098
2026-02-07 03:00:00,17.51,0.0,10.251138
2026-02-07 04:00:00,17.0,0.0,10.426481
2026-02-07 05:00:00,16.62,0.0,10.876632
2026-02-07 06:00:00,16.37,0.0,11.068381
2026-02-07 07:00:00,18.47,0.0,12.296058
2026-02-07 08:00:00,21.5,0.0,11.56577
2026-02-07 09:00:00,25.47,0.0,15.248862
2026-02-07 10:00:00,28.21,0.0,16.596281
2026-02-07 11:00:00,29.67,0.0,17.55556
2026-02-07 12:00:00,30.65,0.0,17.42634
2026-02-07 13:00:00,31.21,0.0,17.985401
2026-02-07 14:00:00,31.3,0.0,17.985401
2026-02-07 15:00:00,30.89,0.0,17.140087
2026-02-07 16:00:00,29.8,0.0,14.927208
2026-02-07 17:00:00,26.5,0.0,13.407319
2026-02-07 18:00:00,23.19,0.0,15.020829
2026-02-07 19:00:00,22.21,0.0,14.902766
2026-02-07 20:00:00,21.73,0.0,12.517967
2026-02-07 21:00:00,21.65,0.0,11.752496
2026-02-07 22:00:00,21.35,0.0,12.370786
2026-02-07 23:00:00,21.1,0.0,10.925217
2026-02-08 00:00:00,20.43,0.0,7.343857
2026-02-08 01:00:00,19.14,0.0,9.956852
2026-02-08 02:00:00,17.79,0.0,10.372574
2026-02-08 03:00:00,16.83,0.0,10.538245
2026-02-08 04:00:00,16.15,0.0,10.550067
2026-02-08 05:00:00,15.57,0.0,10.9754
2026-02-08 06:00:00,15.1,0.0,11.006744
2026-02-08 07:00:00,17.32,0.0,12.712759
2026-02-08 08:00:00,20.51,0.0,11.521291
2026-02-08 09:00:00,24.6,0.0,15.199762
2026-02-08 10:00:00,27.25,0.0,14.939812
2026-02-08 11:00:00,28.84,0.0,17.485737
2026-02-08 12:00:00,29.94,0.0,17.33479
2026-02-08 13:00:00,30.55,0.0,17.381582
2026-02-08 14:00:00,30.7,0.0,17.856194
2026-02-08 15:00:00,30.28,0.0,16.536259
2026-02-08 16:00:00,29.13,0.0,15.011291
2026-02-08 17:00:00,25.99,0.0,13.580969
2026-02-08 18:00:00,22.6,0.0,15.076416
2026-02-08 19:00:00,21.36,0.0,12.198139
2026-02-08 20:00:00,20.66,0.0,12.160412
2026-02-08 21:00:00,20.35,0.0,12.27342
2026-02-08 22:00:00,20.43,0.0,12.075999
2026-02-08 23:00:00,20.37,0.0,11.358594
2026-02-09 00:00:00,19.97,0.0,9.143756
2026-02-09 01:00:00,19.47,0.0,8.264206
2026-02-09 02:00:00,18.82,0.0,9.42551
2026-02-09 03:00:00,17.96,0.0,8.162706
2026-02-09 04:00:00,17.23,0.0,10.045178
2026-02-09 05:00:00,16.57,0.0,10.360361
2026-02-09 06:00:00,15.99,0.0,11.781661
2026-02-09 07:00:00,17.86,0.0,14.805145
2026-02-09 08:00:00,21.02,0.0,13.537225
2026-02-09 09:00:00,24.32,0.0,17.994434
2026-02-09 10:00:00,26.63,0.0,17.577513
2026-02-09 11:00:00,28.08,0.0,21.322536
2026-02-09 12:00:00,29.04,0.0,21.066488
2026-02-09 13:00:00,29.52,0.0,20.994846
2026-02-09 14:00:00,29.47,0.0,20.994846
2026-02-09 15:00:00,28.91,0.0,20.209215
2026-02-09 16:00:00,27.7,0.0,19.729364
2026-02-09 17:00:00,25.04,0.0,16.474335
2026-02-09 18:00:00,22.11,0.0,14.307321
2026-02-09 19:00:00,21.07,0.0,13.573389
2026-02-09 20:00:00,20.35,0.0,13.7131815
2026-02-09 21:00:00,19.94,0.0,13.776043
2026-02-09 22:00:00,19.85,0.0,8.298722
2026-02-09 23:00:00,19.75,0.0,10.105071
2026-02-10 00:00:00,19.69,0.0,9.356118
2026-02-10 01:00:00,19.51,0.0,9.356118
2026-02-10 02:00:00,19.05,0.0,9.231614
2026-02-10 03:00:00,18.5,0.0,9.372619
2026-02-10 04:00:00,18.06,0.0,8.109817
2026-02-10 05:00:00,17.66,0.0,10.472834
2026-02-10 06:00:00,17.13,0.0,11.445598
2026-02-10 07:00:00,18.37,0.0,14.606924
2026-02-10 08:00:00,20.88,0.0,13.805301
2026-02-10 09:00:00,24.07,0.0,18.487017
2026-02-10 10:00:00,26.53,0.0,17.639734
2026-02-10 11:00:00,28.14,0.0,21.101236
2026-02-10 12:00:00,29.21,0.0,21.120861
2026-02-10 13:00:00,29.8,0.0,21.04922
2026-02-10 14:00:00,29.89,0.0,21.04922
2026-02-10 15:00:00,29.44,0.0,20.193565
2026-02-10 16:00:00,28.26,0.0,19.26384
2026-02-10 17:00:00,25.43,0.0,16.22258
2026-02-10 18:00:00,22.24,0.0,16.874212
2026-02-10 19:00:00,21.11,0.0,13.321638
2026-02-10 20:00:00,20.36,0.0,13.330872
2026-02-10 21:00:00,20.01,0.0,13.617689
2026-02-10 22:00:00,19.9,0.0,7.973989
2026-02-10 23:00:00,19.71,0.0,9.815937
2026-02-11 00:00:00,19.67,0.0,9.43434
2026-02-11 01:00:00,19.43,0.0,8.48453
2026-02-11 02:00:00,18.49,0.0,9.450839
2026-02-11 03:00:00,17.29,0.0,10.213831
2026-02-11 04:00:00,16.49,0.0,10.003786
2026-02-11 05:00:00,16.01,0.0,8.586712
2026-02-11 06:00:00,15.73,0.0,12.029483
2026-02-11 07:00:00,17.72,0.0,15.052967
2026-02-11 08:00:00,20.84,0.0,13.805301
2026-02-11 09:00:00,24.13,0.0,18.487017
2026-02-11 10:00:00,26.61,0.0,17.521418
2026-02-11 11:00:00,28.44,0.0,21.087645
2026-02-11 12:00:00,29.66,0.0,21.120861
2026-02-11 13:00:00,30.25,0.0,21.04922
2026-02-11 14:00:00,30.26,0.0,21.04922
2026-02-11 15:00:00,29.7,0.0,20.193565
2026-02-11 16:00:00,28.43,0.0,19.36856
2026-02-11 17:00:00,25.59,0.0,16.22258
2026-02-11 18:00:00,22.3,0.0,16.874212
2026-02-11 19:00:00,21.17,0.0,13.321638
2026-02-11 20:00:00,20.5,0.0,13.330872
2026-02-11 21:00:00,20.3,0.0,13.617689
2026-02-11 22:00:00,20.3,0.0,12.321238
2026-02-11 23:00:00,20.12,0.0,10.119428
2026-02-12 00:00:00,19.53,0.0,9.535605
2026-02-12 01:00:00,18.66,0.0,9.851329
2026-02-12 02:00:00,17.75,0.0,10.139811
2026-02-12 03:00:00,17.13,0.0,10.283136
2026-02-12 04:00:00,16.75,0.0,10.068913
2026-02-12 05:00:00,16.56,0.0,10.6285925
2026-02-12 06:00:00,16.48,0.0,12.125632
2026-02-12 07:00:00,18.6,0.0,14.782088
2026-02-12 08:00:00,21.82,0.0,19.711643
2026-02-12 09:00:00,25.32,0.0,17.833439
2026-02-12 10:00:00,28.21,0.0,20.590683
2026-02-12 11:00:00,30.03,0.0,21.017435
2026-02-12 12:00:00,31.31,0.0,21.226723
2026-02-12 13:00:00,32.06,0.0,21.15508
2026-02-12 14:00:00,32.21,0.0,21.15508
2026-02-12 15:00:00,31.69,0.0,20.36945
2026-02-12 16:00:00,30.35,0.0,19.37784
2026-02-12 17:00:00,27.16,0.0,16.23186
2026-02-12 18:00:00,23.91,0.0,16.874277
2026-02-12 19:00:00,22.71,0.0,16.689293
2026-02-12 20:00:00,22.12,0.0,13.747344
2026-02-12 21:00:00,21.97,0.0,13.231576
2026-02-12 22:00:00,21.79,0.0,12.053258
2026-02-12 23:00:00,21.43,0.0,10.637177
2026-02-13 00:00:00,20.69,0.0,6.236965
2026-02-13 01:00:00,19.99,0.0,9.294017
2026-02-13 02:00:00,19.3,0.0,8.097976
2026-02-13 03:00:00,18.7,0.0,9.243827
2026-02-13 04:00:00,18.18,0.0,9.510317
2026-02-13 05:00:00,17.71,0.0,10.536133
2026-02-13 06:00:00,17.36,0.0,11.988457
2026-02-13 07:00:00,19.28,0.0,13.133769
2026-02-13 08:00:00,22.14,0.0,13.627423
2026-02-13 09:00:00,25.61,0.0,17.459572
2026-02-13 10:00:00,27.92,0.0,18.991175
2026-02-13 11:00:00,29.31,0.0,19.282295
2026-02-13 12:00:00,30.24,0.0,19.343365
2026-02-13 13:00:00,30.77,0.0,19.438328
2026-02-13 14:00:00,30.86,0.0,19.438328
2026-02-13 15:00:00,30.33,0.0,18.48609
2026-02-13 16:00:00,29.2,0.0,17.545698
2026-02-13 17:00:00,26.57,0.0,15.504642
2026-02-13 18:00:00,23.71,0.0,16.14706
2026-02-13 19:00:00,22.57,0.0,16.005964
2026-02-13 20:00:00,21.81,0.0,13.060339
2026-02-13 21:00:00,21.41,0.0,12.002111
2026-02-13 22:00:00,21.27,0.0,11.823159
2026-02-13 23:00:00,21.15,0.0,9.967506
2026-02-14 00:00:00,20.84,0.0,7.3224616
2026-02-14 01:00:00,20.27,0.0,7.297322
2026-02-14 02:00:00,19.49,0.0,9.359692
2026-02-14 03:00:00,18.85,0.0,9.366008
2026-02-14 04:00:00,18.35,0.0,9.338368
2026-02-14 05:00:00,18.04,0.0,8.728174
2026-02-14 06:00:00,17.91,0.0,8.919936
2026-02-14 07:00:00,19.71,0.0,11.746361
2026-02-14 08:00:00,22.64,0.0,14.384416
2026-02-14 09:00:00,26.19,0.0,15.474849
2026-02-14 10:00:00,28.65,0.0,16.583433
2026-02-14 11:00:00,30.12,0.0,17.55556
2026-02-14 12:00:00,31.15,0.0,17.900951
2026-02-14 13:00:00,31.69,0.0,17.985401
2026-02-14 14:00:00,31.84,0.0,17.985401
2026-02-14 15:00:00,31.37,0.0,17.140087
2026-02-14 16:00:00,30.25,0.0,14.927208
2026-02-14 17:00:00,27.46,0.0,14.079924
2026-02-14 18:00:00,24.41,0.0,14.256828
2026-02-14 19:00:00,23.11,0.0,15.020829
2026-02-14 20:00:00,22.24,0.0,15.33662
2026-02-14 21:00:00,21.71,0.0,11.752496
2026-02-14 22:00:00,21.33,0.0,12.370786
2026-02-14 23:00:00,20.91,0.0,10.925217
2026-02-15 00:00:00,20.43,0.0,7.343857
2026-02-15 01:00:00,19.97,0.0,10.400909
2026-02-15 02:00:00,19.57,0.0,9.134048
2026-02-15 03:00:00,19.21,0.0,9.336768
2026-02-15 04:00:00,18.94,0.0,9.477771
2026-02-15 05:00:00,18.71,0.0,9.748539
2026-02-15 06:00:00,18.52,0.0,9.940295
2026-02-15 07:00:00,20.25,0.0,11.52958
2026-02-15 08:00:00,23.22,0.0,14.89555
2026-02-15 09:00:00,26.82,0.0,15.476414
2026-02-15 10:00:00,29.61,0.0,16.41741
2026-02-15 11:00:00,31.3,0.0,17.938616
2026-02-15 12:00:00,32.36,0.0,17.809399
2026-02-15 13:00:00,32.96,0.0,17.828568
2026-02-15 14:00:00,33.11,0.0,17.828568
2026-02-15 15:00:00,32.78,0.0,17.01088
2026-02-15 16:00:00,31.65,0.0,15.199516
2026-02-15 17:00:00,28.7,0.0,14.358296
2026-02-15 18:00:00,26.23,0.0,14.726695
2026-02-15 19:00:00,24.89,0.0,14.726695
2026-02-15 20:00:00,24.15,0.0,15.45717
2026-02-15 21:00:00,23.45,0.0,15.2789135
2026-02-15 22:00:00,22.76,0.0,15.708241
2026-02-15 23:00:00,22.14,0.0,11.712604
2026-02-16 00:00:00,21.66,0.0,8.747415
2026-02-16 01:00:00,21.05,0.0,8.73436
2026-02-16 02:00:00,20.35,0.0,8.562829
2026-02-16 03:00:00,19.69,0.0,7.7225204
2026-02-16 04:00:00,19.12,0.0,8.123129
2026-02-16 05:00:00,18.53,0.0,9.871607
2026-02-16 06:00:00,17.99,0.0,10.061135
2026-02-16 07:00:00,20.08,0.0,11.9879
2026-02-16 08:00:00,23.04,0.0,17.703653
2026-02-16 09:00:00,26.84,0.0,17.034151
2026-02-16 10:00:00,29.27,0.0,20.632767
2026-02-16 11:00:00,30.68,0.0,21.200962
2026-02-16 12:00:00,31.63,0.0,22.100733
2026-02-16 13:00:00,32.12,0.0,22.02909
2026-02-16 14:00:00,32.13,0.0,22.02909
2026-02-16 15:00:00,31.6,0.0,21.24346
2026-02-16 16:00:00,30.39,0.0,20.234795
2026-02-16 17:00:00,27.49,0.0,18.97853
2026-02-16 18:00:00,24.23,0.0,17.116753
2026-02-16 19:00:00,23.11,0.0,17.09372
2026-02-16 20:00:00,22.39,0.0,16.939026
2026-02-16 21:00:00,21.9,0.0,14.316031
2026-02-16 22:00:00,21.68,0.0,13.137713
2026-02-16 23:00:00,21.61,0.0,10.721713
2026-02-17 00:00:00,21.61,0.0,8.971946
2026-02-17 01:00:00,21.51,0.0,8.971946
2026-02-17 02:00:00,21.17,0.0,8.739234
2026-02-17 03:00:00,20.65,0.0,8.375981
2026-02-17 04:00:00,20.18,0.0,7.934105
2026-02-17 05:00:00,19.75,0.0,7.855161
2026-02-17 06:00:00,19.38,0.0,10.338013
2026-02-17 07:00:00,20.75,0.0,12.536628
2026-02-17 08:00:00,23.37,0.0,18.384716
2026-02-17 09:00:00,25.71,0.0,17.894184
2026-02-17 10:00:00,27.65,0.0,20.769741
2026-02-17 11:00:00,29.16,0.0,21.205961
2026-02-17 12:00:00,30.17,0.0,21.120861
2026-02-17 13:00:00,30.74,0.0,21.215824
2026-02-17 14:00:00,30.88,0.0,21.215824
2026-02-17 15:00:00,30.54,0.0,20.193565
2026-02-17 16:00:00,29.49,0.0,19.36856
2026-02-17 17:00:00,27.19,0.0,16.22258
2026-02-17 18:00:00,24.53,0.0,16.272165
2026-02-17 19:00:00,23.42,0.0,16.670803
2026-02-17 20:00:00,22.56,0.0,16.55671
2026-02-17 21:00:00,21.99,0.0,13.9337225
2026-02-17 22:00:00,21.72,0.0,12.755404
2026-02-17 23:00:00,21.5,0.0,10.375004
2026-02-18 00:00:00,21.35,0.0,9.199824
2026-02-18 01:00:00,21.17,0.0,9.186768
2026-02-18 02:00:00,20.86,0.0,8.471549
2026-02-18 03:00:00,20.47,0.0,8.253291
2026-02-18 04:00:00,20.03,0.0,7.119097
2026-02-18 05:00:00,19.48,0.0,8.452186
2026-02-18 06:00:00,19.02,0.0,11.430748
2026-02-18 07:00:00,20.31,0.0,12.413937
2026-02-18 08:00:00,23.0,0.0,18.292713
2026-02-18 09:00:00,26.08,0.0,17.894184
2026-02-18 10:00:00,28.25,0.0,20.651424
2026-02-18 11:00:00,29.68,0.0,21.07818
2026-02-18 12:00:00,30.59,0.0,21.120861
2026-02-18 13:00:00,31.03,0.0,21.215824
2026-02-18 14:00:00,31.01,0.0,21.215824
2026-02-18 15:00:00,30.49,0.0,20.193565
2026-02-18 16:00:00,29.35,0.0,19.36856
2026-02-18 17:00:00,27.16,0.0,16.22258
2026-02-18 18:00:00,24.23,0.0,16.865
2026-02-18 19:00:00,23.07,0.0,16.680014
2026-02-18 20:00:00,22.19,0.0,13.738064
2026-02-18 21:00:00,21.59,0.0,13.9337225
2026-02-18 22:00:00,21.32,0.0,12.755404
2026-02-18 23:00:00,21.32,0.0,10.375004
2026-02-19 00:00:00,21.34,0.0,8.8055315
2026-02-19 01:00:00,21.24,0.0,8.780391
2026-02-19 02:00:00,21.08,0.0,8.547674
2026-02-19 03:00:00,20.67,0.0,8.329416
2026-02-19 04:00:00,20.2,0.0,7.8875403
2026-02-19 05:00:00,19.59,0.0,8.009508
2026-02-19 06:00:00,19.01,0.0,11.500052
2026-02-19 07:00:00,20.6,0.0,12.490063
2026-02-19 08:00:00,23.41,0.0,22.810675
2026-02-19 09:00:00,26.34,0.0,17.74763
2026-02-19 10:00:00,28.72,0.0,20.577827
2026-02-19 11:00:00,30.27,0.0,21.017435
2026-02-19 12:00:00,31.22,0.0,21.226723
2026-02-19 13:00:00,31.64,0.0,21.15508
2026-02-19 14:00:00,31.5,0.0,21.15508
2026-02-19 15:00:00,30.83,0.0,20.36945
2026-02-19 16:00:00,29.58,0.0,19.37784
2026-02-19 17:00:00,27.41,0.0,18.522282
2026-02-19 18:00:00,24.33,0.0,16.874277
2026-02-19 19:00:00,23.03,0.0,16.689293
2026-02-19 20:00:00,22.16,0.0,13.747344
2026-02-19 21:00:00,21.55,0.0,13.231576
2026-02-19 22:00:00,21.18,0.0,11.604689
2026-02-19 23:00:00,20.95,0.0,10.188608
2026-02-20 00:00:00,20.78,0.0,6.236965
2026-02-20 01:00:00,20.23,0.0,6.2118254
2026-02-20 02:00:00,19.36,0.0,8.097976
2026-02-20 03:00:00,18.53,0.0,9.243827
2026-02-20 04:00:00,17.97,0.0,8.201559
2026-02-20 05:00:00,17.6,0.0,10.536133
2026-02-20 06:00:00,17.37,0.0,11.988457
2026-02-20 07:00:00,19.9,0.0,12.065043
2026-02-20 08:00:00,23.1,0.0,16.929005
2026-02-20 09:00:00,26.33,0.0,17.549978
2026-02-20 10:00:00,29.18,0.0,19.02943
2026-02-20 11:00:00,31.25,0.0,19.439438
2026-02-20 12:00:00,32.49,0.0,19.50997
2026-02-20 13:00:00,33.11,0.0,19.410702
2026-02-20 14:00:00,33.22,0.0,19.410702
2026-02-20 15:00:00,32.77,0.0,18.652697
2026-02-20 16:00:00,31.62,0.0,17.425907
2026-02-20 17:00:00,28.71,0.0,16.428192
2026-02-20 18:00:00,24.97,0.0,15.554227
2026-02-20 19:00:00,23.51,0.0,15.952862
2026-02-20 20:00:00,22.47,0.0,15.878989
2026-02-20 21:00:00,21.95,0.0,12.002111
2026-02-20 22:00:00,22.19,0.0,12.142964
2026-02-20 23:00:00,21.8,0.0,10.51451
2026-02-21 00:00:00,20.53,0.0,7.3224616
2026-02-21 01:00:00,19.68,0.0,10.713251
2026-02-21 02:00:00,19.24,0.0,9.234676
2026-02-21 03:00:00,18.91,0.0,9.366008
2026-02-21 04:00:00,18.68,0.0,9.366008
2026-02-21 05:00:00,18.56,0.0,9.725511
2026-02-21 06:00:00,18.54,0.0,9.917267
2026-02-21 07:00:00,21.06,0.0,11.482887
2026-02-21 08:00:00,24.39,0.0,15.09301
2026-02-21 09:00:00,28.46,0.0,16.974176
2026-02-21 10:00:00,31.2,0.0,16.933096
2026-02-21 11:00:00,32.78,0.0,18.030167
2026-02-21 12:00:00,33.67,0.0,17.873325
2026-02-21 13:00:00,34.15,0.0,17.818861
2026-02-21 14:00:00,34.11,0.0,17.818861
2026-02-21 15:00:00,33.55,0.0,17.11246
2026-02-21 16:00:00,32.17,0.0,15.397696
2026-02-21 17:00:00,29.2,0.0,14.184647
2026-02-21 18:00:00,26.28,0.0,14.553045
2026-02-21 19:00:00,24.9,0.02,14.553045
2026-02-21 20:00:00,24.03,0.09,15.28352
2026-02-21 21:00:00,23.65,0.37,15.079912
2026-02-21 22:00:00,23.44,0.64,15.317234
2026-02-21 23:00:00,23.11,0.61,14.452824
2026-02-22 00:00:00,22.66,0.89,11.101883
2026-02-22 01:00:00,22.17,0.89,8.198465
2026-02-22 02:00:00,21.7,1.0,6.5612926
2026-02-22 03:00:00,21.37,0.88,3.7796185
2026-02-22 04:00:00,21.21,0.86,3.337743
2026-02-22 05:00:00,21.25,0.96,5.5889893
2026-02-22 06:00:00,21.3,0.58,5.8510094
2026-02-22 07:00:00,22.53,0.33,14.420901
2026-02-22 08:00:00,25.33,0.19,14.824587
2026-02-22 09:00:00,28.45,0.06,16.975742
2026-02-22 10:00:00,30.89,0.03,16.72543
2026-02-22 11:00:00,32.58,0.05,17.938616
2026-02-22 12:00:00,33.63,0.0,17.781773
2026-02-22 13:00:00,34.15,0.0,17.828568
2026-02-22 14:00:00,34.18,0.0,17.828568
2026-02-22 15:00:00,33.53,0.0,16.983252
2026-02-22 16:00:00,32.18,0.0,15.481783
2026-02-22 17:00:00,29.78,0.0,14.346029
2026-02-22 18:00:00,27.03,0.0,14.726695
2026-02-22 19:00:00,25.85,0.0,14.726695
2026-02-22 20:00:00,25.02,0.0,15.160549
2026-02-22 21:00:00,24.24,0.0,15.2789135
2026-02-22 22:00:00,23.63,0.0,15.516235
2026-02-22 23:00:00,23.09,0.0,14.531251
2026-02-23 00:00:00,22.62,0.0,9.891296
2026-02-23 01:00:00,22.24,0.0,9.891296
2026-02-23 02:00:00,22.03,0.0,9.134387
2026-02-23 03:00:00,21.8,0.0,14.311673
2026-02-23 04:00:00,21.45,0.0,7.9157534
2026-02-23 05:00:00,21.12,0.0,7.000592
2026-02-23 06:00:00,20.86,0.0,8.523183
2026-02-23 07:00:00,22.65,0.0,16.449179
2026-02-23 08:00:00,25.54,0.0,17.249323
2026-02-23 09:00:00,28.35,0.21,20.482643
2026-02-23 10:00:00,30.63,0.11,20.68214
2026-02-23 11:00:00,32.2,0.06,22.045992
2026-02-23 12:00:00,33.15,0.07,22.073107
2026-02-23 13:00:00,33.6,0.01,21.665562
2026-02-23 14:00:00,33.58,0.0,22.001465
2026-02-23 15:00:00,33.06,0.01,21.215832
2026-02-23 16:00:00,32.0,0.01,20.404331
2026-02-23 17:00:00,29.99,0.0,18.807583
2026-02-23 18:00:00,27.55,0.0,19.028114
2026-02-23 19:00:00,26.21,0.0,16.329721
2026-02-23 20:00:00,25.27,0.0,16.336979
2026-02-23 21:00:00,24.63,0.0,16.532633
2026-02-23 22:00:00,23.98,0.02,16.084162
2026-02-23 23:00:00,23.25,0.02,13.800749
2026-02-24 00:00:00,22.72,0.04,9.2215395
2026-02-24 01:00:00,22.29,0.06,9.2215395
2026-02-24 02:00:00,21.91,0.07,14.488071
2026-02-24 03:00:00,21.64,0.08,8.534027
2026-02-24 04:00:00,21.48,0.08,8.092152
2026-02-24 05:00:00,21.32,0.08,7.2244945
2026-02-24 06:00:00,21.06,0.06,8.7770815
2026-02-24 07:00:00,22.73,0.04,15.953778
2026-02-24 08:00:00,25.81,0.04,17.757893
2026-02-24 09:00:00,28.79,0.03,20.795153
2026-02-24 10:00:00,30.9,0.02,20.61705
2026-02-24 11:00:00,32.37,0.04,21.232727
2026-02-24 12:00:00,33.24,0.09,21.259838
2026-02-24 13:00:00,33.59,0.22,21.188196
2026-02-24 14:00:00,33.28,0.39,21.188196
2026-02-24 15:00:00,32.37,0.55,20.360168
2026-02-24 16:00:00,30.91,0.39,19.42046
2026-02-24 17:00:00,29.0,0.08,18.617727
2026-02-24 18:00:00,27.15,0.07,16.272165
2026-02-24 19:00:00,26.08,0.05,16.077967
2026-02-24 20:00:00,25.41,0.16,15.900782
2026-02-24 21:00:00,24.92,0.57,16.15032
2026-02-24 22:00:00,24.51,1.52,15.109014
2026-02-24 23:00:00,24.07,2.83,13.100082
2026-02-25 00:00:00,23.51,2.73,10.117308
2026-02-25 01:00:00,22.96,2.89,9.462175
2026-02-25 02:00:00,22.66,3.55,8.92153
2026-02-25 03:00:00,22.46,5.13,8.92153
2026-02-25 04:00:00,22.18,6.42,8.788558
2026-02-25 05:00:00,22.01,6.19,7.9209
2026-02-25 06:00:00,21.81,5.75,14.808822
2026-02-25 07:00:00,22.86,3.24,15.873427
2026-02-25 08:00:00,25.02,1.6,17.757893
2026-02-25 09:00:00,27.74,3.27,20.938381
2026-02-25 10:00:00,29.82,1.28,20.629107
2026-02-25 11:00:00,31.21,1.34,21.244785
2026-02-25 12:00:00,32.15,0.9,21.287466
2026-02-25 13:00:00,32.51,0.62,21.215824
2026-02-25 14:00:00,32.31,0.21,21.215824
2026-02-25 15:00:00,31.69,0.32,20.360168
2026-02-25 16:00:00,30.9,0.97,19.42046
2026-02-25 17:00:00,29.63,0.05,18.617727
2026-02-25 18:00:00,28.14,0.02,18.562588
2026-02-25 19:00:00,27.1,0.12,16.077967
2026-02-25 20:00:00,26.08,0.34,15.900782
2026-02-25 21:00:00,25.36,0.41,16.09644
2026-02-25 22:00:00,24.69,0.97,15.109014
2026-02-25 23:00:00,24.11,1.27,13.268066
2026-02-26 00:00:00,23.46,2.07,10.111622
2026-02-26 01:00:00,22.89,2.0,9.9242735
2026-02-26 02:00:00,22.34,1.93,9.704612
2026-02-26 03:00:00,21.78,1.38,8.34247
2026-02-26 04:00:00,21.28,1.68,7.9005947
2026-02-26 05:00:00,20.7,0.91,7.019882
2026-02-26 06:00:00,20.18,0.28,8.730516
2026-02-26 07:00:00,22.05,0.2,13.279873
2026-02-26 08:00:00,24.86,0.12,17.697151
2026-02-26 09:00:00,28.41,0.06,20.86478
2026-02-26 10:00:00,30.5,0.06,20.568363
2026-02-26 11:00:00,31.84,0.05,21.184042
2026-02-26 12:00:00,32.69,0.04,21.226723
2026-02-26 13:00:00,33.16,0.02,21.127455
2026-02-26 14:00:00,33.28,0.01,21.127455
2026-02-26 15:00:00,32.87,0.0,20.341822
2026-02-26 16:00:00,31.93,0.0,19.727436
2026-02-26 17:00:00,29.69,0.0,18.627003
2026-02-26 18:00:00,26.97,0.01,16.281443
2026-02-26 19:00:00,25.84,0.05,16.087246
2026-02-26 20:00:00,25.11,0.11,15.910061
2026-02-26 21:00:00,24.61,0.4,15.4481735
2026-02-26 22:00:00,23.98,0.55,14.999707
2026-02-26 23:00:00,23.49,0.89,13.362256
2026-02-27 00:00:00,23.12,0.69,13.277919
2026-02-27 01:00:00,22.67,0.56,9.043533
2026-02-27 02:00:00,22.0,0.73,5.765645
2026-02-27 03:00:00,21.55,0.57,5.7559733
2026-02-27 04:00:00,21.03,0.31,5.3010435
2026-02-27 05:00:00,20.52,0.2,7.077733
2026-02-27 06:00:00,20.14,0.19,8.600323
2026-02-27 07:00:00,22.27,0.12,15.191582
2026-02-27 08:00:00,25.29,0.1,16.302183
2026-02-27 09:00:00,28.92,0.05,19.246645
2026-02-27 10:00:00,31.09,0.03,19.019966
2026-02-27 11:00:00,32.49,0.02,19.439438
2026-02-27 12:00:00,33.44,0.01,19.482344
2026-02-27 13:00:00,34.04,0.0,19.074802
2026-02-27 14:00:00,34.21,0.0,19.074802
2026-02-27 15:00:00,33.73,0.0,18.28917
2026-02-27 16:00:00,32.62,0.0,17.33559
2026-02-27 17:00:00,30.34,0.0,16.428192
2026-02-27 18:00:00,27.4,0.0,16.373056
2026-02-27 19:00:00,25.84,0.0,15.360029
2026-02-27 20:00:00,24.78,0.0,15.233052
2026-02-27 21:00:00,24.01,0.0,15.329524
2026-02-27 22:00:00,23.42,0.0,14.769612
2026-02-27 23:00:00,22.88,0.0,13.3331585
2026-02-28 00:00:00,22.33,0.0,10.154172
2026-02-28 01:00:00,21.77,0.01,7.310376
2026-02-28 02:00:00,21.27,0.06,6.7552137
2026-02-28 03:00:00,20.86,0.04,6.732487
2026-02-28 04:00:00,20.52,0.01,6.290613
2026-02-28 05:00:00,20.24,0.0,8.630591
2026-02-28 06:00:00,20.07,0.0,8.892618
2026-02-28 07:00:00,22.53,0.0,14.314588
2026-02-28 08:00:00,25.91,0.0,14.796391
2026-02-28 09:00:00,29.48,0.0,16.842035
2026-02-28 10:00:00,31.65,0.0,16.933096
2026-02-28 11:00:00,33.06,0.0,18.00254
2026-02-28 12:00:00,33.9,0.0,17.873325
2026-02-28 13:00:00,34.34,0.0,17.818861
2026-02-28 14:00:00,34.3,0.0,17.818861
2026-02-28 15:00:00,33.68,0.0,16.973547
2026-02-28 16:00:00,32.46,0.0,15.397696
2026-02-28 17:00:00,30.1,0.0,14.184647
2026-02-28 18:00:00,26.99,0.0,14.553045
2026-02-28 19:00:00,25.84,0.0,14.553045
2026-02-28 20:00:00,25.11,0.0,14.986899
2026-02-28 21:00:00,24.41,0.0,14.48708
2026-02-28 22:00:00,23.77,0.0,15.317234
2026-02-28 23:00:00,23.19,0.0,14.452824
2026-03-01 00:00:00,22.67,0.0,9.84598
2026-03-01 01:00:00,22.25,0.0,9.820839
2026-03-01 02:00:00,21.87,0.03,6.184997
2026-03-01 03:00:00,21.54,0.03,3.4033234
2026-03-01 04:00:00,21.25,0.03,2.961448
2026-03-01 05:00:00,20.99,0.02,7.957863
2026-03-01 06:00:00,20.86,0.0,8.219882
2026-03-01 07:00:00,23.22,0.0,14.527543
2026-03-01 08:00:00,26.4,0.0,14.861981
2026-03-01 09:00:00,29.99,0.0,14.91748
2026-03-01 10:00:00,32.43,0.0,14.759304
2026-03-01 11:00:00,34.15,0.0,15.407349
2026-03-01 12:00:00,35.23,0.0,15.0673685
2026-03-01 13:00:00,35.72,0.0,19.66175
2026-03-01 14:00:00,35.66,0.0,19.66175
2026-03-01 15:00:00,34.85,0.0,15.108423
2026-03-01 16:00:00,33.37,0.0,14.662693
2026-03-01 17:00:00,31.11,0.0,13.350316
2026-03-01 18:00:00,28.24,0.0,14.38197
2026-03-01 19:00:00,26.94,0.0,14.422166
2026-03-01 20:00:00,26.24,0.0,14.224052
2026-03-01 21:00:00,25.64,0.0,14.045799
2026-03-01 22:00:00,25.02,0.0,14.283122
2026-03-01 23:00:00,24.38,0.0,12.94881
2026-03-02 00:00:00,23.83,0.0,9.383823
2026-03-02 01:00:00,23.38,0.0,8.885375
2026-03-02 02:00:00,23.02,0.0,8.5518875
2026-03-02 03:00:00,22.71,0.0,8.5518875
2026-03-02 04:00:00,22.47,0.0,8.110015
2026-03-02 05:00:00,22.25,0.0,9.9991665
2026-03-02 06:00:00,22.16,0.0,9.189629
2026-03-02 07:00:00,24.68,0.0,14.826951
2026-03-02 08:00:00,28.01,0.0,16.024603
2026-03-02 09:00:00,31.49,0.0,18.028667
2026-03-02 10:00:00,33.91,0.0,18.117422
2026-03-02 11:00:00,35.4,0.0,18.726437
2026-03-02 12:00:00,36.32,0.0,23.091093
2026-03-02 13:00:00,36.79,0.0,22.880539
2026-03-02 14:00:00,36.73,0.0,22.880539
2026-03-02 15:00:00,36.08,0.0,22.93449
2026-03-02 16:00:00,34.82,0.0,17.97814
2026-03-02 17:00:00,32.5,0.0,17.16474
2026-03-02 18:00:00,29.94,0.0,16.309147
2026-03-02 19:00:00,28.51,0.0,16.390621
2026-03-02 20:00:00,27.25,0.0,15.48761
2026-03-02 21:00:00,26.32,0.0,15.683267
2026-03-02 22:00:00,25.49,0.0,14.641958
2026-03-02 23:00:00,24.75,0.0,12.682825
2026-03-03 00:00:00,24.08,0.0,8.698026
2026-03-03 01:00:00,23.48,0.0,14.118557
2026-03-03 02:00:00,22.9,0.0,7.9891844
2026-03-03 03:00:00,22.37,0.0,7.6681995
2026-03-03 04:00:00,21.92,0.0,13.757031
2026-03-03 05:00:00,21.53,0.0,6.935329
2026-03-03 06:00:00,21.31,0.0,8.645956
2026-03-03 07:00:00,24.22,0.0,14.61588
2026-03-03 08:00:00,27.59,0.0,16.304895
2026-03-03 09:00:00,31.63,0.0,17.407894
2026-03-03 10:00:00,33.63,0.0,17.373913
2026-03-03 11:00:00,34.9,0.0,17.91317
2026-03-03 12:00:00,35.83,0.0,22.277828
2026-03-03 13:00:00,36.33,0.0,22.067272
2026-03-03 14:00:00,36.35,0.0,22.067272
2026-03-03 15:00:00,35.69,0.0,22.0512
2026-03-03 16:00:00,34.34,0.0,17.368383
2026-03-03 17:00:00,31.72,0.0,16.478563
2026-03-03 18:00:00,27.97,0.0,16.014568
2026-03-03 19:00:00,26.31,0.0,15.860566
2026-03-03 20:00:00,25.24,0.0,15.051418
2026-03-03 21:00:00,24.43,0.0,15.300952
2026-03-03 22:00:00,23.76,0.0,14.852485
2026-03-03 23:00:00,23.13,0.0,12.471324
2026-03-04 00:00:00,22.54,0.0,7.807508
2026-03-04 01:00:00,22.05,0.0,9.160928
2026-03-04 02:00:00,21.66,0.0,8.690997
2026-03-04 03:00:00,21.34,0.0,8.472737
2026-03-04 04:00:00,21.05,0.0,7.872815
2026-03-04 05:00:00,20.8,0.0,6.6545925
2026-03-04 06:00:00,20.69,0.0,8.365223
2026-03-04 07:00:00,23.61,0.0,14.842139
2026-03-04 08:00:00,27.11,0.0,16.475456
2026-03-04 09:00:00,31.11,0.0,17.419952
2026-03-04 10:00:00,33.4,0.0,17.385967
2026-03-04 11:00:00,34.88,0.0,17.925228
2026-03-04 12:00:00,35.86,0.0,22.277828
2026-03-04 13:00:00,36.42,0.0,22.067272
2026-03-04 14:00:00,36.55,0.0,22.067272
2026-03-04 15:00:00,36.1,0.0,22.0512
2026-03-04 16:00:00,35.01,0.0,17.291973
2026-03-04 17:00:00,32.59,0.0,16.478563
2026-03-04 18:00:00,29.39,0.0,16.119293
2026-03-04 19:00:00,27.76,0.0,15.8203745
2026-03-04 20:00:00,26.54,0.0,15.051418
2026-03-04 21:00:00,25.56,0.0,15.247071
2026-03-04 22:00:00,24.71,0.0,14.259647
2026-03-04 23:00:00,23.92,0.0,12.117367
2026-03-05 00:00:00,23.16,0.0,9.011545
2026-03-05 01:00:00,22.48,0.0,8.50346
2026-03-05 02:00:00,21.92,0.0,13.920219
2026-03-05 03:00:00,21.45,0.0,7.966174
2026-03-05 04:00:00,21.03,0.0,7.5112443
2026-03-05 05:00:00,20.67,0.0,6.6435866
2026-03-05 06:00:00,20.52,0.0,8.3542185
2026-03-05 07:00:00,23.58,0.0,20.009321
2026-03-05 08:00:00,27.03,0.0,16.32758
2026-03-05 09:00:00,31.52,0.0,17.272078
2026-03-05 10:00:00,34.12,0.0,17.238094
2026-03-05 11:00:00,35.67,0.0,22.324957
2026-03-05 12:00:00,36.85,0.0,22.129955
2026-03-05 13:00:00,37.53,0.0,21.9194
2026-03-05 14:00:00,37.7,0.0,21.9194
2026-03-05 15:00:00,37.28,0.0,21.973349
2026-03-05 16:00:00,36.2,0.0,21.516197
2026-03-05 17:00:00,33.75,0.0,16.373083
2026-03-05 18:00:00,29.29,0.0,16.041441
2026-03-05 19:00:00,27.71,0.0,15.74252
2026-03-05 20:00:00,27.06,0.0,14.973567
2026-03-05 21:00:00,26.58,0.0,14.457795
2026-03-05 22:00:00,25.88,0.0,13.4164915
2026-03-05 23:00:00,25.17,0.0,11.718365
2026-03-06 00:00:00,24.53,0.0,12.992502
2026-03-06 01:00:00,23.84,0.0,13.364408
2026-03-06 02:00:00,23.26,0.0,12.499411
2026-03-06 03:00:00,22.78,0.0,8.198326
2026-03-06 04:00:00,22.38,0.0,7.7564507
2026-03-06 05:00:00,21.93,0.0,6.714493
2026-03-06 06:00:00,21.61,0.0,8.237083
2026-03-06 07:00:00,24.47,0.0,14.671397
2026-03-06 08:00:00,27.89,0.0,16.113138
2026-03-06 09:00:00,31.46,0.0,17.125544
2026-03-06 10:00:00,33.76,0.0,17.161297
2026-03-06 11:00:00,35.22,0.0,17.504347
2026-03-06 12:00:00,36.13,0.0,21.884798
2026-03-06 13:00:00,36.55,0.0,21.674242
2026-03-06 14:00:00,36.43,0.0,21.674242
2026-03-06 15:00:00,35.7,0.0,21.728193
2026-03-06 16:00:00,34.29,0.0,16.370275
2026-03-06 17:00:00,31.81,0.0,15.1137905
2026-03-06 18:00:00,28.28,0.0,15.209502
2026-03-06 19:00:00,26.89,0.0,15.055499
2026-03-06 20:00:00,26.11,0.0,14.296556
2026-03-06 21:00:00,25.5,0.0,13.8001995
2026-03-06 22:00:00,24.94,0.0,13.240274
2026-03-06 23:00:00,24.45,0.0,11.393563
2026-03-07 00:00:00,24.01,0.0,14.425595
2026-03-07 01:00:00,23.71,0.0,14.449904
2026-03-07 02:00:00,23.53,0.0,18.533222
2026-03-07 03:00:00,23.48,0.0,18.52355
2026-03-07 04:00:00,23.48,0.0,18.081675
2026-03-07 05:00:00,23.45,0.0,16.787748
2026-03-07 06:00:00,23.5,0.0,17.04977
2026-03-07 07:00:00,25.01,0.0,14.3502655
2026-03-07 08:00:00,26.92,0.0,14.78312
2026-03-07 09:00:00,28.99,0.0,15.233652
2026-03-07 10:00:00,30.91,0.0,14.966973
2026-03-07 11:00:00,32.49,0.0,15.526524
2026-03-07 12:00:00,33.5,0.0,15.235331
2026-03-07 13:00:00,33.94,0.0,15.180866
2026-03-07 14:00:00,33.85,0.0,15.180866
2026-03-07 15:00:00,33.04,0.0,15.31404
2026-03-07 16:00:00,31.61,0.0,14.323968
2026-03-07 17:00:00,29.4,0.0,13.167316
2026-03-07 18:00:00,27.12,0.0,14.248516
2026-03-07 19:00:00,26.06,0.0,14.248516
2026-03-07 20:00:00,25.67,0.0,14.050403
2026-03-07 21:00:00,25.38,0.0,13.846798
2026-03-07 22:00:00,25.11,0.0,14.084121
2026-03-07 23:00:00,24.84,0.0,16.45738
2026-03-08 00:00:00,24.67,0.0,13.974259
2026-03-08 01:00:00,24.43,0.0,13.407662
2026-03-08 02:00:00,24.11,0.0,13.704316
2026-03-08 03:00:00,23.76,0.0,13.832935
2026-03-08 04:00:00,23.47,0.0,15.963962
2026-03-08 05:00:00,23.28,0.0,9.44757
2026-03-08 06:00:00,23.26,0.0,9.709587
2026-03-08 07:00:00,25.1,0.0,14.367739
2026-03-08 08:00:00,27.09,0.0,14.861981
2026-03-08 09:00:00,29.03,0.0,15.100729
2026-03-08 10:00:00,30.78,0.0,14.759304
2026-03-08 11:00:00,32.12,0.0,15.434977
2026-03-08 12:00:00,32.9,0.0,15.143784
2026-03-08 13:00:00,33.1,0.0,15.1905775
2026-03-08 14:00:00,32.69,0.0,15.218205
2026-03-08 15:00:00,31.73,0.0,15.212466
2026-03-08 16:00:00,30.35,0.0,13.993961
2026-03-08 17:00:00,28.52,0.0,13.340966
2026-03-08 18:00:00,26.76,0.0,14.422166
2026-03-08 19:00:00,25.86,0.0,14.422166
2026-03-08 20:00:00,25.46,0.0,14.224052
2026-03-08 21:00:00,25.27,0.0,14.045799
2026-03-08 22:00:00,25.05,0.0,14.283122
2026-03-08 23:00:00,24.74,0.0,16.697763
2026-03-09 00:00:00,24.36,0.0,9.3343725
2026-03-09 01:00:00,24.12,0.0,9.3343725
2026-03-09 02:00:00,23.94,0.0,9.330097
2026-03-09 03:00:00,23.73,0.0,9.379547
2026-03-09 04:00:00,23.52,0.0,16.533096
2026-03-09 05:00:00,23.44,0.0,18.254988
2026-03-09 06:00:00,23.51,0.0,19.777575
2026-03-09 07:00:00,24.98,0.0,14.826951
2026-03-09 08:00:00,26.91,0.0,15.851024
2026-03-09 09:00:00,28.88,0.0,17.208548
2026-03-09 10:00:00,30.65,0.0,17.46663
2026-03-09 11:00:00,32.02,0.0,18.830475
2026-03-09 12:00:00,32.85,0.0,18.81689
2026-03-09 13:00:00,33.07,0.0,18.745249
2026-03-09 14:00:00,32.83,0.0,18.745249
2026-03-09 15:00:00,32.04,0.0,18.826826
2026-03-09 16:00:00,30.93,0.0,18.440557
2026-03-09 17:00:00,29.38,0.0,16.259563
2026-03-09 18:00:00,27.6,0.0,16.480097
2026-03-09 19:00:00,26.43,0.0,16.11232
2026-03-09 20:00:00,25.62,0.0,15.48761
2026-03-09 21:00:00,25.03,0.0,15.683267
2026-03-09 22:00:00,24.56,0.0,14.641958
2026-03-09 23:00:00,24.15,0.0,12.63206
2026-03-10 00:00:00,23.73,0.0,8.747478
2026-03-10 01:00:00,23.32,0.0,8.34548
2026-03-10 02:00:00,22.94,0.0,7.9891844
2026-03-10 03:00:00,22.58,0.0,7.6681995
2026-03-10 04:00:00,22.26,0.0,7.226324
2026-03-10 05:00:00,22.01,0.0,7.7120843
2026-03-10 06:00:00,21.94,0.0,14.600004
2026-03-10 07:00:00,23.86,0.0,14.66533
2026-03-10 08:00:00,26.1,0.0,16.34509
2026-03-10 09:00:00,28.56,0.0,17.472826
2026-03-10 10:00:00,30.83,0.0,17.401537
2026-03-10 11:00:00,32.57,0.0,18.017212
2026-03-10 12:00:00,33.69,0.0,17.80664
2026-03-10 13:00:00,34.2,0.0,17.596085
2026-03-10 14:00:00,34.15,0.0,17.596085
2026-03-10 15:00:00,33.55,0.0,17.915913
2026-03-10 16:00:00,32.42,0.0,17.39601
2026-03-10 17:00:00,30.66,0.0,15.783308
2026-03-10 18:00:00,28.22,0.0,16.014568
2026-03-10 19:00:00,26.56,0.0,15.860566
2026-03-10 20:00:00,25.7,0.0,15.051418
2026-03-10 21:00:00,25.15,0.0,15.247071
2026-03-10 22:00:00,24.87,0.0,14.259647
2026-03-10 23:00:00,24.6,0.0,11.692515
2026-03-11 00:00:00,24.2,0.0,8.703605
2026-03-11 01:00:00,23.76,0.0,8.753057
2026-03-11 02:00:00,23.51,0.0,13.985797
2026-03-11 03:00:00,23.32,0.0,8.21272
2026-03-11 04:00:00,23.02,0.0,7.466959
2026-03-11 05:00:00,22.8,0.0,9.069574
2026-03-11 06:00:00,22.75,0.0,10.780201
2026-03-11 07:00:00,25.07,0.0,14.199854
2026-03-11 08:00:00,28.3,0.0,16.53998
2026-03-11 09:00:00,31.24,0.0,17.419952
2026-03-11 10:00:00,33.64,0.0,17.385967
2026-03-11 11:00:00,35.37,0.0,17.925228
2026-03-11 12:00:00,36.39,0.0,22.277828
2026-03-11 13:00:00,36.79,0.0,22.067272
2026-03-11 14:00:00,36.64,0.0,22.067272
2026-03-11 15:00:00,35.91,0.0,22.0512
2026-03-11 16:00:00,34.69,0.0,17.291973
2026-03-11 17:00:00,32.76,0.0,16.478563
2026-03-11 18:00:00,29.79,0.0,16.119293
2026-03-11 19:00:00,28.22,0.0,15.8203745
2026-03-11 20:00:00,27.56,0.0,15.011224
2026-03-11 21:00:00,27.01,0.0,15.247071
2026-03-11 22:00:00,26.36,0.0,14.205766
2026-03-11 23:00:00,25.61,0.0,11.88174
2026-03-12 00:00:00,24.95,0.0,9.077104
2026-03-12 01:00:00,24.4,0.0,8.806723
2026-03-12 02:00:00,23.95,0.0,9.347148
2026-03-12 03:00:00,23.54,0.0,13.867839
2026-03-12 04:00:00,23.15,0.0,8.407028
2026-03-12 05:00:00,22.77,0.0,9.765526
2026-03-12 06:00:00,22.71,0.0,11.476152
2026-03-12 07:00:00,25.75,0.0,14.895805
2026-03-12 08:00:00,29.42,0.0,16.091282
2026-03-12 09:00:00,33.13,0.0,17.24445
2026-03-12 10:00:00,35.44,0.0,17.161686
2026-03-12 11:00:00,36.88,0.0,22.324957
2026-03-12 12:00:00,37.75,0.0,22.129955
2026-03-12 13:00:00,38.07,0.0,21.9194
2026-03-12 14:00:00,37.89,0.0,21.9194
2026-03-12 15:00:00,37.07,0.0,21.973349
2026-03-12 16:00:00,35.65,0.0,21.516197
2026-03-12 17:00:00,33.29,0.0,16.373083
2026-03-12 18:00:00,30.05,0.0,16.041441
2026-03-12 19:00:00,27.98,0.0,15.74252
2026-03-12 20:00:00,26.9,0.0,14.973567
2026-03-12 21:00:00,26.2,0.01,14.457795
2026-03-12 22:00:00,25.62,0.01,13.4164915
2026-03-12 23:00:00,25.0,0.03,11.858711
2026-03-13 00:00:00,24.42,0.02,12.747264
2026-03-13 01:00:00,23.85,0.02,13.364408
2026-03-13 02:00:00,23.32,0.03,12.584496
2026-03-13 03:00:00,22.89,0.02,8.198326
2026-03-13 04:00:00,22.6,0.02,7.7564507
2026-03-13 05:00:00,22.4,0.03,9.533147
2026-03-13 06:00:00,22.39,0.02,11.055734
2026-03-13 07:00:00,24.8,0.02,14.671397
2026-03-13 08:00:00,27.73,0.02,16.113138
2026-03-13 09:00:00,30.97,0.01,17.125544
2026-03-13 10:00:00,33.62,0.02,17.161297
2026-03-13 11:00:00,35.24,0.01,17.504347
2026-03-13 12:00:00,36.21,0.01,21.884798
2026-03-13 13:00:00,36.57,0.01,21.674242
2026-03-13 14:00:00,36.39,0.0,21.674242
2026-03-13 15:00:00,35.58,0.0,17.180595
2026-03-13 16:00:00,34.2,0.0,16.370275
2026-03-13 17:00:00,31.94,0.0,15.1137905
2026-03-13 18:00:00,29.03,0.01,15.314224
2026-03-13 19:00:00,27.18,0.01,15.055499
2026-03-13 20:00:00,26.24,0.02,14.296556
2026-03-13 21:00:00,25.69,0.01,13.8001995
2026-03-13 22:00:00,25.13,0.02,13.240274
2026-03-13 23:00:00,24.51,0.01,11.393563
2026-03-14 00:00:00,23.94,0.01,14.425595
2026-03-14 01:00:00,23.47,0.01,18.921137
2026-03-14 02:00:00,23.07,0.02,13.2448635
2026-03-14 03:00:00,22.74,0.02,9.187901
2026-03-14 04:00:00,22.48,0.02,8.746023
2026-03-14 05:00:00,22.27,0.02,11.086001
2026-03-14 06:00:00,22.31,0.02,11.348021
2026-03-14 07:00:00,24.89,0.02,14.3502655
2026-03-14 08:00:00,28.25,0.01,14.742926
2026-03-14 09:00:00,31.24,0.01,15.358418
2026-03-14 10:00:00,33.36,0.01,14.939346
2026-03-14 11:00:00,34.86,0.01,15.422483
2026-03-14 12:00:00,35.74,0.01,19.706514
2026-03-14 13:00:00,36.01,0.0,19.65205
2026-03-14 14:00:00,35.69,0.0,19.65205
2026-03-14 15:00:00,34.74,0.0,15.098715
2026-03-14 16:00:00,33.17,0.01,14.578607
2026-03-14 17:00:00,30.83,0.01,13.188933
2026-03-14 18:00:00,28.26,0.0,14.208321
2026-03-14 19:00:00,26.78,0.0,14.248516
2026-03-14 20:00:00,26.11,0.0,14.050403
2026-03-14 21:00:00,25.68,0.01,13.846798
2026-03-14 22:00:00,25.32,0.04,14.084121
2026-03-14 23:00:00,24.96,0.05,16.45738
2026-03-15 00:00:00,24.57,0.05,13.974259
2026-03-15 01:00:00,24.2,0.05,14.000497
2026-03-15 02:00:00,23.88,0.07,13.8426075
2026-03-15 03:00:00,23.55,0.09,18.304169
2026-03-15 04:00:00,23.24,0.08,11.004797
2026-03-15 05:00:00,22.98,0.09,9.285616
2026-03-15 06:00:00,22.93,0.08,9.547634
2026-03-15 07:00:00,24.79,0.1,14.367739
2026-03-15 08:00:00,27.57,0.07,14.821786
2026-03-15 09:00:00,30.35,0.02,14.91748
2026-03-15 10:00:00,32.6,0.01,14.759304
2026-03-15 11:00:00,34.23,0.02,15.407349
2026-03-15 12:00:00,35.22,0.01,15.0673685
2026-03-15 13:00:00,35.56,0.01,15.114162
2026-03-15 14:00:00,35.26,0.01,15.114162
2026-03-15 15:00:00,34.28,0.0,15.184838
2026-03-15 16:00:00,32.77,0.0,14.690321
2026-03-15 17:00:00,30.71,0.0,13.350316
2026-03-15 18:00:00,28.63,0.0,14.486693
2026-03-15 19:00:00,27.32,0.01,14.282241
2026-03-15 20:00:00,26.64,0.02,14.224052
2026-03-15 21:00:00,26.4,0.03,14.045799
2026-03-15 22:00:00,26.2,0.04,14.283122
2026-03-15 23:00:00,25.91,0.05,12.90171
2026-03-16 00:00:00,25.43,0.06,8.986777
2026-03-16 01:00:00,24.95,0.08,8.986777
2026-03-16 02:00:00,24.46,0.07,8.737256
2026-03-16 03:00:00,24.0,0.05,9.330097
2026-03-16 04:00:00,23.59,0.05,16.533096
2026-03-16 05:00:00,23.2,0.05,10.161119
2026-03-16 06:00:00,23.09,0.06,11.521753
2026-03-16 07:00:00,24.89,0.06,14.826951
2026-03-16 08:00:00,27.35,0.05,15.924872
2026-03-16 09:00:00,29.83,0.11,17.146835
2026-03-16 10:00:00,31.88,0.12,18.145048
2026-03-16 11:00:00,33.33,0.09,18.802849
2026-03-16 12:00:00,34.24,0.08,18.619905
2026-03-16 13:00:00,34.68,0.11,18.332937
2026-03-16 14:00:00,34.58,0.16,18.332937
2026-03-16 15:00:00,33.7,0.25,18.463299
2026-03-16 16:00:00,32.3,0.2,18.082178
2026-03-16 17:00:00,30.35,0.13,16.935938
2026-03-16 18:00:00,28.37,0.12,16.58482
2026-03-16 19:00:00,27.04,0.15,16.11232
2026-03-16 20:00:00,26.39,0.19,15.48761
2026-03-16 21:00:00,26.18,0.22,15.683267
2026-03-16 22:00:00,26.07,0.2,14.641958
2026-03-16 23:00:00,25.94,0.23,12.2823305
2026-03-17 00:00:00,25.78,0.28,8.3504305
2026-03-17 01:00:00,25.53,0.31,8.3504305
2026-03-17 02:00:00,25.24,0.41,8.126791
2026-03-17 03:00:00,24.91,0.35,8.126791
2026-03-17 04:00:00,24.56,0.34,7.684914
2026-03-17 05:00:00,24.21,0.23,9.788857
2026-03-17 06:00:00,24.03,0.7,11.499485
2026-03-17 07:00:00,24.86,0.66,14.023045
2026-03-17 08:00:00,26.44,0.55,16.34509
2026-03-17 09:00:00,28.25,0.42,17.485687
2026-03-17 10:00:00,29.94,0.41,16.914381
2026-03-17 11:00:00,31.33,0.32,18.017212
2026-03-17 12:00:00,32.23,0.51,18.031254
2026-03-17 13:00:00,32.62,0.48,17.959612
2026-03-17 14:00:00,32.43,0.64,17.959612
2026-03-17 15:00:00,31.7,0.52,17.943539
2026-03-17 16:00:00,30.72,0.45,16.872448
2026-03-17 17:00:00,29.34,0.55,16.06971
2026-03-17 18:00:00,27.36,0.51,15.91484
2026-03-17 19:00:00,25.94,0.71,15.860566
2026-03-17 20:00:00,25.12,0.82,15.051418
2026-03-17 21:00:00,24.53,0.92,15.300952
2026-03-17 22:00:00,24.04,0.94,14.852485
2026-03-17 23:00:00,23.57,1.2,12.117367
2026-03-18 00:00:00,23.15,1.54,8.29045
2026-03-18 01:00:00,22.76,1.35,7.807508
2026-03-18 02:00:00,22.43,1.16,7.5878496
2026-03-18 03:00:00,22.26,1.29,7.5878496
2026-03-18 04:00:00,22.27,1.26,7.145974
2026-03-18 05:00:00,22.24,1.18,9.069574
2026-03-18 06:00:00,22.26,1.08,10.780201
2026-03-18 07:00:00,24.28,0.82,14.792689
2026-03-18 08:00:00,27.19,0.72,16.475456
2026-03-18 09:00:00,30.26,0.95,17.419952
2026-03-18 10:00:00,32.05,1.39,17.413595
2026-03-18 11:00:00,32.92,2.73,18.001642
2026-03-18 12:00:00,32.83,3.99,18.003626
2026-03-18 13:00:00,32.4,7.16,17.959612
2026-03-18 14:00:00,31.94,12.18,17.959612
2026-03-18 15:00:00,31.45,14.52,17.943539
2026-03-18 16:00:00,30.63,8.24,16.534151
2026-03-18 17:00:00,29.28,4.3,16.06971
2026-03-18 18:00:00,27.2,1.78,16.054764
2026-03-18 19:00:00,26.05,0.55,15.860566
2026-03-18 20:00:00,25.09,0.56,15.1053
2026-03-18 21:00:00,24.27,0.38,15.8937845
2026-03-18 22:00:00,23.69,0.47,14.852485
2026-03-18 23:00:00,23.15,0.97,12.471324
2026-03-19 00:00:00,22.7,1.44,8.5286
2026-03-19 01:00:00,22.45,1.14,8.50346
2026-03-19 02:00:00,22.33,0.93,8.283802
2026-03-19 03:00:00,22.21,1.26,8.283802
2026-03-19 04:00:00,21.98,1.29,13.478344
2026-03-19 05:00:00,21.75,1.58,6.656641
2026-03-19 06:00:00,21.75,1.34,8.367273
2026-03-19 07:00:00,23.68,1.3,15.53809
2026-03-19 08:00:00,26.53,1.49,16.32758
2026-03-19 09:00:00,28.79,0.64,17.45532
2026-03-19 10:00:00,29.99,0.5,17.265722
2026-03-19 11:00:00,30.81,0.67,17.881395
2026-03-19 12:00:00,31.32,1.17,17.883377
2026-03-19 13:00:00,31.57,1.75,17.811735
2026-03-19 14:00:00,31.46,1.48,17.811735
2026-03-19 15:00:00,31.17,1.42,17.865686
2026-03-19 16:00:00,30.3,1.12,16.742697
2026-03-19 17:00:00,28.99,0.6,15.991856
2026-03-19 18:00:00,27.1,0.44,15.9769125
2026-03-19 19:00:00,25.91,0.32,15.782715
2026-03-19 20:00:00,24.83,0.43,15.027449
2026-03-19 21:00:00,24.02,0.38,15.104507
2026-03-19 22:00:00,23.41,0.45,14.0632105
2026-03-19 23:00:00,22.89,0.34,12.23152
2026-03-20 00:00:00,22.41,0.47,8.692375
2026-03-20 01:00:00,21.95,0.34,5.8485847
2026-03-20 02:00:00,21.52,0.21,5.3893495
2026-03-20 03:00:00,21.17,0.17,5.3666234
2026-03-20 04:00:00,20.91,0.18,4.924748
2026-03-20 05:00:00,20.73,0.2,6.701438
2026-03-20 06:00:00,20.9,0.24,8.22403
2026-03-20 07:00:00,23.45,0.25,19.784914
2026-03-20 08:00:00,27.0,0.27,16.153332
2026-03-20 09:00:00,29.93,0.33,17.125544
2026-03-20 10:00:00,31.86,0.54,17.188925
2026-03-20 11:00:00,33.13,0.9,17.58076
2026-03-20 12:00:00,33.83,1.61,17.41361
2026-03-20 13:00:00,33.84,1.91,17.203058
2026-03-20 14:00:00,33.33,2.64,17.538954
2026-03-20 15:00:00,31.96,4.18,17.620531
2026-03-20 16:00:00,30.65,5.71,16.095747
2026-03-20 17:00:00,29.12,5.67,15.264638
2026-03-20 18:00:00,27.44,6.46,15.209502
2026-03-20 19:00:00,26.27,8.95,15.055499
2026-03-20 20:00:00,25.51,13.45,14.296556
2026-03-20 21:00:00,24.97,15.2,13.8001995
2026-03-20 22:00:00,24.44,15.35,13.240274
2026-03-20 23:00:00,23.93,16.92,11.818414
2026-03-21 00:00:00,23.45,15.69,13.691711
2026-03-21 01:00:00,22.99,12.04,13.800026
2026-03-21 02:00:00,22.59,6.91,9.197573
2026-03-21 03:00:00,22.22,4.47,9.187901
2026-03-21 04:00:00,21.86,2.89,5.927372
2026-03-21 05:00:00,21.54,2.05,8.267352
2026-03-21 06:00:00,21.55,1.73,8.529371
2026-03-21 07:00:00,23.77,1.81,14.696336
2026-03-21 08:00:00,26.53,1.17,14.78312
2026-03-21 09:00:00,29.85,0.28,15.050404
2026-03-21 10:00:00,31.91,0.26,14.966973
2026-03-21 11:00:00,33.37,0.29,15.498896
2026-03-21 12:00:00,34.32,0.21,15.235331
2026-03-21 13:00:00,34.75,0.21,15.104454
2026-03-21 14:00:00,34.51,0.31,15.104454
2026-03-21 15:00:00,33.23,0.48,15.31404
2026-03-21 16:00:00,31.71,0.84,14.606235
2026-03-21 17:00:00,29.85,1.28,13.167316
2026-03-21 18:00:00,28.11,1.66,14.208321
2026-03-21 19:00:00,27.21,1.77,14.248516
2026-03-21 20:00:00,26.61,1.68,14.050403
2026-03-21 21:00:00,26.09,1.58,13.846798
2026-03-21 22:00:00,25.39,1.82,14.084121
2026-03-21 23:00:00,24.77,2.12,16.45738
2026-03-22 00:00:00,24.24,1.94,14.025638
2026-03-22 01:00:00,23.86,1.28,14.774589
2026-03-22 02:00:00,23.58,0.81,18.313839
2026-03-22 03:00:00,23.22,0.71,13.34501
2026-03-22 04:00:00,22.82,0.72,6.7133856
2026-03-22 05:00:00,22.61,0.72,8.96463
2026-03-22 06:00:00,22.62,0.1,9.22665
2026-03-22 07:00:00,24.46,0.11,14.071523
2026-03-22 08:00:00,26.91,0.08,14.861981
2026-03-22 09:00:00,29.33,0.07,15.100729
2026-03-22 10:00:00,31.23,0.05,14.759304
2026-03-22 11:00:00,32.65,0.07,15.434977
2026-03-22 12:00:00,33.76,0.05,15.143784
2026-03-22 13:00:00,34.53,0.03,15.114162
2026-03-22 14:00:00,34.87,0.03,15.114162
2026-03-22 15:00:00,34.55,0.05,15.108423
2026-03-22 16:00:00,33.53,0.05,14.662693
2026-03-22 17:00:00,31.78,0.01,13.858451
2026-03-22 18:00:00,29.53,0.05,14.474425
2026-03-22 19:00:00,27.67,0.16,14.38197
2026-03-22 20:00:00,26.43,0.26,14.224052
2026-03-22 21:00:00,25.76,0.34,14.045799
2026-03-22 22:00:00,25.24,0.3,14.283122
2026-03-22 23:00:00,24.77,0.3,16.697763
2026-03-23 00:00:00,24.41,0.25,8.741533
2026-03-23 01:00:00,24.0,0.27,9.3343725
2026-03-23 02:00:00,23.57,0.19,14.664698
2026-03-23 03:00:00,23.16,0.18,8.796015
2026-03-23 04:00:00,22.77,0.11,8.110015
2026-03-23 05:00:00,22.32,0.05,9.9991665
2026-03-23 06:00:00,22.2,0.03,11.521753
2026-03-23 07:00:00,24.56,0.06,14.826951
2026-03-23 08:00:00,27.76,0.04,16.024603
2026-03-23 09:00:00,30.5,0.02,17.823206
2026-03-23 10:00:00,32.24,0.02,18.145048
2026-03-23 11:00:00,33.51,0.02,18.802849
2026-03-23 12:00:00,34.37,0.03,18.619905
2026-03-23 13:00:00,34.79,0.05,18.332937
2026-03-23 14:00:00,34.69,0.05,18.332937
2026-03-23 15:00:00,34.06,0.04,18.463299
2026-03-23 16:00:00,32.87,0.03,18.05455
2026-03-23 17:00:00,30.77,0.02,17.523115
2026-03-23 18:00:00,28.26,0.02,16.480097
2026-03-23 19:00:00,26.67,0.02,16.11232
2026-03-23 20:00:00,26.01,0.05,15.48761
2026-03-23 21:00:00,25.6,0.05,15.683267
2026-03-23 22:00:00,25.18,0.05,14.641958
2026-03-23 23:00:00,24.75,0.06,12.682825
2026-03-24 00:00:00,24.33,0.04,8.698026
2026-03-24 01:00:00,23.93,0.02,8.698026
2026-03-24 02:00:00,23.57,0.01,13.808988
2026-03-24 03:00:00,23.28,0.01,8.233305
2026-03-24 04:00:00,23.1,0.01,7.7914257
2026-03-24 05:00:00,22.91,0.01,9.470909
2026-03-24 06:00:00,22.99,0.01,11.181536
2026-03-24 07:00:00,25.32,0.02,14.023045
2026-03-24 08:00:00,28.03,0.01,16.304895
2026-03-24 09:00:00,30.45,0.01,17.393688
2026-03-24 10:00:00,32.35,0.01,17.401537
2026-03-24 11:00:00,33.72,0.01,17.989586
2026-03-24 12:00:00,34.63,0.03,17.730225
2026-03-24 13:00:00,34.94,0.04,17.519669
2026-03-24 14:00:00,34.66,0.06,17.519669
2026-03-24 15:00:00,33.74,0.06,17.580013
2026-03-24 16:00:00,32.16,0.03,17.39601
2026-03-24 17:00:00,30.02,0.01,16.06971
2026-03-24 18:00:00,27.86,0.0,16.014568
2026-03-24 19:00:00,26.75,0.01,15.860566
2026-03-24 20:00:00,26.23,0.01,15.051418
2026-03-24 21:00:00,25.84,0.01,15.247071
2026-03-24 22:00:00,25.42,0.01,14.205766
2026-03-24 23:00:00,25.0,0.0,11.936562
2026-03-25 00:00:00,24.58,0.0,8.3560095
2026-03-25 01:00:00,24.15,0.0,8.703605
2026-03-25 02:00:00,23.79,0.01,8.700645
2026-03-25 03:00:00,23.49,0.01,16.296072
2026-03-25 04:00:00,23.23,0.02,7.711076
2026-03-25 05:00:00,23.03,0.03,9.39056
2026-03-25 06:00:00,23.18,0.03,11.26314
2026-03-25 07:00:00,25.32,0.04,14.199854
2026-03-25 08:00:00,28.53,0.03,16.422403
2026-03-25 09:00:00,31.32,0.01,17.419952
2026-03-25 10:00:00,33.58,0.01,17.385967
2026-03-25 11:00:00,35.26,0.0,17.925228
2026-03-25 12:00:00,36.37,0.01,22.277828
2026-03-25 13:00:00,36.77,0.01,22.067272
2026-03-25 14:00:00,36.12,0.01,22.067272
2026-03-25 15:00:00,35.37,0.03,17.503597
2026-03-25 16:00:00,34.02,0.06,17.368383
2026-03-25 17:00:00,32.42,0.05,16.478563
2026-03-25 18:00:00,30.45,0.05,16.119293
2026-03-25 19:00:00,29.05,0.05,15.925098
2026-03-25 20:00:00,28.23,0.05,15.301862
2026-03-25 21:00:00,27.77,0.05,15.206877
2026-03-25 22:00:00,27.48,0.06,14.165571
2026-03-25 23:00:00,27.22,0.05,12.117605
2026-03-26 00:00:00,26.81,0.04,9.430713
2026-03-26 01:00:00,26.27,0.06,9.405572
2026-03-26 02:00:00,25.82,0.05,8.999553
2026-03-26 03:00:00,25.54,0.06,8.999553
2026-03-26 04:00:00,25.34,0.04,8.557674
2026-03-26 05:00:00,25.19,0.05,10.314025
2026-03-26 06:00:00,25.26,0.06,12.024648
2026-03-26 07:00:00,26.95,0.06,14.947035
2026-03-26 08:00:00,29.58,0.07,16.091282
2026-03-26 09:00:00,32.15,0.05,17.272078
2026-03-26 10:00:00,34.3,0.03,17.238094
2026-03-26 11:00:00,36.02,0.02,22.324957
2026-03-26 12:00:00,37.19,0.01,22.129955
2026-03-26 13:00:00,37.8,0.0,21.9194
2026-03-26 14:00:00,37.84,0.0,21.9194
2026-03-26 15:00:00,37.14,0.0,21.973349
2026-03-26 16:00:00,35.81,0.0,21.516197
2026-03-26 17:00:00,33.79,0.0,16.373083
2026-03-26 18:00:00,31.32,0.0,16.1526
2026-03-26 19:00:00,30.01,0.0,15.847242
2026-03-26 20:00:00,29.14,0.0,15.328733
2026-03-26 21:00:00,28.39,0.01,14.812962
2026-03-26 22:00:00,27.71,0.02,13.376296
2026-03-26 23:00:00,26.97,0.02,12.039755
2026-03-27 00:00:00,26.34,0.02,13.239307
2026-03-27 01:00:00,25.8,0.02,12.967361
2026-03-27 02:00:00,25.34,0.03,12.675376
2026-03-27 03:00:00,24.97,0.02,12.665704
2026-03-27 04:00:00,24.66,0.02,12.22383
2026-03-27 05:00:00,24.45,0.01,9.861726
2026-03-27 06:00:00,24.62,0.18,11.62955
2026-03-27 07:00:00,27.12,0.22,14.898845
2026-03-27 08:00:00,30.74,0.12,15.968143
2026-03-27 09:00:00,33.78,0.04,17.097916
2026-03-27 10:00:00,36.08,0.06,21.632479
2026-03-27 11:00:00,37.67,0.03,22.051949
2026-03-27 12:00:00,38.7,0.03,21.884798
2026-03-27 13:00:00,39.18,0.03,21.674242
2026-03-27 14:00:00,38.99,0.49,21.674242
2026-03-27 15:00:00,37.67,1.85,21.728193
2026-03-27 16:00:00,35.95,2.61,20.983953
2026-03-27 17:00:00,33.8,0.92,14.879123
2026-03-27 18:00:00,31.43,0.23,15.2536955
2026-03-27 19:00:00,29.9,0.34,15.120027
2026-03-27 20:00:00,29.14,0.94,14.651726
2026-03-27 21:00:00,28.68,1.08,14.155365
2026-03-27 22:00:00,28.23,1.93,13.49072
2026-03-27 23:00:00,27.62,3.01,11.360142
2026-03-28 00:00:00,27.04,4.17,14.756601
2026-03-28 01:00:00,26.55,2.54,14.731461
2026-03-28 02:00:00,26.15,1.82,14.32419
2026-03-28 03:00:00,25.92,1.29,13.951491
2026-03-28 04:00:00,25.52,1.22,13.509616
2026-03-28 05:00:00,25.12,1.28,12.215682
2026-03-28 06:00:00,25.08,1.61,12.477696
2026-03-28 07:00:00,26.93,1.52,14.713292
2026-03-28 08:00:00,30.25,1.6,14.597932
2026-03-28 09:00:00,33.49,0.72,15.3307905
2026-03-28 10:00:00,35.72,0.33,19.410513
2026-03-28 11:00:00,37.29,0.19,19.970076
2026-03-28 12:00:00,38.29,0.07,19.706514
2026-03-28 13:00:00,38.77,0.03,19.65205
2026-03-28 14:00:00,38.71,0.03,19.65205
2026-03-28 15:00:00,38.03,0.04,19.64631
2026-03-28 16:00:00,36.65,0.17,18.9601
2026-03-28 17:00:00,34.75,0.2,13.38598
2026-03-28 18:00:00,31.95,0.22,14.842791
2026-03-28 19:00:00,30.44,0.49,14.313044
2026-03-28 20:00:00,29.47,0.52,14.405572
2026-03-28 21:00:00,28.74,0.43,14.201967
2026-03-28 22:00:00,28.16,0.74,14.334566
2026-03-28 23:00:00,27.64,0.86,12.215836
2026-03-29 00:00:00,27.19,0.69,14.683882
2026-03-29 01:00:00,26.75,0.63,14.658741
2026-03-29 02:00:00,26.42,0.67,14.066629
2026-03-29 03:00:00,26.08,0.92,13.643267
2026-03-29 04:00:00,25.74,1.93,11.303055
2026-03-29 05:00:00,25.28,2.42,10.005471
2026-03-29 06:00:00,25.27,2.85,10.267485
2026-03-29 07:00:00,27.49,2.68,14.741235
2026-03-29 08:00:00,31.17,2.36,14.850318
2026-03-29 09:00:00,34.15,1.28,15.197866
2026-03-29 10:00:00,36.27,0.76,19.20284
2026-03-29 11:00:00,37.83,0.21,19.878517
2026-03-29 12:00:00,38.78,0.26,19.614956
2026-03-29 13:00:00,39.21,0.12,19.66175
2026-03-29 14:00:00,39.09,0.08,19.66175
2026-03-29 15:00:00,38.51,0.08,19.656012
2026-03-29 16:00:00,37.36,0.13,19.044182
2026-03-29 17:00:00,35.55,0.15,13.547362
2026-03-29 18:00:00,32.28,0.15,15.004173
2026-03-29 19:00:00,30.23,0.42,14.474425
2026-03-29 20:00:00,29.25,0.4,14.566955
2026-03-29 21:00:00,28.54,0.55,14.762081
2026-03-29 22:00:00,27.97,0.58,14.894679
2026-03-29 23:00:00,27.44,0.64,12.817331
2026-03-30 00:00:00,26.96,0.67,8.775714
2026-03-30 01:00:00,26.53,0.53,8.775714
2026-03-30 02:00:00,26.11,1.02,8.879165
2026-03-30 03:00:00,25.71,1.09,8.982501
2026-03-30 04:00:00,25.35,1.31,8.540621
2026-03-30 05:00:00,25.07,1.48,10.262524
2026-03-30 06:00:00,25.24,1.42,11.785106
2026-03-30 07:00:00,27.17,1.5,14.596532
2026-03-30 08:00:00,29.92,0.67,15.950037
2026-03-30 09:00:00,32.54,0.86,18.028667
2026-03-30 10:00:00,34.67,0.45,18.041006
2026-03-30 11:00:00,36.15,0.41,23.27404
2026-03-30 12:00:00,37.02,0.21,23.091093
2026-03-30 13:00:00,37.32,0.22,22.880539
2026-03-30 14:00:00,37.04,2.35,22.880539
2026-03-30 15:00:00,36.19,3.13,22.93449
2026-03-30 16:00:00,34.89,5.3,17.97814
2026-03-30 17:00:00,33.09,3.78,17.137114
2026-03-30 18:00:00,31.03,1.34,18.908598
2026-03-30 19:00:00,29.6,0.34,16.11495
2026-03-30 20:00:00,28.79,1.03,16.023958
2026-03-30 21:00:00,28.26,1.19,16.114891
2026-03-30 22:00:00,27.77,1.52,14.782943
2026-03-30 23:00:00,27.29,2.77,12.518196
2026-03-31 00:00:00,26.81,2.84,8.490183
2026-03-31 01:00:00,26.35,3.76,8.490183
2026-03-31 02:00:00,25.92,3.28,8.126791
2026-03-31 03:00:00,25.51,2.89,8.126791
2026-03-31 04:00:00,25.19,2.28,7.684914
2026-03-31 05:00:00,24.94,1.38,9.441265
2026-03-31 06:00:00,25.04,1.04,11.151887
2026-03-31 07:00:00,26.74,1.01,13.943904
2026-03-31 08:00:00,29.97,0.57,16.212893
2026-03-31 09:00:00,32.76,0.25,17.407894
2026-03-31 10:00:00,34.75,0.17,17.297506
2026-03-31 11:00:00,36.1,0.15,22.460773
2026-03-31 12:00:00,36.87,0.1,22.277828
2026-03-31 13:00:00,36.95,0.11,22.067272
2026-03-31 14:00:00,36.11,0.13,22.067272
2026-03-31 15:00:00,35.52,0.09,17.503597
2026-03-31 16:00:00,34.45,0.09,17.291973
2026-03-31 17:00:00,33.14,0.15,16.450935
2026-03-31 18:00:00,31.25,0.17,16.23045
2026-03-31 19:00:00,29.76,0.17,15.925098
2026-03-31 20:00:00,28.6,0.29,15.406585
2026-03-31 21:00:00,27.88,0.24,15.497518
2026-03-31 22:00:00,27.44,0.27,14.165571
2026-03-31 23:00:00,27.1,0.19,12.117605
2026-04-01 00:00:00,26.81,0.2,9.756269
2026-04-01 01:00:00,26.49,0.13,9.756269
2026-04-01 02:00:00,26.1,0.11,9.684503
2026-04-01 03:00:00,25.74,0.16,9.433738
2026-04-01 04:00:00,25.29,0.24,9.433738
2026-04-01 05:00:00,24.9,0.27,11.984045
2026-04-01 06:00:00,25.0,0.14,13.87519
2026-04-01 07:00:00,27.21,0.1,16.28353
2026-04-01 08:00:00,30.02,0.03,17.37183
2026-04-01 09:00:00,32.54,0.02,17.758661
2026-04-01 10:00:00,34.61,0.01,17.472279
2026-04-01 11:00:00,36.22,0.0,22.63556
2026-04-01 12:00:00,37.21,0.0,23.055521
2026-04-01 13:00:00,37.59,0.0,22.844967
2026-04-01 14:00:00,37.41,0.0,22.844967
2026-04-01 15:00:00,36.63,0.0,22.213928
2026-04-01 16:00:00,35.2,0.0,17.454693
2026-04-01 17:00:00,33.03,0.0,16.613665
2026-04-01 18:00:00,30.43,0.0,16.282022
2026-04-01 19:00:00,28.45,0.0,16.126776
2026-04-01 20:00:00,27.55,0.0,15.212901
2026-04-01 21:00:00,27.14,0.0,15.448749
2026-04-01 22:00:00,26.86,0.0,14.407443
2026-04-01 23:00:00,26.76,0.0,12.3192835
2026-04-02 00:00:00,26.66,0.0,9.700029
2026-04-02 01:00:00,26.43,0.0,9.674889
2026-04-02 02:00:00,26.15,0.0,9.603122
2026-04-02 03:00:00,25.79,0.01,9.268869
2026-04-02 04:00:00,25.15,0.01,9.268869
2026-04-02 05:00:00,24.73,0.02,11.819178
2026-04-02 06:00:00,24.92,0.01,13.710321
2026-04-02 07:00:00,27.31,0.02,15.978736
2026-04-02 08:00:00,30.45,0.02,17.223959
2026-04-02 09:00:00,33.33,0.03,17.58316
2026-04-02 10:00:00,35.53,0.02,17.324411
2026-04-02 11:00:00,36.99,0.03,22.487686
2026-04-02 12:00:00,37.83,0.01,22.292683
2026-04-02 13:00:00,38.11,0.02,22.082129
2026-04-02 14:00:00,37.83,0.01,22.082129
2026-04-02 15:00:00,36.9,0.01,22.136078
2026-04-02 16:00:00,35.37,0.01,17.376842
2026-04-02 17:00:00,33.18,0.0,16.535812
2026-04-02 18:00:00,30.57,0.0,16.204168
2026-04-02 19:00:00,28.75,0.01,16.048922
2026-04-02 20:00:00,27.92,0.0,15.42569
2026-04-02 21:00:00,27.4,0.01,14.619279
2026-04-02 22:00:00,26.93,0.02,13.618169
2026-04-02 23:00:00,26.44,0.01,12.241433
2026-04-03 00:00:00,25.99,0.01,12.856888
2026-04-03 01:00:00,25.58,0.01,12.831747
2026-04-03 02:00:00,25.25,0.02,12.944693
2026-04-03 03:00:00,25.02,0.02,12.93502
2026-04-03 04:00:00,24.88,0.03,12.93502
2026-04-03 05:00:00,24.75,0.05,11.612119
2026-04-03 06:00:00,25.15,0.06,13.315223
2026-04-03 07:00:00,27.8,0.05,16.030275
2026-04-03 08:00:00,31.4,0.05,17.10082
2026-04-03 09:00:00,34.6,0.05,17.360209
2026-04-03 10:00:00,36.72,0.02,21.795206
2026-04-03 11:00:00,38.17,0.02,22.214678
2026-04-03 12:00:00,38.9,0.02,22.047527
2026-04-03 13:00:00,39.0,0.12,21.836971
2026-04-03 14:00:00,38.44,0.1,21.836971
2026-04-03 15:00:00,37.18,0.36,21.890923
2026-04-03 16:00:00,35.55,0.9,16.45659
2026-04-03 17:00:00,33.76,0.85,15.041851
2026-04-03 18:00:00,31.77,0.53,15.326107
2026-04-03 19:00:00,30.26,0.47,15.282755
2026-04-03 20:00:00,29.4,0.37,14.853404
2026-04-03 21:00:00,28.99,0.4,14.357043
2026-04-03 22:00:00,28.72,0.72,13.575496
2026-04-03 23:00:00,28.4,0.65,12.368987
2026-04-04 00:00:00,28.09,0.69,15.127731
2026-04-04 01:00:00,27.8,0.68,14.687216
2026-04-04 02:00:00,27.55,0.53,14.641351
2026-04-04 03:00:00,27.32,0.62,14.531949
2026-04-04 04:00:00,27.07,0.69,14.583833
2026-04-04 05:00:00,26.79,0.63,13.633185
2026-04-04 06:00:00,26.86,0.46,14.075725
2026-04-04 07:00:00,28.06,0.47,15.39405
2026-04-04 08:00:00,30.28,0.37,15.279935
2026-04-04 09:00:00,32.53,0.3,15.69713
2026-04-04 10:00:00,34.37,0.14,15.102075
2026-04-04 11:00:00,35.87,0.13,20.132803
2026-04-04 12:00:00,37.12,0.06,19.869244
2026-04-04 13:00:00,38.06,0.06,19.81478
2026-04-04 14:00:00,38.24,0.09,19.81478
2026-04-04 15:00:00,37.72,0.14,19.80904
2026-04-04 16:00:00,36.48,0.14,19.12283
2026-04-04 17:00:00,34.63,0.16,13.548708
2026-04-04 18:00:00,32.68,0.13,15.00552
2026-04-04 19:00:00,31.33,0.09,14.723253
2026-04-04 20:00:00,30.6,0.14,14.281904
2026-04-04 21:00:00,30.21,0.2,14.3646965
2026-04-04 22:00:00,29.82,0.16,14.046785
2026-04-04 23:00:00,29.36,0.28,13.375295
2026-04-05 00:00:00,28.81,0.24,15.168121
2026-04-05 01:00:00,28.25,0.27,15.155835
2026-04-05 02:00:00,27.82,0.2,15.198373
2026-04-05 03:00:00,27.42,0.18,15.188701
2026-04-05 04:00:00,27.12,0.1,14.996202
2026-04-05 05:00:00,26.98,0.15,14.0419035
2026-04-05 06:00:00,27.17,0.14,14.484443
2026-04-05 07:00:00,29.08,0.12,15.365957
2026-04-05 08:00:00,31.63,0.1,15.532327
2026-04-05 09:00:00,33.48,0.31,15.536582
2026-04-05 10:00:00,34.62,0.87,14.817991
2026-04-05 11:00:00,35.56,1.09,15.493662
2026-04-05 12:00:00,36.16,1.7,19.777685
2026-04-05 13:00:00,36.05,1.93,19.824478
2026-04-05 14:00:00,35.78,1.82,19.824478
2026-04-05 15:00:00,35.0,2.46,15.271152
2026-04-05 16:00:00,33.92,3.76,14.825422
2026-04-05 17:00:00,32.57,4.21,14.021179
2026-04-05 18:00:00,30.99,1.91,14.658767
2026-04-05 19:00:00,29.73,0.97,14.676104
2026-04-05 20:00:00,28.92,1.56,14.768632
2026-04-05 21:00:00,28.34,1.42,14.963758
2026-04-05 22:00:00,27.81,1.23,15.096357
2026-04-05 23:00:00,27.31,1.63,12.91928
2026-04-06 00:00:00,26.9,2.49,9.049569
2026-04-06 01:00:00,26.56,3.71,9.049569
2026-04-06 02:00:00,26.28,4.28,9.025936
2026-04-06 03:00:00,25.99,4.21,9.256354
2026-04-06 04:00:00,25.67,4.41,9.256354
2026-04-06 05:00:00,25.4,3.97,11.772212
2026-04-06 06:00:00,25.57,1.51,13.294792
2026-04-06 07:00:00,27.14,2.1,15.592175
2026-04-06 08:00:00,29.36,2.17,17.02482
2026-04-06 09:00:00,31.36,0.22,18.191397
2026-04-06 10:00:00,32.93,0.21,18.280151
2026-04-06 11:00:00,33.97,0.22,18.965578
2026-04-06 12:00:00,34.8,0.23,18.706219
2026-04-06 13:00:00,35.41,0.31,18.495665
2026-04-06 14:00:00,35.25,0.35,18.495665
2026-04-06 15:00:00,34.57,0.42,18.549616
2026-04-06 16:00:00,33.52,0.31,18.21728
2026-04-06 17:00:00,32.25,0.2,17.327469
2026-04-06 18:00:00,30.74,0.18,19.071327
2026-04-06 19:00:00,29.34,0.22,16.316628
2026-04-06 20:00:00,28.3,0.29,16.225636
2026-04-06 21:00:00,27.64,0.32,16.02593
2026-04-06 22:00:00,27.18,0.21,14.843636
2026-04-06 23:00:00,26.8,0.29,12.719873
2026-04-07 00:00:00,26.47,0.35,9.62032
2026-04-07 01:00:00,26.12,0.52,9.62032
2026-04-07 02:00:00,25.8,0.52,9.256928
2026-04-07 03:00:00,25.46,0.49,9.256928
2026-04-07 04:00:00,25.15,0.38,9.256928
2026-04-07 05:00:00,24.89,0.4,11.807237
2026-04-07 06:00:00,25.17,0.37,13.69838
2026-04-07 07:00:00,27.19,0.42,15.97635
2026-04-07 08:00:00,30.18,0.31,17.345564
2026-04-07 09:00:00,32.78,0.21,17.746603
2026-04-07 10:00:00,34.62,0.23,17.460222
2026-04-07 11:00:00,35.99,0.26,22.6235
2026-04-07 12:00:00,36.78,0.26,22.440556
2026-04-07 13:00:00,37.04,0.26,22.230001
2026-04-07 14:00:00,36.47,0.23,22.230001
2026-04-07 15:00:00,35.29,0.24,17.666327
2026-04-07 16:00:00,34.34,0.18,17.531105
2026-04-07 17:00:00,33.02,0.18,16.613665
2026-04-07 18:00:00,31.04,0.17,16.167313
2026-04-07 19:00:00,29.42,0.15,16.126776
2026-04-07 20:00:00,28.46,0.14,15.608262
2026-04-07 21:00:00,27.91,0.13,15.699195
2026-04-07 22:00:00,27.51,0.11,14.3672495
2026-04-07 23:00:00,27.12,0.17,12.3192835
2026-04-08 00:00:00,26.68,0.13,9.756269
2026-04-08 01:00:00,26.2,0.16,9.756269
2026-04-08 02:00:00,25.75,0.16,9.433738
2026-04-08 03:00:00,25.31,0.16,9.433738
2026-04-08 04:00:00,24.99,0.14,9.433738
2026-04-08 05:00:00,24.71,0.26,11.984045
2026-04-08 06:00:00,25.02,0.18,13.87519
2026-04-08 07:00:00,27.3,0.2,16.143604
2026-04-08 08:00:00,30.54,0.14,17.37183
2026-04-08 09:00:00,33.36,0.37,17.731033
2026-04-08 10:00:00,35.4,0.22,17.472279
2026-04-08 11:00:00,36.86,0.2,22.63556
2026-04-08 12:00:00,37.79,0.13,23.055521
2026-04-08 13:00:00,38.2,0.12,22.844967
2026-04-08 14:00:00,37.89,0.14,22.844967
2026-04-08 15:00:00,37.2,0.14,22.828896
2026-04-08 16:00:00,36.16,0.21,21.756777
2026-04-08 17:00:00,34.48,0.12,16.537252
2026-04-08 18:00:00,31.86,0.05,16.690876
2026-04-08 19:00:00,30.21,0.04,16.087826
2026-04-08 20:00:00,29.32,0.04,15.608262
2026-04-08 21:00:00,28.63,0.05,15.803916
2026-04-08 22:00:00,28.07,0.12,14.65789
2026-04-08 23:00:00,27.56,0.2,11.806891
2026-04-09 00:00:00,27.06,0.42,9.700029
2026-04-09 01:00:00,26.59,0.74,9.674889
2026-04-09 02:00:00,26.15,1.02,9.603122
2026-04-09 03:00:00,25.75,0.98,9.268869
2026-04-09 04:00:00,25.39,0.69,9.268869
2026-04-09 05:00:00,25.08,0.62,11.819178
2026-04-09 06:00:00,25.4,0.53,13.710321
2026-04-09 07:00:00,27.58,0.43,16.078466
2026-04-09 08:00:00,31.14,0.21,17.223959
2026-04-09 09:00:00,34.0,0.1,17.58316
2026-04-09 10:00:00,36.09,0.15,21.872007
2026-04-09 11:00:00,37.66,0.17,22.487686
2026-04-09 12:00:00,38.66,0.2,22.292683
2026-04-09 13:00:00,39.07,0.45,22.082129
2026-04-09 14:00:00,38.53,0.54,22.082129
2026-04-09 15:00:00,37.59,0.34,22.136078
2026-04-09 16:00:00,36.53,0.28,21.678925
2026-04-09 17:00:00,35.17,0.2,16.459398
2026-04-09 18:00:00,33.26,0.13,16.585398
2026-04-09 19:00:00,31.75,0.09,16.418827
2026-04-09 20:00:00,30.81,0.09,15.376751
2026-04-09 21:00:00,30.1,0.13,14.97569
2026-04-09 22:00:00,29.62,0.13,13.379163
2026-04-09 23:00:00,29.24,0.15,12.536208
2026-04-10 00:00:00,28.84,0.24,13.597585
2026-04-10 01:00:00,28.4,0.23,13.572444
2026-04-10 02:00:00,27.86,0.24,13.219986
2026-04-10 03:00:00,27.36,0.29,13.110584
2026-04-10 04:00:00,26.94,0.3,13.162468
2026-04-10 05:00:00,26.58,0.3,11.839566
2026-04-10 06:00:00,26.76,0.25,13.54267
2026-04-10 07:00:00,29.23,0.28,16.068527
2026-04-10 08:00:00,32.25,0.16,17.10082
2026-04-10 09:00:00,34.48,0.11,17.360209
2026-04-10 10:00:00,36.16,0.07,21.795206
2026-04-10 11:00:00,37.47,0.08,22.214678
2026-04-10 12:00:00,38.23,0.06,22.047527
2026-04-10 13:00:00,38.66,0.06,21.836971
2026-04-10 14:00:00,38.58,0.04,21.836971
2026-04-10 15:00:00,37.77,0.03,21.890923
2026-04-10 16:00:00,36.17,0.03,21.146683
2026-04-10 17:00:00,33.8,0.03,15.041851
2026-04-10 18:00:00,31.34,0.05,15.416424
2026-04-10 19:00:00,29.58,0.05,15.321704
2026-04-10 20:00:00,28.65,0.07,14.853404
2026-04-10 21:00:00,28.23,0.06,14.252322
2026-04-10 22:00:00,27.95,0.07,13.692397
2026-04-10 23:00:00,27.67,0.12,11.56182
2026-04-11 00:00:00,27.4,0.17,14.712357
2026-04-11 01:00:00,27.11,0.16,14.595843
2026-04-11 02:00:00,26.81,0.09,14.593505
2026-04-11 03:00:00,26.47,0.1,14.583833
2026-04-11 04:00:00,26.15,0.09,14.583833
2026-04-11 05:00:00,25.9,0.1,13.270158
2026-04-11 06:00:00,26.13,0.0,14.075725
2026-04-11 07:00:00,28.32,0.0,15.498773
2026-04-11 08:00:00,31.25,0.0,15.587953
2026-04-11 09:00:00,33.73,0.0,15.669502
2026-04-11 10:00:00,35.84,0.0,19.573242
2026-04-11 11:00:00,37.51,0.0,20.132803
2026-04-11 12:00:00,38.7,0.0,19.869244
2026-04-11 13:00:00,39.34,0.0,19.81478
2026-04-11 14:00:00,39.39,0.0,19.81478
2026-04-11 15:00:00,38.67,0.0,19.80904
2026-04-11 16:00:00,37.13,0.0,19.12283
2026-04-11 17:00:00,35.03,0.0,13.548708
2026-04-11 18:00:00,32.19,0.0,15.00552
2026-04-11 19:00:00,30.36,0.0,14.475772
2026-04-11 20:00:00,29.4,0.0,14.607249
2026-04-11 21:00:00,28.55,0.0,14.4036455
2026-04-11 22:00:00,27.91,0.0,14.536243
2026-04-11 23:00:00,27.38,0.0,12.317784
2026-04-12 00:00:00,26.92,0.0,14.548265
2026-04-12 01:00:00,26.52,0.0,14.523124
2026-04-12 02:00:00,26.12,0.0,14.95521
2026-04-12 03:00:00,25.73,0.0,14.58251
2026-04-12 04:00:00,25.41,0.0,14.58251
2026-04-12 05:00:00,25.13,0.0,13.628213
2026-04-12 06:00:00,25.47,0.0,14.070753
2026-04-12 07:00:00,27.62,0.0,15.462187
2026-04-12 08:00:00,30.91,0.0,15.532327
2026-04-12 09:00:00,33.8,0.0,15.536582
2026-04-12 10:00:00,35.89,0.0,19.36557
2026-04-12 11:00:00,37.5,0.0,20.041245
2026-04-12 12:00:00,38.59,0.0,19.777685
2026-04-12 13:00:00,39.13,0.0,19.824478
2026-04-12 14:00:00,39.05,0.0,19.824478
2026-04-12 15:00:00,38.25,0.0,19.818739
2026-04-12 16:00:00,36.64,0.0,19.206911
2026-04-12 17:00:00,34.07,0.0,13.786505
2026-04-12 18:00:00,31.07,0.0,14.658767
2026-04-12 19:00:00,29.05,0.0,14.676104
2026-04-12 20:00:00,28.28,0.0,14.676177
2026-04-12 21:00:00,28.0,0.0,14.859035
2026-04-12 22:00:00,27.75,0.0,14.8057165
2026-04-12 23:00:00,27.5,0.0,13.01901
2026-04-13 00:00:00,27.18,0.0,9.049569
2026-04-13 01:00:00,26.86,0.0,9.049569
2026-04-13 02:00:00,26.52,0.0,9.025936
2026-04-13 03:00:00,26.24,0.0,9.025936
2026-04-13 04:00:00,25.94,0.0,9.256354
2026-04-13 05:00:00,25.65,0.0,11.772212
2026-04-13 06:00:00,25.86,0.0,13.294792
2026-04-13 07:00:00,27.93,0.0,15.765751
2026-04-13 08:00:00,31.27,0.0,17.788565
2026-04-13 09:00:00,34.23,0.0,18.163769
2026-04-13 10:00:00,36.41,0.0,22.751337
2026-04-13 11:00:00,38.07,0.0,23.43677
2026-04-13 12:00:00,39.2,0.0,23.25382
2026-04-13 13:00:00,39.77,0.0,23.043268
2026-04-13 14:00:00,39.77,0.0,23.043268
2026-04-13 15:00:00,39.29,0.0,23.09722
2026-04-13 16:00:00,38.02,0.0,22.226774
2026-04-13 17:00:00,35.99,0.0,21.309324
2026-04-13 18:00:00,32.99,0.0,17.349424
2026-04-13 19:00:00,30.91,0.0,18.877129
2026-04-13 20:00:00,29.64,0.0,15.949965
2026-04-13 21:00:00,28.91,0.0,16.14562
2026-04-13 22:00:00,28.42,0.0,15.1583605
2026-04-13 23:00:00,28.02,0.0,13.371279
2026-04-14 00:00:00,27.64,0.0,9.711692
2026-04-14 01:00:00,27.26,0.0,9.751888
2026-04-14 02:00:00,26.89,0.0,9.377324
2026-04-14 03:00:00,26.6,0.0,9.377324
2026-04-14 04:00:00,26.33,0.0,9.377324
2026-04-14 05:00:00,26.11,0.0,11.885283
2026-04-14 06:00:00,26.47,0.0,13.833953
2026-04-14 07:00:00,29.03,0.0,15.721546
2026-04-14 08:00:00,32.6,0.0,17.359772
2026-04-14 09:00:00,35.59,0.0,17.642565
2026-04-14 10:00:00,37.87,0.0,22.622786
2026-04-14 11:00:00,39.44,0.0,23.238466
2026-04-14 12:00:00,40.35,0.0,23.055521
2026-04-14 13:00:00,40.68,0.0,22.844967
2026-04-14 14:00:00,40.45,0.0,22.844967
2026-04-14 15:00:00,39.61,0.0,22.828896
2026-04-14 16:00:00,38.09,0.0,22.37174
2026-04-14 17:00:00,36.08,0.0,20.839329
2026-04-14 18:00:00,33.66,0.0,16.663248
2026-04-14 19:00:00,31.65,0.0,16.19898
2026-04-14 20:00:00,30.31,0.0,15.569313
2026-04-14 21:00:00,29.48,0.0,15.803916
2026-04-14 22:00:00,29.01,0.0,14.168439
2026-04-14 23:00:00,28.67,0.0,12.6140585
2026-04-15 00:00:00,28.36,0.0,9.750611
2026-04-15 01:00:00,28.0,0.0,9.645888
2026-04-15 02:00:00,27.64,0.0,9.732347
2026-04-15 03:00:00,27.27,0.0,9.684503
2026-04-15 04:00:00,26.96,0.0,9.684503
2026-04-15 05:00:00,26.7,0.0,12.493956
2026-04-15 06:00:00,26.94,0.0,14.141132
2026-04-15 07:00:00,29.0,0.0,16.028725
2026-04-15 08:00:00,31.97,0.0,17.37183
2026-04-15 09:00:00,34.9,0.0,17.654623
2026-04-15 10:00:00,37.28,0.0,22.634844
2026-04-15 11:00:00,39.0,0.0,23.250525
2026-04-15 12:00:00,40.05,0.0,23.055521
2026-04-15 13:00:00,40.47,0.0,22.844967
2026-04-15 14:00:00,40.3,0.0,22.844967
2026-04-15 15:00:00,39.57,0.0,22.828896
2026-04-15 16:00:00,38.27,0.0,22.37174
2026-04-15 17:00:00,36.26,0.0,20.839329
2026-04-15 18:00:00,33.64,0.0,16.663248
2026-04-15 19:00:00,31.67,0.0,16.19898
2026-04-15 20:00:00,30.71,0.0,15.454603
2026-04-15 21:00:00,30.25,0.0,15.764966
2026-04-15 22:00:00,29.77,0.0,14.168439
2026-04-15 23:00:00,29.14,0.0,12.6140585
2026-04-16 00:00:00,28.54,0.0,9.778546
2026-04-16 01:00:00,28.03,0.0,9.76626
2026-04-16 02:00:00,27.6,0.0,9.650966
2026-04-16 03:00:00,27.25,0.0,9.603122
2026-04-16 04:00:00,26.91,0.0,9.603122
2026-04-16 05:00:00,26.62,0.0,12.329087
2026-04-16 06:00:00,26.9,0.47,13.976264
2026-04-16 07:00:00,28.88,0.43,16.065607
2026-04-16 08:00:00,31.82,0.25,17.223959
2026-04-16 09:00:00,34.79,0.3,17.506748
2026-04-16 10:00:00,37.06,0.22,21.872007
2026-04-16 11:00:00,38.58,0.2,22.487686
2026-04-16 12:00:00,39.4,0.12,22.292683
2026-04-16 13:00:00,39.58,0.12,22.082129
2026-04-16 14:00:00,39.12,0.11,22.082129
2026-04-16 15:00:00,37.58,0.14,22.136078
2026-04-16 16:00:00,35.87,0.15,21.678925
2026-04-16 17:00:00,33.89,0.22,16.535812
2026-04-16 18:00:00,31.7,0.19,16.613026
2026-04-16 19:00:00,30.11,0.31,16.00997
2026-04-16 20:00:00,29.33,0.39,15.530411
2026-04-16 21:00:00,29.03,0.31,15.014639
2026-04-16 22:00:00,28.8,0.4,13.751713
2026-04-16 23:00:00,28.47,0.43,12.536208
2026-04-17 00:00:00,28.08,0.46,13.610439
2026-04-17 01:00:00,27.77,0.47,13.169924
2026-04-17 02:00:00,27.51,0.53,13.219986
2026-04-17 03:00:00,27.22,0.5,13.162468
2026-04-17 04:00:00,26.93,0.62,13.162468
2026-04-17 05:00:00,26.67,0.41,11.839566
2026-04-17 06:00:00,27.02,0.48,13.54267
2026-04-17 07:00:00,28.91,0.41,16.068527
2026-04-17 08:00:00,32.54,0.36,17.10082
2026-04-17 09:00:00,35.69,0.27,21.907808
2026-04-17 10:00:00,38.1,0.12,21.795206
2026-04-17 11:00:00,39.91,0.16,22.214678
2026-04-17 12:00:00,41.08,0.1,22.047527
2026-04-17 13:00:00,41.51,0.08,21.836971
2026-04-17 14:00:00,41.35,0.07,21.836971
2026-04-17 15:00:00,40.48,0.05,21.890923
2026-04-17 16:00:00,39.04,0.05,21.146683
2026-04-17 17:00:00,36.95,0.04,19.655525
2026-04-17 18:00:00,34.12,0.08,15.091436
2026-04-17 19:00:00,31.81,0.15,15.131909
2026-04-17 20:00:00,30.34,0.25,14.814455
2026-04-17 21:00:00,29.38,0.34,14.357043
2026-04-17 22:00:00,28.65,0.35,13.575496
2026-04-17 23:00:00,28.11,0.23,12.544437
2026-04-18 00:00:00,27.69,0.28,14.712357
2026-04-18 01:00:00,27.32,0.19,14.587486
2026-04-18 02:00:00,27.0,0.18,14.593505
2026-04-18 03:00:00,26.72,0.15,14.583833
2026-04-18 04:00:00,26.45,0.22,14.583833
2026-04-18 05:00:00,26.2,0.3,13.633185
2026-04-18 06:00:00,26.47,0.2,14.075725
2026-04-18 07:00:00,28.52,0.19,15.381196
2026-04-18 08:00:00,31.83,0.2,15.587953
2026-04-18 09:00:00,34.82,0.23,15.593089
2026-04-18 10:00:00,37.12,0.13,19.573242
2026-04-18 11:00:00,38.69,0.13,20.132803
2026-04-18 12:00:00,39.65,0.16,19.869244
2026-04-18 13:00:00,40.03,0.12,19.81478
2026-04-18 14:00:00,39.77,0.09,19.81478
2026-04-18 15:00:00,38.86,0.08,19.80904
2026-04-18 16:00:00,37.34,0.13,19.12283
2026-04-18 17:00:00,35.17,0.08,13.548708
2026-04-18 18:00:00,32.51,0.04,15.00552
2026-04-18 19:00:00,30.44,0.06,14.475772
2026-04-18 20:00:00,29.43,0.12,14.607249
2026-04-18 21:00:00,28.98,0.13,14.4036455
2026-04-18 22:00:00,28.76,0.19,14.419342
2026-04-18 23:00:00,28.53,0.26,13.375295
2026-04-19 00:00:00,28.28,0.55,15.180976
2026-04-19 01:00:00,28.0,0.25,15.155835
2026-04-19 02:00:00,27.7,0.41,15.198373
2026-04-19 03:00:00,27.39,0.57,15.088971
2026-04-19 04:00:00,27.13,0.79,14.996202
2026-04-19 05:00:00,26.87,0.71,14.0419035
2026-04-19 06:00:00,27.03,0.49,14.484443
2026-04-19 07:00:00,28.82,0.42,15.449333
2026-04-19 08:00:00,31.95,0.34,15.532327
2026-04-19 09:00:00,35.0,0.14,15.460168
2026-04-19 10:00:00,37.39,0.2,19.36557
2026-04-19 11:00:00,38.94,0.14,20.041245
2026-04-19 12:00:00,39.79,0.12,19.777685
2026-04-19 13:00:00,39.95,0.17,19.824478
2026-04-19 14:00:00,39.34,0.4,19.824478
2026-04-19 15:00:00,38.02,0.56,19.818739
2026-04-19 16:00:00,36.58,0.4,19.206911
2026-04-19 17:00:00,34.94,0.25,13.710091
2026-04-19 18:00:00,33.02,0.22,15.139274
2026-04-19 19:00:00,31.43,0.26,14.884635
2026-04-19 20:00:00,30.5,0.29,14.729683
2026-04-19 21:00:00,29.88,0.22,14.951491
2026-04-19 22:00:00,29.35,0.17,14.594631
2026-04-19 23:00:00,28.85,0.09,13.97679
2026-04-20 00:00:00,28.37,0.14,9.459436
2026-04-20 01:00:00,27.87,0.18,9.354714
2026-04-20 02:00:00,27.37,0.08,9.187824
2026-04-20 03:00:00,26.95,0.06,9.025936
2026-04-20 04:00:00,26.65,0.05,9.025936
2026-04-20 05:00:00,26.36,0.08,11.541794
2026-04-20 06:00:00,26.72,0.1,13.064374
2026-04-20 07:00:00,28.46,0.07,15.752898
2026-04-20 08:00:00,31.59,0.06,17.788565
2026-04-20 09:00:00,34.82,0.04,18.087358
2026-04-20 10:00:00,37.07,0.05,22.751337
2026-04-20 11:00:00,38.74,0.08,23.43677
2026-04-20 12:00:00,39.97,0.05,23.25382
2026-04-20 13:00:00,40.7,0.09,23.043268
2026-04-20 14:00:00,40.68,0.14,23.043268
2026-04-20 15:00:00,39.73,0.34,23.09722
2026-04-20 16:00:00,38.53,0.51,22.226774
2026-04-20 17:00:00,36.95,1.07,21.309324
2026-04-20 18:00:00,34.55,0.87,17.273014
2026-04-20 19:00:00,32.58,1.07,17.182854
2026-04-20 20:00:00,31.54,1.41,16.616484
2026-04-20 21:00:00,30.76,1.79,18.357954
2026-04-20 22:00:00,30.15,1.87,15.045927
2026-04-20 23:00:00,29.68,1.58,12.920157
2026-04-21 00:00:00,29.3,1.62,9.497085
2026-04-21 01:00:00,28.95,1.56,9.497085
2026-04-21 02:00:00,28.68,2.0,9.210561
2026-04-21 03:00:00,28.42,1.63,9.210561
2026-04-21 04:00:00,28.16,1.61,9.223415
2026-04-21 05:00:00,27.87,1.51,12.146581
2026-04-21 06:00:00,27.87,1.0,13.7937565
2026-04-21 07:00:00,29.31,0.83,15.721546
2026-04-21 08:00:00,32.3,0.52,17.359772
2026-04-21 09:00:00,35.12,0.93,17.642565
2026-04-21 10:00:00,37.26,0.75,22.622786
2026-04-21 11:00:00,38.73,0.57,23.238466
2026-04-21 12:00:00,39.69,0.46,23.055521
2026-04-21 13:00:00,40.12,0.24,22.844967
2026-04-21 14:00:00,40.13,0.17,22.844967
2026-04-21 15:00:00,39.54,0.24,22.828896
2026-04-21 16:00:00,38.62,0.4,22.37174
2026-04-21 17:00:00,37.23,0.24,21.45429
2026-04-21 18:00:00,34.81,0.23,16.586838
2026-04-21 19:00:00,32.97,0.19,16.46905
2026-04-21 20:00:00,32.17,0.14,15.978169
2026-04-21 21:00:00,31.67,0.17,15.925853
2026-04-21 22:00:00,31.26,0.21,14.553287
2026-04-21 23:00:00,30.84,0.37,12.705523
2026-04-22 00:00:00,30.46,0.39,9.410835
2026-04-22 01:00:00,30.09,0.5,9.410835
2026-04-22 02:00:00,29.81,0.55,9.334491
2026-04-22 03:00:00,29.54,0.47,9.334491
2026-04-22 04:00:00,29.3,0.44,9.51774
2026-04-22 05:00:00,28.9,0.31,12.239153
2026-04-22 06:00:00,28.91,0.3,13.88633
2026-04-22 07:00:00,30.12,0.27,15.806526
2026-04-22 08:00:00,32.7,0.29,17.37183
2026-04-22 09:00:00,35.36,0.16,17.654623
2026-04-22 10:00:00,37.17,0.09,22.019882
2026-04-22 11:00:00,38.68,0.06,23.250525
2026-04-22 12:00:00,39.76,0.04,23.055521
2026-04-22 13:00:00,40.1,0.03,22.844967
2026-04-22 14:00:00,39.98,0.04,22.844967
2026-04-22 15:00:00,39.26,0.3,22.828896
2026-04-22 16:00:00,38.03,1.42,22.37174
2026-04-22 17:00:00,36.26,1.45,20.839329
2026-04-22 18:00:00,33.78,0.87,16.663248
2026-04-22 19:00:00,32.12,0.49,16.496677
2026-04-22 20:00:00,31.41,0.11,15.680472
2026-04-22 21:00:00,31.04,0.08,15.403729
2026-04-22 22:00:00,30.65,0.11,13.596564
2026-04-22 23:00:00,30.15,0.07,12.820233
2026-04-23 00:00:00,29.51,0.12,9.595297
2026-04-23 01:00:00,28.92,0.08,9.753406
2026-04-23 02:00:00,28.32,0.1,9.755689
2026-04-23 03:00:00,27.84,0.13,9.650966
2026-04-23 04:00:00,27.36,0.1,9.551236
2026-04-23 05:00:00,27.15,0.13,12.329087
2026-04-23 06:00:00,27.58,0.06,13.936068
2026-04-23 07:00:00,29.37,0.05,16.065607
2026-04-23 08:00:00,32.34,0.06,17.223959
2026-04-23 09:00:00,36.43,0.05,22.05435
2026-04-23 10:00:00,39.19,0.04,21.872007
2026-04-23 11:00:00,40.01,0.02,22.487686
2026-04-23 12:00:00,40.02,0.02,22.292683
2026-04-23 13:00:00,39.98,0.01,22.082129
2026-04-23 14:00:00,40.32,0.01,22.082129
2026-04-23 15:00:00,40.17,0.01,22.136078
2026-04-23 16:00:00,39.25,0.01,21.678925
2026-04-23 17:00:00,37.49,0.01,20.761475
2026-04-23 18:00:00,34.14,0.02,16.585398
2026-04-23 19:00:00,31.72,0.05,16.418827
2026-04-23 20:00:00,30.4,0.04,15.491462
2026-04-23 21:00:00,29.63,0.04,15.014639
2026-04-23 22:00:00,29.11,0.06,13.379163
2026-04-23 23:00:00,28.74,0.08,12.536208
2026-04-24 00:00:00,28.45,0.06,13.597585
2026-04-24 01:00:00,28.29,0.08,13.585299
2026-04-24 02:00:00,28.13,0.09,13.219986
2026-04-24 03:00:00,27.95,0.13,13.210315
2026-04-24 04:00:00,27.74,0.14,13.210315
2026-04-24 05:00:00,27.47,0.08,11.79937
2026-04-24 06:00:00,27.81,0.1,13.502474
2026-04-24 07:00:00,29.88,0.1,15.885278
2026-04-24 08:00:00,33.22,0.07,17.073193
2026-04-24 09:00:00,36.47,0.1,21.907808
2026-04-24 10:00:00,38.63,0.09,21.795206
2026-04-24 11:00:00,39.66,0.07,22.214678
2026-04-24 12:00:00,40.65,0.07,22.047527
2026-04-24 13:00:00,41.04,0.06,21.836971
2026-04-24 14:00:00,40.68,0.05,21.836971
2026-04-24 15:00:00,39.7,0.04,21.890923
2026-04-24 16:00:00,38.28,0.04,21.146683
2026-04-24 17:00:00,36.23,0.05,19.655525
2026-04-24 18:00:00,33.45,0.06,15.29848
2026-04-24 19:00:00,31.06,0.09,14.996358
2026-04-24 20:00:00,29.61,0.11,14.853404
2026-04-24 21:00:00,28.83,0.12,14.357043
2026-04-24 22:00:00,28.39,0.1,13.797122
2026-04-24 23:00:00,28.06,0.16,12.544437
2026-04-25 00:00:00,27.77,0.14,14.712357
2026-04-25 01:00:00,27.5,0.19,14.687216
2026-04-25 02:00:00,27.2,0.16,14.593505
2026-04-25 03:00:00,26.95,0.14,14.583833
2026-04-25 04:00:00,26.7,0.17,14.583833
2026-04-25 05:00:00,26.46,0.15,13.633185
2026-04-25 06:00:00,26.81,0.14,14.075725
2026-04-25 07:00:00,28.55,0.11,15.381196
2026-04-25 08:00:00,31.65,0.12,15.587953
2026-04-25 09:00:00,34.92,0.07,15.593089
2026-04-25 10:00:00,37.2,0.09,19.573242
2026-04-25 11:00:00,38.85,0.09,20.132803
2026-04-25 12:00:00,39.71,0.06,19.869244
2026-04-25 13:00:00,39.83,0.06,19.81478
2026-04-25 14:00:00,39.28,0.1,19.81478
2026-04-25 15:00:00,38.2,0.07,19.80904
2026-04-25 16:00:00,36.36,0.07,19.12283
2026-04-25 17:00:00,33.9,0.05,13.625122
2026-04-25 18:00:00,31.28,0.05,14.723253
2026-04-25 19:00:00,29.61,0.03,14.514721
2026-04-25 20:00:00,28.88,0.04,14.607249
2026-04-25 21:00:00,28.51,0.04,14.4036455
2026-04-25 22:00:00,28.21,0.05,14.536243
2026-04-25 23:00:00,27.84,0.08,12.708155
2026-04-26 00:00:00,27.48,0.09,14.765601
2026-04-26 01:00:00,27.2,0.14,14.780655
2026-04-26 02:00:00,26.97,0.2,15.005875
2026-04-26 03:00:00,26.78,0.21,14.996202
2026-04-26 04:00:00,26.67,0.22,14.996202
2026-04-26 05:00:00,26.55,0.22,14.0419035
2026-04-26 06:00:00,26.95,0.71,14.484443
2026-04-26 07:00:00,28.31,0.58,15.56691
2026-04-26 08:00:00,31.04,0.45,15.532327
2026-04-26 09:00:00,34.06,0.36,15.536582
2026-04-26 10:00:00,36.45,0.35,19.36557
2026-04-26 11:00:00,38.02,0.2,20.041245
2026-04-26 12:00:00,38.97,0.12,19.777685
2026-04-26 13:00:00,39.43,0.11,19.824478
2026-04-26 14:00:00,39.43,0.14,19.824478
2026-04-26 15:00:00,39.18,0.18,19.818739
2026-04-26 16:00:00,38.28,0.22,19.206911
2026-04-26 17:00:00,36.55,0.17,18.167994
2026-04-26 18:00:00,33.94,0.14,14.932231
2026-04-26 19:00:00,31.67,0.1,14.884635
2026-04-26 20:00:00,30.53,0.17,14.729683
2026-04-26 21:00:00,29.84,0.12,14.951491
2026-04-26 22:00:00,29.36,0.18,14.594631
2026-04-26 23:00:00,29.0,0.26,13.97679
2026-04-27 00:00:00,28.55,0.28,9.34186
2026-04-27 01:00:00,28.1,0.15,9.354714
2026-04-27 02:00:00,27.71,0.24,9.287554
2026-04-27 03:00:00,27.4,0.32,9.287554
2026-04-27 04:00:00,27.13,0.4,9.025936
2026-04-27 05:00:00,26.89,0.3,11.541794
2026-04-27 06:00:00,27.07,0.42,13.064374
2026-04-27 07:00:00,28.7,0.23,15.752898
2026-04-27 08:00:00,31.82,0.18,17.788565
2026-04-27 09:00:00,35.08,0.14,18.087358
2026-04-27 10:00:00,37.53,0.22,22.751337
2026-04-27 11:00:00,39.32,0.07,23.43677
2026-04-27 12:00:00,40.43,0.1,23.25382
2026-04-27 13:00:00,40.79,0.09,23.043268
2026-04-27 14:00:00,40.42,0.14,23.043268
2026-04-27 15:00:00,39.32,0.09,23.09722
2026-04-27 16:00:00,37.61,0.2,22.226774
2026-04-27 17:00:00,35.47,0.31,17.223429
2026-04-27 18:00:00,33.07,0.91,17.349424
2026-04-27 19:00:00,31.35,0.94,17.084785
2026-04-27 20:00:00,30.51,1.2,16.485752
2026-04-27 21:00:00,30.14,1.27,16.681408
2026-04-27 22:00:00,29.78,1.25,14.510139
2026-04-27 23:00:00,29.34,1.01,12.920157
2026-04-28 00:00:00,28.84,0.86,9.497085
2026-04-28 01:00:00,28.41,1.05,9.497085
2026-04-28 02:00:00,28.12,1.24,9.223415
2026-04-28 03:00:00,27.83,1.13,9.425168
2026-04-28 04:00:00,27.61,1.19,9.425168
2026-04-28 05:00:00,27.48,1.24,12.146581
2026-04-28 06:00:00,27.6,1.08,13.7937565
2026-04-28 07:00:00,29.26,1.17,15.721546
2026-04-28 08:00:00,31.76,0.97,17.359772
2026-04-28 09:00:00,34.63,0.93,17.642565
2026-04-28 10:00:00,37.06,0.79,22.007824
2026-04-28 11:00:00,38.8,0.85,23.238466
2026-04-28 12:00:00,39.87,0.67,23.055521
2026-04-28 13:00:00,40.33,0.8,22.844967
2026-04-28 14:00:00,40.21,0.85,22.844967
2026-04-28 15:00:00,39.35,1.24,22.828896
2026-04-28 16:00:00,37.98,2.02,22.37174
2026-04-28 17:00:00,36.12,2.54,20.839329
2026-04-28 18:00:00,33.9,3.46,16.663248
2026-04-28 19:00:00,32.03,4.05,16.496677
2026-04-28 20:00:00,30.94,3.8,15.454603
2026-04-28 21:00:00,30.35,4.63,15.764966
2026-04-28 22:00:00,30.0,5.16,14.12949
2026-04-28 23:00:00,29.6,4.79,12.6140585
2026-04-29 00:00:00,29.21,4.91,9.633034
2026-04-29 01:00:00,28.85,4.69,9.633034
2026-04-29 02:00:00,28.57,5.42,9.51774
2026-04-29 03:00:00,28.3,6.1,9.635317
2026-04-29 04:00:00,28.0,5.67,9.530595
2026-04-29 05:00:00,27.68,6.1,12.45376
2026-04-29 06:00:00,27.81,6.24,14.100936
2026-04-29 07:00:00,29.56,4.54,15.845475
2026-04-29 08:00:00,32.65,3.08,17.37183
2026-04-29 09:00:00,35.19,1.84,17.654623
2026-04-29 10:00:00,37.19,1.11,22.019882
2026-04-29 11:00:00,38.72,0.89,23.250525
2026-04-29 12:00:00,39.71,0.81,23.055521
2026-04-29 13:00:00,40.08,2.22,22.844967
2026-04-29 14:00:00,39.57,3.79,22.844967
2026-04-29 15:00:00,38.15,5.02,22.828896
2026-04-29 16:00:00,36.38,3.35,21.756777
2026-04-29 17:00:00,34.45,3.39,16.537252
2026-04-29 18:00:00,32.36,6.68,16.690876
2026-04-29 19:00:00,30.63,8.88,15.801428
2026-04-29 20:00:00,29.69,7.93,15.608262
2026-04-29 21:00:00,29.19,10.52,15.803916
2026-04-29 22:00:00,28.92,15.98,14.540989
2026-04-29 23:00:00,28.65,15.46,12.6140585
2026-04-30 00:00:00,28.36,21.15,9.896123
2026-04-30 01:00:00,27.95,34.06,9.76626
2026-04-30 02:00:00,27.47,43.75,9.650966
2026-04-30 03:00:00,27.01,41.33,9.603122
2026-04-30 04:00:00,26.65,31.89,9.603122
2026-04-30 05:00:00,26.36,13.82,12.329087
2026-04-30 06:00:00,26.5,7.18,13.976264
2026-04-30 07:00:00,27.84,7.56,16.078466
2026-04-30 08:00:00,29.65,5.36,17.262905
2026-04-30 09:00:00,31.31,9.08,17.610786
2026-04-30 10:00:00,32.94,9.6,17.400818
2026-04-30 11:00:00,34.46,9.67,17.940083
2026-04-30 12:00:00,35.51,8.97,17.74508
2026-04-30 13:00:00,35.94,10.51,22.082129
2026-04-30 14:00:00,35.76,12.37,22.082129
2026-04-30 15:00:00,35.11,12.33,17.588476
2026-04-30 16:00:00,33.88,12.77,17.453255
2026-04-30 17:00:00,32.05,12.68,16.56344
2026-04-30 18:00:00,29.99,17.22,16.243118
2026-04-30 19:00:00,28.51,18.17,16.048922
2026-04-30 20:00:00,27.94,19.22,15.42569
2026-04-30 21:00:00,27.68,19.19,14.619279
2026-04-30 22:00:00,27.52,24.59,13.577974
2026-04-30 23:00:00,27.36,32.9,11.629311
2026-05-01 00:00:00,27.2,32.23,12.749913
2026-05-01 01:00:00,27.01,30.45,12.5932045
2026-05-01 02:00:00,26.82,27.21,12.686793
2026-05-01 03:00:00,26.66,24.5,12.776601
2026-05-01 04:00:00,26.52,24.46,12.776601
2026-05-01 05:00:00,26.36,27.51,12.808005
2026-05-01 06:00:00,26.65,22.95,14.511108
2026-05-01 07:00:00,27.98,17.33,17.097862
2026-05-01 08:00:00,30.16,10.92,18.168402
2026-05-01 09:00:00,32.4,6.57,18.53184
2026-05-01 10:00:00,34.19,4.79,18.895418
2026-05-01 11:00:00,35.5,3.07,19.238476
2026-05-01 12:00:00,36.48,2.55,23.618927
2026-05-01 13:00:00,36.94,3.01,23.408373
2026-05-01 14:00:00,36.86,4.65,23.408373
2026-05-01 15:00:00,36.18,5.95,23.462322
2026-05-01 16:00:00,34.44,6.47,18.178759
2026-05-01 17:00:00,32.29,6.29,17.12778
2026-05-01 18:00:00,30.06,12.34,17.358503
2026-05-01 19:00:00,28.51,21.34,17.203259
2026-05-01 20:00:00,27.87,31.15,17.312262
2026-05-01 21:00:00,27.58,31.59,16.525259
2026-05-01 22:00:00,27.45,35.43,15.836251
2026-05-01 23:00:00,27.25,34.08,13.768211
2026-05-02 00:00:00,26.84,28.57,13.674465
2026-05-02 01:00:00,26.42,26.47,13.649324
2026-05-02 02:00:00,26.06,24.29,13.458207
2026-05-02 03:00:00,25.86,20.87,13.448535
2026-05-02 04:00:00,25.76,15.66,13.448535
2026-05-02 05:00:00,25.74,12.27,13.852196
2026-05-02 06:00:00,26.14,6.31,14.483511
2026-05-02 07:00:00,27.64,3.07,16.000471
2026-05-02 08:00:00,29.76,1.36,15.925306
2026-05-02 09:00:00,31.94,1.22,16.303549
2026-05-02 10:00:00,33.71,1.08,16.2123
2026-05-02 11:00:00,35.2,1.4,16.69543
2026-05-02 12:00:00,36.34,1.62,20.979471
2026-05-02 13:00:00,37.08,1.71,20.925009
2026-05-02 14:00:00,37.27,7.19,20.925009
2026-05-02 15:00:00,36.95,5.18,20.91927
2026-05-02 16:00:00,36.17,3.06,20.383837
2026-05-02 17:00:00,34.69,1.37,14.938802
2026-05-02 18:00:00,31.97,0.57,16.25417
2026-05-02 19:00:00,30.09,0.34,15.896152
2026-05-02 20:00:00,29.24,0.13,16.709656
2026-05-02 21:00:00,28.73,0.25,16.50605
2026-05-02 22:00:00,28.27,0.61,16.509562
2026-05-02 23:00:00,27.79,1.81,13.650341
2026-05-03 00:00:00,27.37,3.94,13.549219
2026-05-03 01:00:00,26.98,4.78,13.406472
2026-05-03 02:00:00,26.63,5.02,13.434951
2026-05-03 03:00:00,26.34,3.93,13.42528
2026-05-03 04:00:00,26.12,2.4,13.374615
2026-05-03 05:00:00,26.05,2.34,13.585847
2026-05-03 06:00:00,26.74,2.97,14.267827
2026-05-03 07:00:00,28.47,2.61,15.885622
2026-05-03 08:00:00,31.09,0.83,15.96861
2026-05-03 09:00:00,33.7,0.3,15.972865
2026-05-03 10:00:00,35.42,0.32,15.869751
2026-05-03 11:00:00,36.51,0.21,21.093012
2026-05-03 12:00:00,37.15,0.23,20.82945
2026-05-03 13:00:00,37.26,0.23,20.876245
2026-05-03 14:00:00,36.72,0.32,20.876245
2026-05-03 15:00:00,35.93,0.39,20.870506
2026-05-03 16:00:00,34.81,0.32,15.951538
2026-05-03 17:00:00,33.61,0.24,15.118131
2026-05-03 18:00:00,31.82,0.25,16.35708
2026-05-03 19:00:00,30.28,0.35,15.999064
2026-05-03 20:00:00,29.32,0.4,16.81257
2026-05-03 21:00:00,28.67,0.42,17.007696
2026-05-03 22:00:00,28.16,0.91,17.011208
2026-05-03 23:00:00,27.64,1.36,14.121503
2026-05-04 00:00:00,27.23,1.47,12.068064
2026-05-04 01:00:00,26.88,2.02,11.936496
2026-05-04 02:00:00,26.57,2.02,11.912863
2026-05-04 03:00:00,26.28,2.42,11.912863
2026-05-04 04:00:00,26.01,2.42,12.31753
2026-05-04 05:00:00,25.78,2.71,12.342928
2026-05-04 06:00:00,26.37,2.93,13.46084
2026-05-04 07:00:00,28.34,3.32,16.465576
2026-05-04 08:00:00,30.73,2.25,18.3896
2026-05-04 09:00:00,32.71,1.54,17.861986
2026-05-04 10:00:00,34.26,1.32,18.398193
2026-05-04 11:00:00,35.31,1.11,19.00721
2026-05-04 12:00:00,35.89,1.14,23.371866
2026-05-04 13:00:00,35.96,0.95,23.161312
2026-05-04 14:00:00,35.52,0.67,18.613708
2026-05-04 15:00:00,34.6,0.45,18.66766
2026-05-04 16:00:00,33.27,0.4,18.335325
2026-05-04 17:00:00,31.65,0.37,17.347437
2026-05-04 18:00:00,29.93,0.61,17.55338
2026-05-04 19:00:00,28.58,1.19,17.634851
2026-05-04 20:00:00,27.83,1.57,17.74385
2026-05-04 21:00:00,27.39,1.85,17.549133
2026-05-04 22:00:00,27.09,2.4,16.46658
2026-05-04 23:00:00,26.77,3.17,13.602323
2026-05-05 00:00:00,26.46,3.73,12.546763
2026-05-05 01:00:00,26.19,4.13,12.546763
2026-05-05 02:00:00,25.96,4.7,12.35762
2026-05-05 03:00:00,25.81,5.12,12.35762
2026-05-05 04:00:00,25.68,5.25,12.35762
2026-05-05 05:00:00,25.57,5.95,12.417469
2026-05-05 06:00:00,26.03,5.63,14.308612
2026-05-05 07:00:00,27.24,4.61,16.61097
2026-05-05 08:00:00,28.65,4.63,18.098272
2026-05-05 09:00:00,30.0,7.57,18.367018
2026-05-05 10:00:00,31.23,6.59,18.814352
2026-05-05 11:00:00,32.18,6.67,19.430033
2026-05-05 12:00:00,32.96,7.38,19.416447
2026-05-05 13:00:00,33.49,8.64,19.344805
2026-05-05 14:00:00,33.57,8.77,19.344805
2026-05-05 15:00:00,33.03,7.74,19.328733
2026-05-05 16:00:00,32.14,7.06,18.808823
2026-05-05 17:00:00,30.8,5.9,17.367819
2026-05-05 18:00:00,28.68,5.41,17.571062
2026-05-05 19:00:00,27.27,5.87,17.312338
2026-05-05 20:00:00,26.74,6.24,17.18521
2026-05-05 21:00:00,26.42,7.11,17.380865
2026-05-05 22:00:00,26.2,6.26,16.339558
2026-05-05 23:00:00,26.02,6.88,13.275038
2026-05-06 00:00:00,25.83,8.95,12.586839
2026-05-06 01:00:00,25.63,9.92,12.586839
2026-05-06 02:00:00,25.37,10.48,12.53443
2026-05-06 03:00:00,25.11,9.91,12.53443
2026-05-06 04:00:00,25.14,9.16,12.53443
2026-05-06 05:00:00,25.15,7.27,12.594278
2026-05-06 06:00:00,25.45,1.83,14.485421
2026-05-06 07:00:00,27.19,0.87,16.918146
2026-05-06 08:00:00,29.48,0.18,18.045393
2026-05-06 09:00:00,31.54,0.06,18.393282
2026-05-06 10:00:00,33.27,0.04,18.798782
2026-05-06 11:00:00,34.56,0.03,19.338049
2026-05-06 12:00:00,35.42,0.04,19.143045
2026-05-06 13:00:00,35.7,0.02,23.480093
2026-05-06 14:00:00,35.48,0.02,18.932491
2026-05-06 15:00:00,34.89,0.01,18.916418
2026-05-06 16:00:00,33.75,0.01,18.781197
2026-05-06 17:00:00,32.17,0.01,17.891373
2026-05-06 18:00:00,30.22,0.01,17.532112
2026-05-06 19:00:00,28.67,0.01,17.376865
2026-05-06 20:00:00,27.95,0.03,17.435656
2026-05-06 21:00:00,27.58,0.03,17.34067
2026-05-06 22:00:00,27.24,0.05,16.339558
2026-05-06 23:00:00,26.93,0.06,13.510904
2026-05-07 00:00:00,26.59,0.09,12.8234215
2026-05-07 01:00:00,26.23,0.08,12.798281
2026-05-07 02:00:00,26.05,0.09,12.56651
2026-05-07 03:00:00,25.92,0.1,12.56651
2026-05-07 04:00:00,25.86,0.16,12.56651
2026-05-07 05:00:00,25.83,0.22,12.626359
2026-05-07 06:00:00,26.25,0.25,14.609196
2026-05-07 07:00:00,27.52,0.19,16.810553
2026-05-07 08:00:00,29.07,0.11,18.178236
2026-05-07 09:00:00,30.7,0.2,18.342876
2026-05-07 10:00:00,32.24,0.2,18.776005
2026-05-07 11:00:00,33.59,0.22,19.364058
2026-05-07 12:00:00,34.68,0.3,19.092642
2026-05-07 13:00:00,35.37,0.37,18.882086
2026-05-07 14:00:00,35.64,0.28,23.42969
2026-05-07 15:00:00,35.43,0.1,18.936037
2026-05-07 16:00:00,34.85,0.06,18.724401
2026-05-07 17:00:00,33.6,0.07,17.883366
2026-05-07 18:00:00,31.16,0.07,17.437017
2026-05-07 19:00:00,29.15,0.01,17.396479
2026-05-07 20:00:00,28.19,0.0,17.45527
2026-05-07 21:00:00,27.48,0.0,16.648863
2026-05-07 22:00:00,27.0,0.02,15.647752
2026-05-07 23:00:00,26.64,0.09,13.630002
2026-05-08 00:00:00,26.44,0.17,12.717825
2026-05-08 01:00:00,26.25,0.3,12.692684
2026-05-08 02:00:00,26.01,0.71,12.733074
2026-05-08 03:00:00,25.69,0.9,12.723402
2026-05-08 04:00:00,25.49,0.83,12.723402
2026-05-08 05:00:00,25.4,0.95,12.7548065
2026-05-08 06:00:00,26.02,0.97,14.45791
2026-05-08 07:00:00,27.8,0.79,17.097862
2026-05-08 08:00:00,29.84,0.8,18.207352
2026-05-08 09:00:00,31.68,0.36,18.53184
2026-05-08 10:00:00,33.12,0.33,18.895418
2026-05-08 11:00:00,34.22,0.25,19.31489
2026-05-08 12:00:00,34.98,0.19,19.071325
2026-05-08 13:00:00,35.29,0.14,18.86077
2026-05-08 14:00:00,35.23,0.09,18.86077
2026-05-08 15:00:00,34.79,0.05,18.91472
2026-05-08 16:00:00,34.0,0.03,18.25517
2026-05-08 17:00:00,32.79,0.02,17.12778
2026-05-08 18:00:00,30.86,0.01,16.900377
2026-05-08 19:00:00,29.01,0.01,17.203259
2026-05-08 20:00:00,28.08,0.01,17.312262
2026-05-08 21:00:00,27.28,0.0,16.565453
2026-05-08 22:00:00,26.64,0.01,15.975928
2026-05-08 23:00:00,26.11,0.03,13.631825
2026-05-09 00:00:00,25.79,0.04,13.46633
2026-05-09 01:00:00,25.58,0.04,13.441189
2026-05-09 02:00:00,25.41,0.08,13.458207
2026-05-09 03:00:00,25.17,0.11,13.448535
2026-05-09 04:00:00,24.96,0.14,13.448535
2026-05-09 05:00:00,24.87,0.19,13.852196
2026-05-09 06:00:00,25.53,0.19,14.294733
2026-05-09 07:00:00,27.3,0.2,15.900742
2026-05-09 08:00:00,29.4,0.11,15.925306
2026-05-09 09:00:00,31.63,0.09,16.303549
2026-05-09 10:00:00,33.36,0.12,16.2123
2026-05-09 11:00:00,34.6,0.12,16.69543
2026-05-09 12:00:00,35.37,0.15,16.431873
2026-05-09 13:00:00,35.63,0.1,20.925009
2026-05-09 14:00:00,35.46,0.11,16.377409
2026-05-09 15:00:00,34.78,0.13,16.37167
2026-05-09 16:00:00,33.63,0.09,16.002333
2026-05-09 17:00:00,31.95,0.1,15.24989
2026-05-09 18:00:00,29.84,0.12,15.935101
2026-05-09 19:00:00,28.18,0.12,15.830378
2026-05-09 20:00:00,27.36,0.13,16.214561
2026-05-09 21:00:00,26.94,0.14,16.15088
2026-05-09 22:00:00,26.74,0.17,16.259115
2026-05-09 23:00:00,26.6,0.27,14.3316965
2026-05-10 00:00:00,26.42,0.29,13.431613
2026-05-10 01:00:00,26.23,0.3,13.406472
2026-05-10 02:00:00,26.03,0.35,13.195508
2026-05-10 03:00:00,25.88,0.32,13.185837
2026-05-10 04:00:00,25.74,0.27,13.185837
2026-05-10 05:00:00,25.58,0.23,13.585847
2026-05-10 06:00:00,26.2,0.18,14.267827
2026-05-10 07:00:00,27.59,0.19,15.898476
2026-05-10 08:00:00,29.35,0.14,15.882799
2026-05-10 09:00:00,31.34,0.3,16.000494
2026-05-10 10:00:00,33.07,0.3,15.946165
2026-05-10 11:00:00,34.31,0.36,16.621826
2026-05-10 12:00:00,35.11,0.37,16.281853
2026-05-10 13:00:00,35.44,0.58,16.328646
2026-05-10 14:00:00,35.24,0.71,16.328646
2026-05-10 15:00:00,34.49,0.93,16.322906
2026-05-10 16:00:00,33.22,0.8,16.02795
2026-05-10 17:00:00,31.55,0.72,15.070539
2026-05-10 18:00:00,29.57,0.52,16.038013
2026-05-10 19:00:00,28.1,0.3,15.94556
2026-05-10 20:00:00,27.41,0.4,16.429472
2026-05-10 21:00:00,26.96,0.71,16.652527
2026-05-10 22:00:00,26.75,1.18,16.399649
2026-05-10 23:00:00,26.61,1.31,14.441747
2026-05-11 00:00:00,26.43,1.06,11.936496
2026-05-11 01:00:00,26.26,0.93,11.936496
2026-05-11 02:00:00,26.06,0.66,12.31753
2026-05-11 03:00:00,25.88,0.46,12.31753
2026-05-11 04:00:00,25.72,0.42,12.31753
2026-05-11 05:00:00,25.57,0.32,12.342928
2026-05-11 06:00:00,26.17,0.37,13.587922
2026-05-11 07:00:00,27.73,0.25,16.360853
2026-05-11 08:00:00,29.65,0.16,17.540768
2026-05-11 09:00:00,31.64,0.07,17.861986
2026-05-11 10:00:00,33.37,0.05,18.398193
2026-05-11 11:00:00,34.79,0.06,19.00721
2026-05-11 12:00:00,35.72,0.05,23.371866
2026-05-11 13:00:00,36.09,0.02,23.161312
2026-05-11 14:00:00,35.88,0.02,23.161312
2026-05-11 15:00:00,35.23,0.01,18.66766
2026-05-11 16:00:00,34.14,0.01,18.335325
2026-05-11 17:00:00,32.53,0.01,17.445507
2026-05-11 18:00:00,30.63,0.01,17.228037
2026-05-11 19:00:00,29.2,0.01,17.35918
2026-05-11 20:00:00,28.53,0.05,17.848568
2026-05-11 21:00:00,28.1,0.06,17.939503
2026-05-11 22:00:00,27.76,0.27,16.607567
2026-05-11 23:00:00,27.41,0.65,13.271111
2026-05-12 00:00:00,27.12,0.91,12.546763
2026-05-12 01:00:00,26.93,0.94,12.546763
2026-05-12 02:00:00,26.73,0.97,12.303767
2026-05-12 03:00:00,26.55,0.92,12.303767
2026-05-12 04:00:00,26.43,0.95,12.303767
2026-05-12 05:00:00,26.34,1.12,12.622761
2026-05-12 06:00:00,26.87,1.08,14.269937
2026-05-12 07:00:00,28.25,0.83,16.369022
2026-05-12 08:00:00,29.94,0.39,18.019129
2026-05-12 09:00:00,31.85,0.18,18.381226
2026-05-12 10:00:00,33.74,0.12,18.786724
2026-05-12 11:00:00,35.15,0.09,19.32599
2026-05-12 12:00:00,36.0,0.06,23.690649
2026-05-12 13:00:00,36.33,0.07,23.480093
2026-05-12 14:00:00,36.05,0.09,23.480093
2026-05-12 15:00:00,35.15,0.1,18.916418
2026-05-12 16:00:00,33.84,0.09,18.781197
2026-05-12 17:00:00,32.03,0.11,17.891373
2026-05-12 18:00:00,30.02,0.11,17.532112
2026-05-12 19:00:00,28.69,0.02,17.376865
2026-05-12 20:00:00,28.1,0.04,17.435656
2026-05-12 21:00:00,27.73,0.02,17.34067
2026-05-12 22:00:00,27.43,0.05,16.299364
2026-05-12 23:00:00,27.08,0.27,13.510904
2026-05-13 00:00:00,26.88,0.58,12.682713
2026-05-13 01:00:00,26.75,0.9,12.682713
2026-05-13 02:00:00,26.58,0.96,12.610946
2026-05-13 03:00:00,26.45,1.27,12.610946
2026-05-13 04:00:00,26.43,1.4,12.610946
2026-05-13 05:00:00,26.39,0.92,12.92994
2026-05-13 06:00:00,26.88,0.44,14.577115
2026-05-13 07:00:00,28.07,0.23,16.676199
2026-05-13 08:00:00,29.94,0.09,18.045393
2026-05-13 09:00:00,31.92,0.04,18.393282
2026-05-13 10:00:00,33.8,0.02,18.798782
2026-05-13 11:00:00,35.32,0.01,19.338049
2026-05-13 12:00:00,36.24,0.01,23.690649
2026-05-13 13:00:00,36.69,0.01,23.480093
2026-05-13 14:00:00,36.65,0.17,23.480093
2026-05-13 15:00:00,36.11,1.95,23.464022
2026-05-13 16:00:00,35.19,4.01,18.704786
2026-05-13 17:00:00,33.7,2.62,17.863747
2026-05-13 18:00:00,31.51,0.67,17.64326
2026-05-13 19:00:00,29.55,5.55,17.376865
2026-05-13 20:00:00,28.57,0.57,17.540375
2026-05-13 21:00:00,28.11,0.95,17.631306
2026-05-13 22:00:00,27.87,1.41,16.590004
2026-05-13 23:00:00,27.65,2.35,12.998511
2026-05-14 00:00:00,27.44,4.5,12.815313
2026-05-14 01:00:00,27.12,4.57,12.698801
2026-05-14 02:00:00,26.91,1.91,12.627034
2026-05-14 03:00:00,26.72,2.61,12.627034
2026-05-14 04:00:00,26.59,1.44,12.726514
2026-05-14 05:00:00,26.54,0.37,12.962021
2026-05-14 06:00:00,27.06,0.36,14.509716
2026-05-14 07:00:00,28.24,0.41,16.810553
2026-05-14 08:00:00,30.02,0.42,17.956038
2026-05-14 09:00:00,32.22,0.15,18.342876
2026-05-14 10:00:00,34.25,0.2,18.748379
2026-05-14 11:00:00,35.67,0.21,23.835247
2026-05-14 12:00:00,36.5,0.18,23.640245
2026-05-14 13:00:00,36.85,0.16,23.42969
2026-05-14 14:00:00,36.78,0.14,23.42969
2026-05-14 15:00:00,35.96,0.07,23.48364
2026-05-14 16:00:00,34.47,0.19,18.724401
2026-05-14 17:00:00,32.54,0.1,17.910992
2026-05-14 18:00:00,30.62,0.22,17.265331
2026-05-14 19:00:00,29.45,0.33,17.396479
2026-05-14 20:00:00,28.99,0.42,17.559992
2026-05-14 21:00:00,28.7,0.59,17.044226
2026-05-14 22:00:00,28.48,0.57,15.781296
2026-05-14 23:00:00,28.25,1.02,14.000748
2026-05-15 00:00:00,28.04,1.57,13.125092
2026-05-15 01:00:00,27.85,1.61,12.684576
2026-05-15 02:00:00,27.68,1.44,12.734638
2026-05-15 03:00:00,27.44,1.26,12.724967
2026-05-15 04:00:00,27.15,0.67,12.677121
2026-05-15 05:00:00,26.92,0.41,12.708526
2026-05-15 06:00:00,27.45,0.41,14.371435
2026-05-15 07:00:00,28.88,0.58,17.085007
2026-05-15 08:00:00,30.61,0.36,18.168402
2026-05-15 09:00:00,32.3,0.09,18.53184
2026-05-15 10:00:00,34.27,0.05,18.895418
2026-05-15 11:00:00,36.06,0.04,23.786077
2026-05-15 12:00:00,37.12,0.04,23.618927
2026-05-15 13:00:00,37.58,0.02,23.408373
2026-05-15 14:00:00,37.54,0.01,23.408373
2026-05-15 15:00:00,37.13,0.02,23.462322
2026-05-15 16:00:00,36.22,0.02,22.868858
2026-05-15 17:00:00,34.58,0.01,16.816692
2026-05-15 18:00:00,32.25,0.03,17.03593
2026-05-15 19:00:00,30.32,0.05,17.164309
2026-05-15 20:00:00,29.45,0.13,17.416983
2026-05-15 21:00:00,29.1,0.22,16.92062
2026-05-15 22:00:00,28.86,0.3,16.009987
2026-05-15 23:00:00,28.61,0.16,14.062986
2026-05-16 00:00:00,28.34,0.18,14.285934
2026-05-16 01:00:00,28.09,0.14,14.156072
2026-05-16 02:00:00,27.86,0.26,13.694831
2026-05-16 03:00:00,27.66,0.41,13.685159
2026-05-16 04:00:00,27.47,0.43,13.685159
2026-05-16 05:00:00,27.35,0.45,13.901049
2026-05-16 06:00:00,27.67,0.37,14.4433155
2026-05-16 07:00:00,28.56,0.35,15.9876175
2026-05-16 08:00:00,29.7,0.14,15.925306
2026-05-16 09:00:00,31.0,0.25,16.303549
2026-05-16 10:00:00,32.48,0.19,16.239927
2026-05-16 11:00:00,33.78,0.14,16.771847
2026-05-16 12:00:00,34.77,0.25,16.431873
2026-05-16 13:00:00,35.29,0.19,16.377409
2026-05-16 14:00:00,35.32,0.29,16.377409
2026-05-16 15:00:00,35.03,0.25,16.37167
2026-05-16 16:00:00,34.29,0.38,16.002333
2026-05-16 17:00:00,33.1,0.26,15.222263
2026-05-16 18:00:00,31.45,0.48,15.971903
2026-05-16 19:00:00,30.02,0.31,15.896152
2026-05-16 20:00:00,29.28,0.08,16.709656
2026-05-16 21:00:00,28.76,0.12,16.50605
2026-05-16 22:00:00,28.36,0.39,16.614285
2026-05-16 23:00:00,28.02,0.97,14.632958
2026-05-17 00:00:00,27.74,1.08,13.648949
2026-05-17 01:00:00,27.48,5.46,13.623808
2026-05-17 02:00:00,27.26,9.68,13.434951
2026-05-17 03:00:00,27.02,9.54,13.42528
2026-05-17 04:00:00,26.79,8.78,13.42528
2026-05-17 05:00:00,26.62,6.08,13.82529
2026-05-17 06:00:00,27.11,4.04,14.267827
2026-05-17 07:00:00,28.42,3.68,15.885622
2026-05-17 08:00:00,30.31,2.04,15.660601
2026-05-17 09:00:00,32.47,0.25,16.000494
2026-05-17 10:00:00,34.56,0.2,15.869751
2026-05-17 11:00:00,36.13,0.21,21.093012
2026-05-17 12:00:00,37.17,0.12,20.82945
2026-05-17 13:00:00,37.63,0.11,20.876245
2026-05-17 14:00:00,37.52,0.09,20.876245
2026-05-17 15:00:00,36.92,0.08,20.870506
2026-05-17 16:00:00,35.86,0.07,20.409452
2026-05-17 17:00:00,34.3,0.07,15.118131
2026-05-17 18:00:00,32.31,0.09,16.35708
2026-05-17 19:00:00,30.67,0.3,15.540937
2026-05-17 20:00:00,29.98,0.77,16.81257
2026-05-17 21:00:00,29.66,1.17,16.995428
2026-05-17 22:00:00,29.44,1.73,16.50949
2026-05-17 23:00:00,29.21,1.22,15.079284
2026-05-18 00:00:00,28.97,1.79,11.9531145
2026-05-18 01:00:00,28.72,1.6,12.2287855
2026-05-18 02:00:00,28.45,1.73,12.161626
2026-05-18 03:00:00,28.14,1.54,12.17448
2026-05-18 04:00:00,27.86,1.14,12.17448
2026-05-18 05:00:00,27.58,1.25,12.111838
2026-05-18 06:00:00,28.0,1.06,13.634421
2026-05-18 07:00:00,29.52,0.96,16.286287
2026-05-18 08:00:00,31.72,0.56,17.45915
2026-05-18 09:00:00,33.86,0.4,17.83436
2026-05-18 10:00:00,35.62,0.31,22.869383
2026-05-18 11:00:00,36.96,0.37,23.554811
2026-05-18 12:00:00,37.86,0.25,23.371866
2026-05-18 13:00:00,38.25,0.16,23.161312
2026-05-18 14:00:00,38.15,0.15,23.161312
2026-05-18 15:00:00,37.57,0.2,23.215261
2026-05-18 16:00:00,36.33,0.2,22.34482
2026-05-18 17:00:00,34.64,0.18,17.341467
2026-05-18 18:00:00,32.68,0.33,17.49509
2026-05-18 19:00:00,31.15,0.5,16.976963
2026-05-18 20:00:00,30.48,0.86,17.533953
2026-05-18 21:00:00,30.14,1.03,17.729603
2026-05-18 22:00:00,29.83,1.53,16.133081
2026-05-18 23:00:00,29.5,1.94,13.802607
2026-05-19 00:00:00,29.15,2.28,12.423528
2026-05-19 01:00:00,28.85,2.02,12.423528
2026-05-19 02:00:00,28.61,2.27,12.137005
2026-05-19 03:00:00,28.39,1.92,12.254582
2026-05-19 04:00:00,28.2,2.04,12.14986
2026-05-19 05:00:00,28.04,2.04,12.380813
2026-05-19 06:00:00,28.53,1.85,14.015136
2026-05-19 07:00:00,30.12,1.19,16.238073
2026-05-19 08:00:00,32.1,1.11,17.994385
2026-05-19 09:00:00,33.93,2.69,18.353598
2026-05-19 10:00:00,35.65,1.28,23.257915
2026-05-19 11:00:00,37.06,1.15,23.873594
2026-05-19 12:00:00,38.02,7.0,24.305614
2026-05-19 13:00:00,38.45,7.26,24.095058
2026-05-19 14:00:00,38.35,10.58,24.095058
2026-05-19 15:00:00,37.79,12.19,24.078987
2026-05-19 16:00:00,36.7,4.72,23.00687
2026-05-19 17:00:00,35.2,1.9,17.787336
2026-05-19 18:00:00,33.2,1.92,17.913332
2026-05-19 19:00:00,31.67,2.0,17.44907
2026-05-19 20:00:00,31.02,2.7,17.386717
2026-05-19 21:00:00,30.6,2.98,17.164156
2026-05-19 22:00:00,30.27,5.36,16.061604
2026-05-19 23:00:00,30.0,2.66,13.76673
2026-05-20 00:00:00,29.73,2.88,12.376227
2026-05-20 01:00:00,29.43,1.98,12.376227
2026-05-20 02:00:00,29.21,1.42,12.444184
2026-05-20 03:00:00,29.02,1.11,12.444184
2026-05-20 04:00:00,28.77,1.53,12.444184
2026-05-20 05:00:00,28.53,1.52,12.675137
2026-05-20 06:00:00,29.01,1.37,14.322315
2026-05-20 07:00:00,30.66,1.92,16.441145
2026-05-20 08:00:00,33.29,1.04,17.978817
2026-05-20 09:00:00,35.59,0.57,18.28924
2026-05-20 10:00:00,37.6,0.36,23.88494
2026-05-20 11:00:00,39.27,0.37,24.500616
2026-05-20 12:00:00,40.45,0.25,24.305614
2026-05-20 13:00:00,41.11,0.35,24.095058
2026-05-20 14:00:00,41.1,0.22,24.095058
2026-05-20 15:00:00,39.85,0.2,24.078987
2026-05-20 16:00:00,38.33,0.16,23.621836
2026-05-20 17:00:00,36.45,0.22,22.08942
2026-05-20 18:00:00,34.46,0.19,17.83692
2026-05-20 19:00:00,33.07,0.12,17.719133
2026-05-20 20:00:00,32.35,0.12,17.910275
2026-05-20 21:00:00,31.82,0.11,18.155657
2026-05-20 22:00:00,31.47,0.21,16.485403
2026-05-20 23:00:00,31.29,0.24,14.123012
2026-05-21 00:00:00,31.0,0.21,12.58026
2026-05-21 01:00:00,30.59,0.19,12.5551195
2026-05-21 02:00:00,30.06,0.12,12.439826
2026-05-21 03:00:00,29.56,0.22,12.478775
2026-05-21 04:00:00,29.14,0.14,12.6620245
2026-05-21 05:00:00,28.8,0.17,12.80949
2026-05-21 06:00:00,29.59,0.03,14.273419
2026-05-21 07:00:00,31.99,0.05,16.575493
2026-05-21 08:00:00,35.17,0.06,17.851997
2026-05-21 09:00:00,38.6,0.05,22.78644
2026-05-21 10:00:00,40.81,0.05,23.219568
2026-05-21 11:00:00,42.37,0.04,23.835247
2026-05-21 12:00:00,43.31,0.04,23.640245
2026-05-21 13:00:00,43.6,0.08,23.42969
2026-05-21 14:00:00,43.28,0.06,23.42969
2026-05-21 15:00:00,42.28,0.06,23.48364
2026-05-21 16:00:00,40.51,0.06,23.026487
2026-05-21 17:00:00,38.33,0.06,22.109037
2026-05-21 18:00:00,35.81,0.05,22.15862
2026-05-21 19:00:00,33.78,0.07,17.738752
2026-05-21 20:00:00,32.68,0.08,17.929892
2026-05-21 21:00:00,32.14,0.07,17.463856
2026-05-21 22:00:00,31.79,0.09,15.973158
2026-05-21 23:00:00,31.38,0.14,14.142631
2026-05-22 00:00:00,30.94,0.12,12.8900385
2026-05-22 01:00:00,30.56,0.14,12.864898
2026-05-22 02:00:00,30.23,0.19,12.499585
2026-05-22 03:00:00,29.96,0.19,12.528863
2026-05-22 04:00:00,29.84,0.22,12.528863
2026-05-22 05:00:00,29.81,0.28,12.523335
2026-05-22 06:00:00,30.16,0.42,14.187492
2026-05-22 07:00:00,31.08,0.42,16.913916
2026-05-22 08:00:00,32.52,0.37,18.168402
2026-05-22 09:00:00,34.52,0.54,18.4278
2026-05-22 10:00:00,36.74,0.4,23.366608
2026-05-22 11:00:00,38.52,0.33,23.786077
2026-05-22 12:00:00,39.93,0.23,23.618927
2026-05-22 13:00:00,40.81,0.24,23.408373
2026-05-22 14:00:00,41.04,0.23,23.408373
2026-05-22 15:00:00,40.61,0.23,23.462322
2026-05-22 16:00:00,39.45,0.29,22.868858
2026-05-22 17:00:00,37.87,0.39,21.506788
2026-05-22 18:00:00,35.46,0.66,16.724844
2026-05-22 19:00:00,33.57,0.86,16.814102
2026-05-22 20:00:00,32.57,1.24,17.055454
2026-05-22 21:00:00,32.01,1.39,16.608824
2026-05-22 22:00:00,31.63,1.68,15.678867
2026-05-22 23:00:00,31.32,2.44,14.036901
2026-05-23 00:00:00,31.02,2.56,13.946159
2026-05-23 01:00:00,30.75,2.7,13.921019
2026-05-23 02:00:00,30.45,2.14,13.459778
2026-05-23 03:00:00,30.14,1.19,13.450106
2026-05-23 04:00:00,29.83,0.68,13.489055
2026-05-23 05:00:00,29.52,0.4,13.855784
2026-05-23 06:00:00,30.04,0.73,14.259373
2026-05-23 07:00:00,31.55,1.53,16.124542
2026-05-23 08:00:00,33.95,1.3,16.16674
2026-05-23 09:00:00,36.21,0.12,20.747099
2026-05-23 10:00:00,37.52,0.17,20.683475
2026-05-23 11:00:00,38.0,0.15,21.243032
2026-05-23 12:00:00,37.99,0.13,20.979471
2026-05-23 13:00:00,37.76,0.13,20.925009
2026-05-23 14:00:00,37.47,0.1,20.925009
2026-05-23 15:00:00,36.96,0.06,20.91927
2026-05-23 16:00:00,36.2,0.04,20.383837
2026-05-23 17:00:00,35.09,0.03,14.938802
2026-05-23 18:00:00,33.5,0.02,16.226542
2026-05-23 19:00:00,32.14,0.03,16.25417
2026-05-23 20:00:00,31.43,0.04,16.746458
2026-05-23 21:00:00,30.98,0.05,16.070456
2026-05-23 22:00:00,30.64,0.09,15.276499
2026-05-23 23:00:00,30.3,0.13,14.814297
2026-05-24 00:00:00,29.89,0.22,13.784844
2026-05-24 01:00:00,29.56,0.42,13.759704
2026-05-24 02:00:00,29.4,0.47,13.347968
2026-05-24 03:00:00,29.24,0.53,13.521545
2026-05-24 04:00:00,29.08,0.51,13.521545
2026-05-24 05:00:00,28.9,0.41,13.688864
2026-05-24 06:00:00,29.35,0.44,14.131401
2026-05-24 07:00:00,30.56,0.44,15.580049
2026-05-24 08:00:00,32.42,0.36,15.96861
2026-05-24 09:00:00,34.45,0.26,15.896453
2026-05-24 10:00:00,36.27,0.24,20.417332
2026-05-24 11:00:00,37.74,0.26,21.093012
2026-05-24 12:00:00,38.76,0.32,20.82945
2026-05-24 13:00:00,39.32,0.4,20.876245
2026-05-24 14:00:00,39.3,0.33,20.876245
2026-05-24 15:00:00,38.81,0.31,20.870506
2026-05-24 16:00:00,37.75,0.25,20.409452
2026-05-24 17:00:00,36.06,0.24,19.499622
2026-05-24 18:00:00,33.81,0.29,16.122412
2026-05-24 19:00:00,31.96,0.35,16.35708
2026-05-24 20:00:00,31.05,0.29,16.623499
2026-05-24 21:00:00,30.65,0.38,16.251825
2026-05-24 22:00:00,30.41,0.42,16.47054
2026-05-24 23:00:00,30.18,0.53,15.285459
2026-05-25 00:00:00,29.94,0.64,12.036728
2026-05-25 01:00:00,29.73,0.63,12.036728
2026-05-25 02:00:00,29.52,0.58,12.0999155
2026-05-25 03:00:00,29.32,0.53,12.17906
2026-05-25 04:00:00,29.12,0.52,12.17906
2026-05-25 05:00:00,28.95,0.52,11.823313
2026-05-25 06:00:00,29.44,0.64,13.559855
2026-05-25 07:00:00,30.77,0.72,17.135122
2026-05-25 08:00:00,33.1,0.71,17.431524
2026-05-25 09:00:00,35.46,0.62,17.757946
2026-05-25 10:00:00,37.41,0.45,22.869383
2026-05-25 11:00:00,38.82,0.33,23.554811
2026-05-25 12:00:00,39.8,0.18,23.371866
2026-05-25 13:00:00,40.28,0.12,23.161312
2026-05-25 14:00:00,40.14,0.08,23.161312
2026-05-25 15:00:00,39.23,0.04,23.215261
2026-05-25 16:00:00,37.75,0.03,22.34482
2026-05-25 17:00:00,35.78,0.02,21.42737
2026-05-25 18:00:00,33.55,0.01,17.467464
2026-05-25 19:00:00,31.85,0.01,17.300894
2026-05-25 20:00:00,31.12,0.02,17.190683
2026-05-25 21:00:00,30.84,0.03,19.406162
2026-05-25 22:00:00,30.61,0.07,15.561206
2026-05-25 23:00:00,30.37,0.1,14.008781
2026-05-26 00:00:00,30.16,0.15,12.305435
2026-05-26 01:00:00,29.99,0.22,12.344384
2026-05-26 02:00:00,29.87,0.25,12.057861
2026-05-26 03:00:00,29.73,0.27,12.057861
2026-05-26 04:00:00,29.56,0.31,12.057861
2026-05-26 05:00:00,29.4,0.33,12.288814
2026-05-26 06:00:00,29.75,0.66,13.935992
2026-05-26 07:00:00,30.92,0.73,16.25228
2026-05-26 08:00:00,32.76,0.79,17.994385
2026-05-26 09:00:00,34.77,0.74,18.277184
2026-05-26 10:00:00,36.57,0.72,23.257915
2026-05-26 11:00:00,38.04,0.57,24.48856
2026-05-26 12:00:00,39.04,0.71,24.305614
2026-05-26 13:00:00,39.59,0.56,24.095058
2026-05-26 14:00:00,39.63,0.51,24.095058
2026-05-26 15:00:00,38.97,0.57,24.078987
2026-05-26 16:00:00,37.69,0.72,23.621836
2026-05-26 17:00:00,36.08,0.63,22.08942
2026-05-26 18:00:00,34.16,0.72,17.913332
2026-05-26 19:00:00,32.53,0.89,17.74676
2026-05-26 20:00:00,31.66,0.9,17.612583
2026-05-26 21:00:00,31.25,0.72,17.857958
2026-05-26 22:00:00,31.06,0.62,15.963275
2026-05-26 23:00:00,30.91,0.57,13.897143
2026-05-27 00:00:00,30.82,0.45,12.337278
2026-05-27 01:00:00,30.77,0.41,12.337278
2026-05-27 02:00:00,30.63,0.35,12.221986
2026-05-27 03:00:00,30.39,0.23,12.221986
2026-05-27 04:00:00,30.11,0.15,12.221986
2026-05-27 05:00:00,29.94,0.09,12.491888
2026-05-27 06:00:00,30.37,0.05,14.100117
2026-05-27 07:00:00,31.88,0.05,16.441145
2026-05-27 08:00:00,33.83,0.03,17.978817
2026-05-27 09:00:00,35.61,0.03,22.836843
2026-05-27 10:00:00,37.08,0.04,23.269974
2026-05-27 11:00:00,38.25,0.07,24.500616
2026-05-27 12:00:00,39.16,0.08,24.305614
2026-05-27 13:00:00,39.8,0.1,24.095058
2026-05-27 14:00:00,39.88,0.24,24.095058
2026-05-27 15:00:00,39.7,1.34,24.078987
2026-05-27 16:00:00,38.86,3.18,23.621836
2026-05-27 17:00:00,37.63,4.99,22.704386
2026-05-27 18:00:00,35.58,5.03,17.83692
2026-05-27 19:00:00,33.84,6.73,17.719133
2026-05-27 20:00:00,32.77,6.48,17.910275
2026-05-27 21:00:00,31.9,5.32,18.155657
2026-05-27 22:00:00,31.29,5.75,16.485403
2026-05-27 23:00:00,30.83,10.6,13.897143
2026-05-28 00:00:00,30.49,12.22,12.58026
2026-05-28 01:00:00,30.21,14.04,12.5551195
2026-05-28 02:00:00,29.89,16.89,12.478775
2026-05-28 03:00:00,29.54,15.95,12.478775
2026-05-28 04:00:00,29.16,12.86,12.6620245
2026-05-28 05:00:00,28.85,11.33,12.80949
2026-05-28 06:00:00,29.29,8.32,14.456668
2026-05-28 07:00:00,30.48,7.01,16.575493
2026-05-28 08:00:00,32.64,4.01,17.956038
2026-05-28 09:00:00,34.82,0.58,18.238836
2026-05-28 10:00:00,36.68,0.47,23.219568
2026-05-28 11:00:00,38.1,0.41,23.835247
2026-05-28 12:00:00,39.14,0.31,23.640245
2026-05-28 13:00:00,39.82,0.27,23.42969
2026-05-28 14:00:00,40.0,0.8,23.42969
2026-05-28 15:00:00,39.57,0.8,23.48364
2026-05-28 16:00:00,38.44,0.9,23.026487
2026-05-28 17:00:00,36.34,0.88,22.109037
2026-05-28 18:00:00,33.91,1.08,17.932951
2026-05-28 19:00:00,31.97,1.31,17.766378
2026-05-28 20:00:00,31.0,1.47,17.40633
2026-05-28 21:00:00,30.49,1.67,17.005276
2026-05-28 22:00:00,30.14,1.91,15.369797
2026-05-28 23:00:00,29.92,1.87,13.825297
2026-05-29 00:00:00,29.81,1.87,12.9289875
2026-05-29 01:00:00,29.72,2.0,12.903847
2026-05-29 02:00:00,29.6,1.94,12.538534
2026-05-29 03:00:00,29.46,2.69,12.528863
2026-05-29 04:00:00,29.27,2.42,12.712111
2026-05-29 05:00:00,28.98,1.85,12.706585
2026-05-29 06:00:00,29.5,1.55,14.226441
2026-05-29 07:00:00,31.15,1.11,16.913916
2026-05-29 08:00:00,33.95,0.76,18.140776
2026-05-29 09:00:00,36.09,0.66,22.975403
2026-05-29 10:00:00,37.8,0.39,23.366608
2026-05-29 11:00:00,39.05,0.36,23.786077
2026-05-29 12:00:00,39.75,0.4,23.618927
2026-05-29 13:00:00,39.78,0.51,23.408373
2026-05-29 14:00:00,38.87,1.48,23.408373
2026-05-29 15:00:00,37.5,3.1,23.462322
2026-05-29 16:00:00,35.93,7.42,22.868858
2026-05-29 17:00:00,34.15,17.38,16.893106
2026-05-29 18:00:00,32.26,36.28,17.03593
2026-05-29 19:00:00,30.71,47.85,16.70618
2026-05-29 20:00:00,29.61,41.92,17.416983
2026-05-29 21:00:00,28.72,25.0,16.92062
2026-05-29 22:00:00,28.13,11.16,16.126892
2026-05-29 23:00:00,27.76,7.75,13.255819
2026-05-30 00:00:00,27.54,3.86,13.765838
2026-05-30 01:00:00,27.44,1.65,13.740697
2026-05-30 02:00:00,27.47,1.81,13.694831
2026-05-30 03:00:00,27.53,1.94,13.685159
2026-05-30 04:00:00,27.53,2.22,13.685159
2026-05-30 05:00:00,27.51,2.55,14.000779
2026-05-30 06:00:00,27.77,2.98,14.4433155
2026-05-30 07:00:00,28.7,2.41,15.9876175
2026-05-30 08:00:00,29.87,1.99,15.925306
2026-05-30 09:00:00,31.15,3.03,16.303549
2026-05-30 10:00:00,32.2,2.58,16.239927
2026-05-30 11:00:00,33.06,2.08,16.771847
2026-05-30 12:00:00,33.6,2.29,16.508286
2026-05-30 13:00:00,34.06,3.24,16.45382
2026-05-30 14:00:00,34.31,3.24,16.45382
2026-05-30 15:00:00,34.26,2.31,16.44808
2026-05-30 16:00:00,33.66,1.77,16.002333
2026-05-30 17:00:00,32.54,2.37,15.24989
2026-05-30 18:00:00,31.14,3.04,15.746035
2026-05-30 19:00:00,29.98,5.0,15.935101
2026-05-30 20:00:00,29.38,7.12,16.709656
2026-05-30 21:00:00,29.03,8.99,16.50605
2026-05-30 22:00:00,28.75,10.08,16.392662
2026-05-30 23:00:00,28.49,10.93,14.608121
2026-05-31 00:00:00,28.22,12.97,14.064323
2026-05-31 01:00:00,27.98,14.0,14.039183
2026-05-31 02:00:00,27.76,12.27,13.627448
2026-05-31 03:00:00,27.56,10.16,13.617776
2026-05-31 04:00:00,27.46,9.73,13.617776
2026-05-31 05:00:00,27.44,10.31,13.785094
2026-05-31 06:00:00,27.79,8.86,14.227631
2026-05-31 07:00:00,28.66,7.49,15.885622
2026-05-31 08:00:00,29.84,5.4,15.69955
2026-05-31 09:00:00,30.97,1.8,16.000494
2026-05-31 10:00:00,31.77,1.34,15.973793
2026-05-31 11:00:00,32.38,1.08,16.649454
2026-05-31 12:00:00,32.89,0.93,16.358263
2026-05-31 13:00:00,33.34,0.94,16.405058
2026-05-31 14:00:00,33.7,0.77,16.405058
2026-05-31 15:00:00,33.93,0.49,16.399319
2026-05-31 16:00:00,33.88,0.33,16.02795
2026-05-31 17:00:00,33.42,0.28,15.325178
2026-05-31 18:00:00,32.03,0.23,16.35708
2026-05-31 19:00:00,30.53,0.32,15.999064
2026-05-31 20:00:00,29.88,0.46,16.81257
2026-05-31 21:00:00,29.29,0.68,16.995428
2026-05-31 22:00:00,28.82,0.95,16.894308
2026-05-31 23:00:00,28.44,1.47,15.079284
2026-06-01 00:00:00,28.13,1.9,17.84668
2026-06-01 01:00:00,27.96,2.04,17.84668
2026-06-01 02:00:00,27.92,2.14,17.779522
2026-06-01 03:00:00,27.88,2.15,17.902836
2026-06-01 04:00:00,27.88,1.86,17.902836
2026-06-01 05:00:00,27.81,1.66,18.693977
2026-06-01 06:00:00,28.4,1.44,20.066128
2026-06-01 07:00:00,30.08,1.29,23.55692
2026-06-01 08:00:00,31.89,0.95,24.043135
2026-06-01 09:00:00,33.33,0.67,24.47271
2026-06-01 10:00:00,34.4,0.5,24.6095
2026-06-01 11:00:00,35.34,0.39,25.25905
2026-06-01 12:00:00,36.0,0.23,28.547588
2026-06-01 13:00:00,36.41,0.16,28.337034
2026-06-01 14:00:00,36.41,0.13,28.337034
2026-06-01 15:00:00,36.0,0.09,28.390984
2026-06-01 16:00:00,35.41,0.04,24.553797
2026-06-01 17:00:00,34.51,0.04,22.680086
2026-06-01 18:00:00,32.75,0.06,22.311604
2026-06-01 19:00:00,31.15,0.04,21.552032
2026-06-01 20:00:00,30.35,0.06,23.647806
2026-06-01 21:00:00,29.69,0.15,23.982105
2026-06-01 22:00:00,29.22,0.19,22.635826
2026-06-01 23:00:00,28.86,0.31,20.335838
2026-06-02 00:00:00,28.53,0.44,17.57345
2026-06-02 01:00:00,28.26,0.58,17.586308
2026-06-02 02:00:00,28.01,0.7,17.29979
2026-06-02 03:00:00,27.78,0.75,17.624855
2026-06-02 04:00:00,27.56,0.69,17.624855
2026-06-02 05:00:00,27.35,0.69,18.501358
2026-06-02 06:00:00,28.06,0.63,19.908934
2026-06-02 07:00:00,29.82,0.61,23.022985
2026-06-02 08:00:00,32.47,0.41,24.014755
2026-06-02 09:00:00,34.49,0.62,24.457632
2026-06-02 10:00:00,35.97,0.3,27.793262
2026-06-02 11:00:00,37.11,0.16,28.373062
2026-06-02 12:00:00,37.88,0.29,29.023436
2026-06-02 13:00:00,38.14,0.47,28.812881
2026-06-02 14:00:00,37.57,0.84,28.812881
2026-06-02 15:00:00,36.85,0.65,28.181843
2026-06-02 16:00:00,35.93,0.57,27.399057
2026-06-02 17:00:00,34.71,0.43,22.36115
2026-06-02 18:00:00,33.03,0.52,21.965038
2026-06-02 19:00:00,31.26,1.19,21.628555
2026-06-02 20:00:00,30.28,2.97,23.285654
2026-06-02 21:00:00,29.77,5.5,23.619953
2026-06-02 22:00:00,29.48,7.34,22.273674
2026-06-02 23:00:00,29.25,7.98,19.52698
2026-06-03 00:00:00,29.03,6.93,17.70939
2026-06-03 01:00:00,28.85,5.12,17.70939
2026-06-03 02:00:00,28.7,2.4,17.594103
2026-06-03 03:00:00,28.55,1.11,17.594103
2026-06-03 04:00:00,28.4,0.63,17.594103
2026-06-03 05:00:00,28.24,0.68,18.58319
2026-06-03 06:00:00,28.48,0.56,20.203259
2026-06-03 07:00:00,29.47,0.77,23.226059
2026-06-03 08:00:00,31.46,0.49,24.026814
2026-06-03 09:00:00,33.39,0.19,24.546104
2026-06-03 10:00:00,35.05,0.15,24.552189
2026-06-03 11:00:00,36.31,0.1,28.385118
2026-06-03 12:00:00,37.12,0.15,28.40847
2026-06-03 13:00:00,37.37,0.18,28.812881
2026-06-03 14:00:00,36.88,0.14,28.197916
2026-06-03 15:00:00,36.28,0.2,28.181843
2026-06-03 16:00:00,35.51,0.23,24.234858
2026-06-03 17:00:00,34.54,0.26,22.36115
2026-06-03 18:00:00,33.02,0.26,21.965038
2026-06-03 19:00:00,31.57,0.31,21.628555
2026-06-03 20:00:00,30.82,0.36,22.021309
2026-06-03 21:00:00,30.36,0.37,23.581003
2026-06-03 22:00:00,30.06,0.44,22.234724
2026-06-03 23:00:00,29.78,0.6,19.52698
2026-06-04 00:00:00,29.51,0.57,17.769123
2026-06-04 01:00:00,29.26,0.67,17.927229
2026-06-04 02:00:00,29.08,0.77,17.811937
2026-06-04 03:00:00,28.94,0.72,17.811937
2026-06-04 04:00:00,28.76,0.72,17.811937
2026-06-04 05:00:00,28.58,0.76,18.704687
2026-06-04 06:00:00,29.15,0.8,20.337612
2026-06-04 07:00:00,30.57,0.72,23.321459
2026-06-04 08:00:00,32.47,0.59,23.976408
2026-06-04 09:00:00,34.04,0.62,24.495699
2026-06-04 10:00:00,35.45,0.52,24.501785
2026-06-04 11:00:00,36.62,0.52,28.334715
2026-06-04 12:00:00,37.54,0.52,28.358067
2026-06-04 13:00:00,38.02,0.66,28.14751
2026-06-04 14:00:00,38.06,0.91,28.14751
2026-06-04 15:00:00,37.62,0.42,28.201462
2026-06-04 16:00:00,36.87,0.49,27.418674
2026-06-04 17:00:00,35.71,0.57,25.544964
2026-06-04 18:00:00,33.73,0.43,21.984655
2026-06-04 19:00:00,32.06,0.33,21.64817
2026-06-04 20:00:00,31.31,0.46,22.266796
2026-06-04 21:00:00,30.83,0.96,21.88805
2026-06-04 22:00:00,30.53,1.66,22.369883
2026-06-04 23:00:00,30.23,1.73,19.75277
2026-06-05 00:00:00,29.92,1.44,17.843292
2026-06-05 01:00:00,29.67,1.47,17.818151
2026-06-05 02:00:00,29.35,1.0,17.636093
2026-06-05 03:00:00,29.0,0.94,17.626423
2026-06-05 04:00:00,28.73,0.83,17.626423
2026-06-05 05:00:00,28.51,1.13,18.31506
2026-06-05 06:00:00,29.27,0.63,20.055023
2026-06-05 07:00:00,31.22,1.16,23.424273
2026-06-05 08:00:00,33.79,4.49,23.925533
2026-06-05 09:00:00,35.64,0.29,28.563787
2026-06-05 10:00:00,37.05,0.35,28.604362
2026-06-05 11:00:00,38.06,0.39,28.987955
2026-06-05 12:00:00,38.71,0.4,28.96154
2026-06-05 13:00:00,38.82,0.39,28.750984
2026-06-05 14:00:00,38.63,0.39,28.750984
2026-06-05 15:00:00,38.07,0.3,28.804935
2026-06-05 16:00:00,37.12,0.31,28.070734
2026-06-05 17:00:00,35.79,0.24,26.16996
2026-06-05 18:00:00,34.11,0.2,21.173742
2026-06-05 19:00:00,32.66,0.22,20.739866
2026-06-05 20:00:00,31.89,0.24,21.92924
2026-06-05 21:00:00,31.39,0.28,22.092028
2026-06-05 22:00:00,31.05,0.28,20.141302
2026-06-05 23:00:00,30.77,0.24,17.834045
2026-06-06 00:00:00,30.5,0.22,19.062233
2026-06-06 01:00:00,30.21,0.19,19.037092
2026-06-06 02:00:00,29.99,0.18,18.614803
2026-06-06 03:00:00,29.78,0.19,18.605133
2026-06-06 04:00:00,29.57,0.23,18.605133
2026-06-06 05:00:00,29.38,0.26,19.456476
2026-06-06 06:00:00,29.77,0.32,20.064001
2026-06-06 07:00:00,30.63,0.29,21.900747
2026-06-06 08:00:00,31.95,0.28,21.93036
2026-06-06 09:00:00,33.63,0.21,21.710546
2026-06-06 10:00:00,35.27,0.16,21.683073
2026-06-06 11:00:00,36.43,0.14,26.754354
2026-06-06 12:00:00,37.26,0.13,26.631529
2026-06-06 13:00:00,37.58,0.14,26.577066
2026-06-06 14:00:00,37.49,0.16,26.577066
2026-06-06 15:00:00,37.09,0.17,26.571327
2026-06-06 16:00:00,36.47,0.14,25.782593
2026-06-06 17:00:00,35.4,0.16,19.936712
2026-06-06 18:00:00,33.86,0.19,20.332016
2026-06-06 19:00:00,32.53,0.28,20.566685
2026-06-06 20:00:00,31.81,0.38,21.756058
2026-06-06 21:00:00,31.44,0.49,22.077017
2026-06-06 22:00:00,31.22,0.55,21.038322
2026-06-06 23:00:00,30.98,0.56,18.505985
2026-06-07 00:00:00,30.73,0.6,18.861967
2026-06-07 01:00:00,30.44,0.86,18.836826
2026-06-07 02:00:00,30.19,1.54,18.42509
2026-06-07 03:00:00,29.93,2.36,18.45437
2026-06-07 04:00:00,29.72,2.96,18.45437
2026-06-07 05:00:00,29.59,3.11,18.923054
2026-06-07 06:00:00,29.74,2.6,19.713827
2026-06-07 07:00:00,30.4,1.64,21.66426
2026-06-07 08:00:00,31.44,1.0,21.704597
2026-06-07 09:00:00,32.61,0.53,21.435114
2026-06-07 10:00:00,33.7,0.36,21.493347
2026-06-07 11:00:00,34.66,0.37,22.05673
2026-06-07 12:00:00,35.39,0.35,21.933905
2026-06-07 13:00:00,36.07,0.31,26.528303
2026-06-07 14:00:00,36.59,0.3,26.528303
2026-06-07 15:00:00,36.74,0.29,26.522564
2026-06-07 16:00:00,36.28,0.32,25.808207
2026-06-07 17:00:00,35.14,0.28,20.039623
2026-06-07 18:00:00,33.43,0.31,20.64197
2026-06-07 19:00:00,31.94,0.43,21.084415
2026-06-07 20:00:00,31.13,0.45,21.6331
2026-06-07 21:00:00,30.73,0.41,22.044266
2026-06-07 22:00:00,30.47,0.38,22.742502
2026-06-07 23:00:00,30.17,0.38,20.41322
2026-06-08 00:00:00,29.87,0.33,17.641762
2026-06-08 01:00:00,29.61,0.27,17.641762
2026-06-08 02:00:00,29.4,0.26,17.704945
2026-06-08 03:00:00,29.25,0.31,17.784088
2026-06-08 04:00:00,29.16,0.38,17.784088
2026-06-08 05:00:00,29.11,0.45,18.575235
2026-06-08 06:00:00,29.33,0.42,20.083563
2026-06-08 07:00:00,30.1,0.39,23.55692
2026-06-08 08:00:00,31.56,0.38,24.043135
2026-06-08 09:00:00,33.38,2.24,24.47271
2026-06-08 10:00:00,35.18,2.88,24.6095
2026-06-08 11:00:00,36.65,3.13,28.51218
2026-06-08 12:00:00,37.63,3.24,28.547588
2026-06-08 13:00:00,38.11,2.79,28.337034
2026-06-08 14:00:00,38.15,1.73,28.337034
2026-06-08 15:00:00,37.89,0.83,28.390984
2026-06-08 16:00:00,37.37,0.4,27.302187
2026-06-08 17:00:00,36.32,0.2,25.428478
2026-06-08 18:00:00,34.33,0.19,22.283976
2026-06-08 19:00:00,32.71,0.34,21.643057
2026-06-08 20:00:00,31.81,0.86,22.552454
2026-06-08 21:00:00,31.19,1.34,22.058167
2026-06-08 22:00:00,30.8,2.12,23.24116
2026-06-08 23:00:00,30.51,2.77,20.059702
2026-06-09 00:00:00,30.24,2.47,17.455359
2026-06-09 01:00:00,29.99,1.45,17.494307
2026-06-09 02:00:00,29.84,1.26,17.207787
2026-06-09 03:00:00,29.75,1.07,17.207787
2026-06-09 04:00:00,29.64,1.02,17.207787
2026-06-09 05:00:00,29.53,1.13,18.184011
2026-06-09 06:00:00,29.89,1.57,19.816936
2026-06-09 07:00:00,30.78,1.72,22.998241
2026-06-09 08:00:00,32.03,1.72,24.014755
2026-06-09 09:00:00,33.39,0.35,24.534046
2026-06-09 10:00:00,34.77,0.34,24.540133
2026-06-09 11:00:00,36.09,0.3,28.373062
2026-06-09 12:00:00,37.15,0.29,28.40847
2026-06-09 13:00:00,37.78,0.34,28.812881
2026-06-09 14:00:00,37.83,0.3,28.812881
2026-06-09 15:00:00,37.45,0.24,28.796808
2026-06-09 16:00:00,36.62,0.2,27.399057
2026-06-09 17:00:00,35.52,0.16,22.36115
2026-06-09 18:00:00,33.88,0.21,21.965038
2026-06-09 19:00:00,32.22,0.26,21.32412
2026-06-09 20:00:00,31.36,0.3,22.247179
2026-06-09 21:00:00,30.91,0.5,21.752892
2026-06-09 22:00:00,30.62,0.98,20.406612
2026-06-09 23:00:00,30.37,1.68,19.73315
2026-06-10 00:00:00,30.15,2.88,17.4872
2026-06-10 01:00:00,29.96,3.93,17.52615
2026-06-10 02:00:00,29.74,4.17,17.410856
2026-06-10 03:00:00,29.51,3.98,17.410856
2026-06-10 04:00:00,29.27,2.19,17.594103
2026-06-10 05:00:00,29.04,0.46,18.570333
2026-06-10 06:00:00,29.7,0.21,20.02001
2026-06-10 07:00:00,31.4,0.12,23.187107
2026-06-10 08:00:00,34.07,0.1,23.999186
2026-06-10 09:00:00,36.44,0.14,27.722816
2026-06-10 10:00:00,38.17,0.09,28.420286
2026-06-10 11:00:00,39.49,0.07,29.000084
2026-06-10 12:00:00,40.4,0.07,29.023436
2026-06-10 13:00:00,40.74,0.08,28.812881
2026-06-10 14:00:00,40.12,0.13,28.812881
2026-06-10 15:00:00,38.41,0.2,28.796808
2026-06-10 16:00:00,36.74,0.29,27.399057
2026-06-10 17:00:00,34.91,0.57,22.36115
2026-06-10 18:00:00,33.03,0.8,21.965038
2026-06-10 19:00:00,31.64,1.13,21.628555
2026-06-10 20:00:00,30.79,1.49,22.021309
2026-06-10 21:00:00,30.15,1.94,23.581003
2026-06-10 22:00:00,29.6,2.16,22.273674
2026-06-10 23:00:00,29.15,2.16,19.52698
2026-06-11 00:00:00,28.8,2.29,17.95237
2026-06-11 01:00:00,28.51,2.22,17.927229
2026-06-11 02:00:00,28.24,2.86,17.824795
2026-06-11 03:00:00,27.99,3.53,17.824795
2026-06-11 04:00:00,27.75,3.65,17.948114
2026-06-11 05:00:00,27.5,3.07,18.840864
2026-06-11 06:00:00,27.66,2.39,20.473791
2026-06-11 07:00:00,28.63,1.96,23.54366
2026-06-11 08:00:00,30.28,1.69,23.976408
2026-06-11 09:00:00,32.79,0.23,24.523325
2026-06-11 10:00:00,34.72,0.23,24.501785
2026-06-11 11:00:00,35.89,0.31,28.334715
2026-06-11 12:00:00,36.75,0.36,28.358067
2026-06-11 13:00:00,37.05,0.43,28.14751
2026-06-11 14:00:00,37.05,0.48,28.14751
2026-06-11 15:00:00,36.89,0.49,28.201462
2026-06-11 16:00:00,36.4,0.58,27.418674
2026-06-11 17:00:00,35.39,0.39,22.380768
2026-06-11 18:00:00,33.63,0.34,21.984655
2026-06-11 19:00:00,31.7,0.23,21.64817
2026-06-11 20:00:00,30.58,0.17,23.305271
2026-06-11 21:00:00,29.99,0.23,23.755112
2026-06-11 22:00:00,29.64,0.38,22.408833
2026-06-11 23:00:00,29.29,0.64,19.546597
2026-06-12 00:00:00,28.97,0.77,18.026545
2026-06-12 01:00:00,28.7,0.98,18.001404
2026-06-12 02:00:00,28.47,1.01,17.636093
2026-06-12 03:00:00,28.28,0.96,17.639277
2026-06-12 04:00:00,28.18,0.92,17.639277
2026-06-12 05:00:00,28.12,0.8,18.327915
2026-06-12 06:00:00,28.33,0.72,20.12149
2026-06-12 07:00:00,29.07,0.79,23.646473
2026-06-12 08:00:00,30.29,0.8,23.953161
2026-06-12 09:00:00,31.89,2.04,24.120224
2026-06-12 10:00:00,33.54,2.3,24.133173
2026-06-12 11:00:00,35.08,2.26,24.440351
2026-06-12 12:00:00,36.48,2.69,28.96154
2026-06-12 13:00:00,37.47,2.75,28.750984
2026-06-12 14:00:00,37.56,2.92,28.750984
2026-06-12 15:00:00,37.03,2.43,28.804935
2026-06-12 16:00:00,36.18,1.81,28.070734
2026-06-12 17:00:00,35.15,1.33,21.71129
2026-06-12 18:00:00,33.77,1.21,21.173742
2026-06-12 19:00:00,32.19,1.27,21.154686
2026-06-12 20:00:00,31.09,1.49,21.703371
2026-06-12 21:00:00,30.37,1.58,23.669071
2026-06-12 22:00:00,29.76,1.79,21.917185
2026-06-12 23:00:00,29.21,1.58,19.063944
2026-06-13 00:00:00,28.74,2.41,19.284433
2026-06-13 01:00:00,28.38,3.23,19.376871
2026-06-13 02:00:00,28.12,5.1,18.810907
2026-06-13 03:00:00,27.94,5.82,18.801237
2026-06-13 04:00:00,27.84,4.86,18.92456
2026-06-13 05:00:00,27.76,3.05,19.541546
2026-06-13 06:00:00,28.08,1.54,20.208998
2026-06-13 07:00:00,29.02,1.18,22.122948
2026-06-13 08:00:00,30.54,0.89,21.93036
2026-06-13 09:00:00,32.35,0.35,21.738173
2026-06-13 10:00:00,34.19,0.31,21.759487
2026-06-13 11:00:00,35.92,0.28,26.754354
2026-06-13 12:00:00,37.38,0.2,26.631529
2026-06-13 13:00:00,38.41,0.2,26.577066
2026-06-13 14:00:00,38.94,0.14,26.577066
2026-06-13 15:00:00,38.82,0.14,26.571327
2026-06-13 16:00:00,38.17,0.13,25.782593
2026-06-13 17:00:00,36.7,0.15,24.535791
2026-06-13 18:00:00,34.72,0.17,20.255602
2026-06-13 19:00:00,33.22,0.17,20.539059
2026-06-13 20:00:00,32.55,0.25,21.341238
2026-06-13 21:00:00,32.03,0.33,22.077017
2026-06-13 22:00:00,31.48,0.48,21.038322
2026-06-13 23:00:00,30.75,0.61,18.505985
2026-06-14 00:00:00,30.06,0.66,18.861967
2026-06-14 01:00:00,29.36,0.59,19.059027
2026-06-14 02:00:00,28.89,0.82,18.730665
2026-06-14 03:00:00,28.64,1.11,18.720993
2026-06-14 04:00:00,28.58,1.24,18.720993
2026-06-14 05:00:00,28.6,1.4,19.189676
2026-06-14 06:00:00,28.78,1.82,19.980452
2026-06-14 07:00:00,29.45,2.22,21.703213
2026-06-14 08:00:00,30.58,2.27,21.704597
2026-06-14 09:00:00,31.92,4.27,21.435114
2026-06-14 10:00:00,33.38,3.68,21.493347
2026-06-14 11:00:00,34.61,4.18,22.05673
2026-06-14 12:00:00,35.5,4.18,21.933905
2026-06-14 13:00:00,35.97,5.09,26.528303
2026-06-14 14:00:00,36.06,6.84,26.528303
2026-06-14 15:00:00,35.82,9.38,26.522564
2026-06-14 16:00:00,35.21,11.06,21.20913
2026-06-14 17:00:00,34.11,11.43,20.116037
2026-06-14 18:00:00,32.6,9.74,20.669596
2026-06-14 19:00:00,31.16,6.59,20.858547
2026-06-14 20:00:00,30.36,4.08,23.1685
2026-06-14 21:00:00,29.78,3.4,24.182384
2026-06-14 22:00:00,29.39,3.77,22.781452
2026-06-14 23:00:00,29.04,4.15,20.207047
2026-06-15 00:00:00,28.71,4.56,17.833815
2026-06-15 01:00:00,28.48,4.36,17.833815
2026-06-15 02:00:00,28.34,3.47,17.884235
2026-06-15 03:00:00,28.22,3.25,17.779522
2026-06-15 04:00:00,28.09,3.09,17.779522
2026-06-15 05:00:00,27.97,3.42,18.570656
2026-06-15 06:00:00,28.37,6.9,20.183706
2026-06-15 07:00:00,29.34,6.52,23.675013
2026-06-15 08:00:00,30.9,6.38,24.973589
2026-06-15 09:00:00,32.26,64.99,24.500336
2026-06-15 10:00:00,33.14,52.03,24.685913
2026-06-15 11:00:00,33.88,46.14,25.335464
2026-06-15 12:00:00,34.46,38.06,25.29446
2026-06-15 13:00:00,34.85,33.42,25.083904
2026-06-15 14:00:00,34.95,20.86,25.083904
2026-06-15 15:00:00,34.75,16.27,25.137856
2026-06-15 16:00:00,34.39,10.94,24.630209
2026-06-15 17:00:00,33.57,11.28,22.7565
2026-06-15 18:00:00,32.13,10.05,22.446445
2026-06-15 19:00:00,30.39,9.42,22.873253
2026-06-15 20:00:00,29.57,8.78,23.686756
2026-06-15 21:00:00,29.09,8.74,23.982105
2026-06-15 22:00:00,28.8,9.32,23.77185
2026-06-15 23:00:00,28.59,15.22,20.335838
2026-06-16 00:00:00,28.4,16.17,17.57345
2026-06-16 01:00:00,28.19,16.83,17.586308
2026-06-16 02:00:00,27.97,13.48,17.29979
2026-06-16 03:00:00,27.77,9.35,17.624855
2026-06-16 04:00:00,27.59,7.12,17.624855
2026-06-16 05:00:00,27.46,8.34,18.601088
2026-06-16 06:00:00,28.06,7.82,19.908934
2026-06-16 07:00:00,29.4,9.26,23.022985
2026-06-16 08:00:00,30.9,15.0,24.014755
2026-06-16 09:00:00,32.36,0.63,24.561674
2026-06-16 10:00:00,33.63,0.59,24.616547
2026-06-16 11:00:00,34.49,0.67,25.119934
2026-06-16 12:00:00,35.15,0.59,25.155344
2026-06-16 13:00:00,35.41,0.75,24.944788
2026-06-16 14:00:00,35.41,0.76,24.944788
2026-06-16 15:00:00,35.05,0.62,24.928717
2026-06-16 16:00:00,34.36,0.53,24.311274
2026-06-16 17:00:00,33.31,0.41,22.437561
2026-06-16 18:00:00,31.79,0.35,22.297098
2026-06-16 19:00:00,30.27,0.34,22.66703
2026-06-16 20:00:00,29.55,0.33,23.324604
2026-06-16 21:00:00,29.15,0.33,23.619953
2026-06-16 22:00:00,28.93,0.48,23.13403
2026-06-16 23:00:00,28.76,0.53,19.73362
2026-06-17 00:00:00,28.61,0.8,17.70939
2026-06-17 01:00:00,28.47,0.92,17.70939
2026-06-17 02:00:00,28.33,1.03,17.711681
2026-06-17 03:00:00,28.19,1.32,17.60696
2026-06-17 04:00:00,28.07,1.43,17.60696
2026-06-17 05:00:00,27.94,1.3,18.58319
2026-06-17 06:00:00,28.29,0.9,20.216112
2026-06-17 07:00:00,29.21,0.83,23.409307
2026-06-17 08:00:00,30.57,0.63,24.026814
2026-06-17 09:00:00,31.93,2.87,24.57373
2026-06-17 10:00:00,33.43,3.12,24.628605
2026-06-17 11:00:00,34.62,3.59,25.131992
2026-06-17 12:00:00,35.41,4.32,25.155344
2026-06-17 13:00:00,35.81,3.81,28.197916
2026-06-17 14:00:00,35.75,4.51,28.197916
2026-06-17 15:00:00,35.32,4.08,24.928717
2026-06-17 16:00:00,34.46,3.62,24.234858
2026-06-17 17:00:00,33.35,2.63,22.437561
2026-06-17 18:00:00,31.69,3.43,22.297098
2026-06-17 19:00:00,30.25,5.08,22.66703
2026-06-17 20:00:00,29.5,7.72,23.324604
2026-06-17 21:00:00,29.06,9.77,23.619953
2026-06-17 22:00:00,28.78,12.27,23.13403
2026-06-17 23:00:00,28.52,12.59,19.73362
2026-06-18 00:00:00,28.27,13.0,17.965227
2026-06-18 01:00:00,28.04,14.88,17.940086
2026-06-18 02:00:00,27.86,16.42,17.948114
2026-06-18 03:00:00,27.73,17.96,17.948114
2026-06-18 04:00:00,27.62,20.15,17.948114
2026-06-18 05:00:00,27.53,22.26,18.840864
2026-06-18 06:00:00,27.77,21.43,20.473791
2026-06-18 07:00:00,28.38,24.69,23.661236
2026-06-18 08:00:00,29.17,26.57,24.198606
2026-06-18 09:00:00,30.02,8.78,24.523325
2026-06-18 10:00:00,30.99,9.22,24.605825
2026-06-18 11:00:00,31.85,9.03,25.185625
2026-06-18 12:00:00,32.45,8.08,25.405964
2026-06-18 13:00:00,32.83,6.63,25.306696
2026-06-18 14:00:00,32.95,5.18,25.306696
2026-06-18 15:00:00,32.86,4.07,25.360645
2026-06-18 16:00:00,32.45,3.36,24.358517
2026-06-18 17:00:00,31.81,3.17,22.789242
2026-06-18 18:00:00,30.81,3.4,22.090849
2026-06-18 19:00:00,29.81,3.51,22.725597
2026-06-18 20:00:00,29.32,3.68,23.344221
2026-06-18 21:00:00,28.88,3.8,23.961752
2026-06-18 22:00:00,28.43,4.21,23.269188
2026-06-18 23:00:00,28.01,4.43,20.368567
2026-06-19 00:00:00,27.68,4.72,17.747347
2026-06-19 01:00:00,27.4,4.64,17.722206
2026-06-19 02:00:00,27.21,5.17,17.724417
2026-06-19 03:00:00,27.08,6.35,17.714746
2026-06-19 04:00:00,27.02,8.44,17.714746
2026-06-19 05:00:00,26.92,10.54,18.491432
2026-06-19 06:00:00,27.21,12.73,20.180286
2026-06-19 07:00:00,27.89,14.41,23.73154
2026-06-19 08:00:00,28.86,14.65,24.124249
2026-06-19 09:00:00,29.67,11.98,24.159174
2026-06-19 10:00:00,30.46,9.09,24.1608
2026-06-19 11:00:00,31.37,5.46,24.544392
2026-06-19 12:00:00,32.32,3.2,24.714964
2026-06-19 13:00:00,32.99,2.2,24.615694
2026-06-19 14:00:00,33.21,1.7,24.615694
2026-06-19 15:00:00,33.24,1.3,24.669645
2026-06-19 16:00:00,32.99,1.23,23.688477
2026-06-19 17:00:00,32.41,1.38,22.022373
2026-06-19 18:00:00,31.35,1.49,21.823233
2026-06-19 19:00:00,30.21,1.36,22.464218
2026-06-19 20:00:00,29.47,1.04,23.277721
2026-06-19 21:00:00,28.85,1.17,23.914661
2026-06-19 22:00:00,28.42,1.31,22.77754
2026-06-19 23:00:00,28.11,1.42,19.885914
2026-06-20 00:00:00,27.83,1.38,19.005238
2026-06-20 01:00:00,27.6,1.25,18.980095
2026-06-20 02:00:00,27.42,1.63,18.934233
2026-06-20 03:00:00,27.27,2.0,18.876713
2026-06-20 04:00:00,27.15,2.61,18.876713
2026-06-20 05:00:00,27.05,3.25,19.581741
2026-06-20 06:00:00,27.33,2.28,20.23259
2026-06-20 07:00:00,27.98,2.74,22.08469
2026-06-20 08:00:00,28.98,2.63,22.15256
2026-06-20 09:00:00,30.06,16.55,21.738173
2026-06-20 10:00:00,31.15,13.55,21.787113
2026-06-20 11:00:00,32.03,10.95,22.310793
2026-06-20 12:00:00,32.77,8.24,22.187967
2026-06-20 13:00:00,33.33,5.3,22.244791
2026-06-20 14:00:00,33.44,3.45,22.244791
2026-06-20 15:00:00,33.42,1.74,22.239052
2026-06-20 16:00:00,33.29,0.94,21.259928
2026-06-20 17:00:00,32.95,0.74,20.22017
2026-06-20 18:00:00,31.93,0.7,20.981504
2026-06-20 19:00:00,30.28,0.85,22.291037
2026-06-20 20:00:00,29.55,1.03,23.10454
2026-06-20 21:00:00,29.03,1.53,23.69301
2026-06-20 22:00:00,28.63,2.22,23.152435
2026-06-20 23:00:00,28.31,3.72,20.604033
2026-06-21 00:00:00,28.05,5.13,19.180397
2026-06-21 01:00:00,27.85,8.37,18.863205
2026-06-21 02:00:00,27.66,15.37,18.866844
2026-06-21 03:00:00,27.49,16.34,18.857174
2026-06-21 04:00:00,27.34,15.74,18.757444
2026-06-21 05:00:00,27.22,16.79,19.366053
2026-06-21 06:00:00,27.37,19.58,20.016901
2026-06-21 07:00:00,27.82,22.39,22.106014
2026-06-21 08:00:00,28.51,21.22,22.010172
2026-06-21 09:00:00,29.57,3.29,21.474064
2026-06-21 10:00:00,30.59,2.56,21.520973
2026-06-21 11:00:00,31.37,2.25,22.16077
2026-06-21 12:00:00,31.89,2.26,22.037945
2026-06-21 13:00:00,32.01,2.31,22.08474
2026-06-21 14:00:00,31.97,2.23,22.08474
2026-06-21 15:00:00,31.86,2.12,22.079
2026-06-21 16:00:00,31.57,1.99,21.448013
2026-06-21 17:00:00,30.99,2.07,20.539658
2026-06-21 18:00:00,29.88,1.99,22.432898
2026-06-21 19:00:00,28.98,1.77,22.432898
2026-06-21 20:00:00,28.61,1.67,23.219717
2026-06-21 21:00:00,28.25,1.89,24.296568
2026-06-21 22:00:00,27.92,2.21,24.210855
2026-06-21 23:00:00,27.64,2.12,20.3017
2026-06-22 00:00:00,27.37,1.58,17.870264
2026-06-22 01:00:00,27.12,1.45,17.664856
2026-06-22 02:00:00,26.88,1.77,17.641222
2026-06-22 03:00:00,26.7,1.81,17.641222
2026-06-22 04:00:00,26.55,1.33,17.641222
2026-06-22 05:00:00,26.39,0.92,18.520401
2026-06-22 06:00:00,26.6,0.73,20.02873
2026-06-22 07:00:00,27.33,0.69,23.694027
2026-06-22 08:00:00,28.56,0.65,24.186464
2026-06-22 09:00:00,30.0,1.59,24.543007
2026-06-22 10:00:00,30.91,2.54,25.643995
2026-06-22 11:00:00,31.51,3.06,25.36309
2026-06-22 12:00:00,32.01,3.23,25.595486
2026-06-22 13:00:00,32.32,3.54,25.523844
2026-06-22 14:00:00,32.44,3.38,25.523844
2026-06-22 15:00:00,32.35,3.16,25.577795
2026-06-22 16:00:00,32.07,2.61,24.792679
2026-06-22 17:00:00,31.43,2.46,22.91897
2026-06-22 18:00:00,30.16,2.62,23.5418
2026-06-22 19:00:00,29.03,2.9,22.912203
2026-06-22 20:00:00,28.54,2.87,23.962425
2026-06-22 21:00:00,28.15,2.75,24.359694
2026-06-22 22:00:00,27.84,1.94,24.328632
2026-06-22 23:00:00,27.58,1.87,20.374464
2026-06-23 00:00:00,27.36,1.99,17.811646
2026-06-23 01:00:00,27.19,3.16,17.820005
2026-06-23 02:00:00,26.98,4.67,17.577013
2026-06-23 03:00:00,26.79,7.62,17.577013
2026-06-23 04:00:00,26.62,12.43,17.577013
2026-06-23 05:00:00,26.51,19.12,18.641281
2026-06-23 06:00:00,26.86,25.76,20.274208
2026-06-23 07:00:00,27.44,33.74,23.440062
2026-06-23 08:00:00,28.19,42.18,24.131496
2026-06-23 09:00:00,29.22,30.57,24.66556
2026-06-23 10:00:00,30.16,30.61,24.157011
2026-06-23 11:00:00,30.86,25.29,25.410788
2026-06-23 12:00:00,31.23,17.83,25.456367
2026-06-23 13:00:00,31.26,10.77,25.384726
2026-06-23 14:00:00,30.99,6.36,25.57154
2026-06-23 15:00:00,30.69,3.99,25.55547
2026-06-23 16:00:00,30.3,2.95,25.86862
2026-06-23 17:00:00,29.72,2.37,23.847048
2026-06-23 18:00:00,28.86,2.01,23.374525
2026-06-23 19:00:00,28.01,1.58,22.601255
2026-06-23 20:00:00,27.68,1.33,23.335157
2026-06-23 21:00:00,27.45,1.36,23.837147
2026-06-23 22:00:00,27.28,1.42,23.846281
2026-06-23 23:00:00,27.14,1.68,20.284636
2026-06-24 00:00:00,27.04,1.8,17.955956
2026-06-24 01:00:00,26.99,1.64,17.955956
2026-06-24 02:00:00,26.97,1.27,17.88418
2026-06-24 03:00:00,26.86,0.91,17.88418
2026-06-24 04:00:00,26.64,0.81,17.88418
2026-06-24 05:00:00,26.47,0.94,18.948462
2026-06-24 06:00:00,26.85,0.93,20.581387
2026-06-24 07:00:00,27.69,0.98,23.74724
2026-06-24 08:00:00,28.72,1.02,24.249012
2026-06-24 09:00:00,29.96,0.74,24.61268
2026-06-24 10:00:00,31.09,0.71,24.65623
2026-06-24 11:00:00,31.82,0.66,25.236029
2026-06-24 12:00:00,32.25,0.59,25.456367
2026-06-24 13:00:00,32.54,0.74,25.384726
2026-06-24 14:00:00,32.59,0.71,25.384726
2026-06-24 15:00:00,32.44,0.7,25.368654
2026-06-24 16:00:00,31.98,0.78,24.643333
2026-06-24 17:00:00,31.11,0.72,22.543756
2026-06-24 18:00:00,29.77,0.79,23.374525
2026-06-24 19:00:00,28.76,0.75,22.70598
2026-06-24 20:00:00,28.38,0.93,23.324604
2026-06-24 21:00:00,28.07,0.88,23.72187
2026-06-24 22:00:00,27.82,0.75,23.69081
2026-06-24 23:00:00,27.62,0.66,19.772245
2026-06-25 00:00:00,27.41,0.57,18.088549
2026-06-25 01:00:00,27.17,0.48,17.972038
2026-06-25 02:00:00,26.97,0.31,17.900269
2026-06-25 03:00:00,26.81,0.16,17.900269
2026-06-25 04:00:00,26.73,0.12,17.900269
2026-06-25 05:00:00,26.71,0.11,18.88106
2026-06-25 06:00:00,27.34,0.19,20.374062
2026-06-25 07:00:00,28.73,0.28,23.54366
2026-06-25 08:00:00,30.29,0.3,23.976408
2026-06-25 09:00:00,31.53,0.3,24.523325
2026-06-25 10:00:00,32.5,0.5,24.605825
2026-06-25 11:00:00,33.25,0.66,25.157999
2026-06-25 12:00:00,33.7,0.58,25.18135
2026-06-25 13:00:00,33.72,0.7,24.970795
2026-06-25 14:00:00,33.45,0.79,25.306696
2026-06-25 15:00:00,32.93,0.85,25.360645
2026-06-25 16:00:00,32.21,0.95,24.358517
2026-06-25 17:00:00,31.38,0.9,22.789242
2026-06-25 18:00:00,30.28,1.28,23.355194
2026-06-25 19:00:00,29.32,1.46,22.725597
2026-06-25 20:00:00,28.92,1.76,23.344221
2026-06-25 21:00:00,28.61,1.54,23.961752
2026-06-25 22:00:00,28.3,1.76,23.930693
2026-06-25 23:00:00,27.99,1.48,20.368567
2026-06-26 00:00:00,27.7,1.21,17.747347
2026-06-26 01:00:00,27.44,1.05,17.722206
2026-06-26 02:00:00,27.23,0.74,17.724417
2026-06-26 03:00:00,27.1,0.63,17.714746
2026-06-26 04:00:00,26.98,0.61,17.714746
2026-06-26 05:00:00,26.83,0.59,18.491432
2026-06-26 06:00:00,27.35,0.51,20.040361
2026-06-26 07:00:00,28.7,0.41,23.595362
2026-06-26 08:00:00,30.36,0.41,23.953161
2026-06-26 09:00:00,31.66,0.69,24.120224
2026-06-26 10:00:00,32.58,0.75,24.1608
2026-06-26 11:00:00,33.3,0.88,24.516766
2026-06-26 12:00:00,33.84,0.86,24.49035
2026-06-26 13:00:00,34.07,0.82,24.279795
2026-06-26 14:00:00,33.93,0.7,24.279795
2026-06-26 15:00:00,33.49,0.59,24.669645
2026-06-26 16:00:00,32.8,0.38,23.688477
2026-06-26 17:00:00,31.89,0.4,22.437193
2026-06-26 18:00:00,30.68,0.3,21.597364
2026-06-26 19:00:00,29.41,0.3,22.503168
2026-06-26 20:00:00,28.84,0.33,23.277721
2026-06-26 21:00:00,28.45,0.43,23.914661
2026-06-26 22:00:00,28.16,0.5,23.334322
2026-06-26 23:00:00,27.92,0.53,19.885914
2026-06-27 00:00:00,27.67,0.79,19.005238
2026-06-27 01:00:00,27.47,1.1,18.980095
2026-06-27 02:00:00,27.27,1.22,18.886385
2026-06-27 03:00:00,27.2,1.26,18.876713
2026-06-27 04:00:00,27.11,1.32,18.876713
2026-06-27 05:00:00,27.1,1.36,19.581741
2026-06-27 06:00:00,27.58,1.51,20.33232
2026-06-27 07:00:00,28.44,1.66,22.071836
2026-06-27 08:00:00,29.52,1.63,21.96931
2026-06-27 09:00:00,30.32,32.79,21.738173
2026-06-27 10:00:00,30.83,25.49,21.787113
2026-06-27 11:00:00,31.2,30.84,22.310793
2026-06-27 12:00:00,31.4,28.91,22.187967
2026-06-27 13:00:00,31.48,34.5,22.272417
2026-06-27 14:00:00,31.37,27.91,22.272417
2026-06-27 15:00:00,31.23,18.93,22.266678
2026-06-27 16:00:00,30.9,13.91,21.383343
2026-06-27 17:00:00,30.28,7.81,21.830711
2026-06-27 18:00:00,29.32,9.5,22.329987
2026-06-27 19:00:00,28.33,11.4,22.329987
2026-06-27 20:00:00,27.98,13.29,22.999817
2026-06-27 21:00:00,27.71,14.6,23.910202
2026-06-27 22:00:00,27.5,13.96,23.824492
2026-06-27 23:00:00,27.3,13.85,19.73081
2026-06-28 00:00:00,27.12,17.35,18.671011
2026-06-28 01:00:00,26.97,16.85,18.64587
2026-06-28 02:00:00,26.87,11.64,18.674347
2026-06-28 03:00:00,26.8,12.44,18.664675
2026-06-28 04:00:00,26.74,9.56,18.664675
2026-06-28 05:00:00,26.68,7.79,19.366053
2026-06-28 06:00:00,27.24,6.56,20.156826
2026-06-28 07:00:00,28.1,13.12,21.982689
2026-06-28 08:00:00,29.27,27.17,21.926796
2026-06-28 09:00:00,30.5,1.98,21.435114
2026-06-28 10:00:00,31.64,1.92,21.520973
2026-06-28 11:00:00,32.4,1.92,22.16077
2026-06-28 12:00:00,32.81,1.66,22.010319
2026-06-28 13:00:00,33.06,1.35,22.057114
2026-06-28 14:00:00,32.95,0.86,22.057114
2026-06-28 15:00:00,32.61,0.89,22.079
2026-06-28 16:00:00,32.14,0.89,21.448013
2026-06-28 17:00:00,31.19,1.11,20.539658
2026-06-28 18:00:00,29.98,1.81,22.432898
2026-06-28 19:00:00,29.04,2.49,22.432898
2026-06-28 20:00:00,28.59,3.69,23.219717
2026-06-28 21:00:00,28.29,4.22,24.296568
2026-06-28 22:00:00,28.08,4.33,24.210855
2026-06-28 23:00:00,27.91,4.25,20.878405
2026-06-29 00:00:00,27.74,4.12,17.969994
2026-06-29 01:00:00,27.59,4.5,17.969994
2026-06-29 02:00:00,27.44,5.22,17.902836
2026-06-29 03:00:00,27.29,5.98,17.641222
2026-06-29 04:00:00,27.17,5.96,17.641222
2026-06-29 05:00:00,27.05,4.84,18.520401
2026-06-29 06:00:00,27.32,3.58,20.102577
2026-06-29 07:00:00,27.93,2.66,23.670433
2026-06-29 08:00:00,28.83,1.87,24.186464
2026-06-29 09:00:00,29.73,1.05,24.581957
2026-06-29 10:00:00,30.3,0.88,24.283255
2026-06-29 11:00:00,30.67,0.68,25.119617
2026-06-29 12:00:00,31.08,0.85,26.712753
2026-06-29 13:00:00,31.57,1.22,25.523844
2026-06-29 14:00:00,31.99,0.97,25.523844
2026-06-29 15:00:00,32.08,1.0,25.577795
2026-06-29 16:00:00,31.91,0.61,24.792679
2026-06-29 17:00:00,31.35,0.65,22.91897
2026-06-29 18:00:00,30.13,0.62,23.5418
2026-06-29 19:00:00,29.12,0.54,22.912203
2026-06-29 20:00:00,28.74,0.62,23.962425
2026-06-29 21:00:00,28.43,0.59,24.464415
2026-06-29 22:00:00,28.16,0.84,24.328632
2026-06-29 23:00:00,27.95,0.93,20.951168
2026-06-30 00:00:00,27.75,0.88,17.911375
2026-06-30 01:00:00,27.56,0.9,17.911375
2026-06-30 02:00:00,27.41,1.56,17.624855
2026-06-30 03:00:00,27.24,2.01,17.577013
2026-06-30 04:00:00,27.09,2.26,17.577013
2026-06-30 05:00:00,26.97,2.29,18.641281
2026-06-30 06:00:00,27.31,3.38,20.134283
2026-06-30 07:00:00,28.04,2.51,23.114986
2026-06-30 08:00:00,28.86,1.97,24.118643
2026-06-30 09:00:00,29.63,2.05,24.586418
2026-06-30 10:00:00,30.46,2.24,24.157011
2026-06-30 11:00:00,31.21,2.46,25.223972
2026-06-30 12:00:00,31.69,2.98,25.456367
2026-06-30 13:00:00,31.92,3.88,25.384726
2026-06-30 14:00:00,31.93,4.56,25.384726
2026-06-30 15:00:00,31.76,5.05,25.368654
2026-06-30 16:00:00,31.36,4.63,24.643333
2026-06-30 17:00:00,30.69,4.59,22.543756
2026-06-30 18:00:00,29.6,4.53,23.374525
2026-06-30 19:00:00,28.79,4.91,22.70598
2026-06-30 20:00:00,28.48,5.35,23.324604
2026-06-30 21:00:00,28.21,5.89,23.72187
2026-06-30 22:00:00,27.95,6.24,23.69081
2026-06-30 23:00:00,27.7,7.1,19.772245
2026-07-01 00:00:00,27.72,2.48,18.37797
2026-07-01 01:00:00,27.56,3.11,18.37797
2026-07-01 02:00:00,27.28,2.29,18.214828
2026-07-01 03:00:00,27.05,2.48,18.214828
2026-07-01 04:00:00,26.86,2.69,18.214828
2026-07-01 05:00:00,26.7,5.33,19.50382
2026-07-01 06:00:00,26.84,5.73,20.138954
2026-07-01 07:00:00,27.54,1.8,23.304808
2026-07-01 08:00:00,28.53,0.63,23.80658
2026-07-01 09:00:00,29.65,0.14,24.17025
2026-07-01 10:00:00,30.73,2.29,24.104612
2026-07-01 11:00:00,31.7,3.14,24.68441
2026-07-01 12:00:00,32.17,1.83,24.834301
2026-07-01 13:00:00,32.38,1.32,24.76266
2026-07-01 14:00:00,32.52,3.31,24.76266
2026-07-01 15:00:00,32.21,11.18,24.746588
2026-07-01 16:00:00,31.61,43.27,24.347904
2026-07-01 17:00:00,30.6,53.89,23.280983
2026-07-01 18:00:00,29.35,43.42,24.111755
2026-07-01 19:00:00,28.37,40.79,23.443207
2026-07-01 20:00:00,27.8,24.84,23.957111
2026-07-01 21:00:00,27.42,10.84,24.32303
2026-07-01 22:00:00,27.14,7.46,23.595633
2026-07-01 23:00:00,26.87,9.31,19.662569
2026-07-02 00:00:00,26.6,8.78,18.815372
2026-07-02 01:00:00,26.36,12.19,18.790232
2026-07-02 02:00:00,26.11,18.44,19.003399
2026-07-02 03:00:00,25.9,17.51,18.954378
2026-07-02 04:00:00,25.75,14.17,18.954378
2026-07-02 05:00:00,25.62,15.51,19.984222
2026-07-02 06:00:00,25.64,14.09,20.345491
2026-07-02 07:00:00,25.88,16.75,23.76625
2026-07-02 08:00:00,26.18,20.02,24.29677
2026-07-02 09:00:00,26.54,23.15,24.843689
2026-07-02 10:00:00,26.77,22.45,24.54374
2026-07-02 11:00:00,26.87,18.62,25.192774
2026-07-02 12:00:00,27.06,15.57,25.28173
2026-07-02 13:00:00,27.31,18.44,25.070164
2026-07-02 14:00:00,27.23,24.14,25.210089
2026-07-02 15:00:00,27.15,20.41,25.264038
2026-07-02 16:00:00,26.97,15.16,25.903831
2026-07-02 17:00:00,26.73,7.88,24.875965
2026-07-02 18:00:00,26.51,4.76,24.50292
2026-07-02 19:00:00,26.25,5.48,23.834375
2026-07-02 20:00:00,26.08,4.43,24.568274
2026-07-02 21:00:00,25.95,4.16,24.93446
2026-07-02 22:00:00,25.87,3.21,24.166868
2026-07-02 23:00:00,25.78,3.51,19.882397
2026-07-03 00:00:00,25.68,9.31,18.445332
2026-07-03 01:00:00,25.53,5.12,18.42019
2026-07-03 02:00:00,25.42,5.29,18.533133
2026-07-03 03:00:00,25.36,7.31,18.523462
2026-07-03 04:00:00,25.33,7.18,18.523462
2026-07-03 05:00:00,25.29,6.52,19.52486
2026-07-03 06:00:00,25.32,6.5,19.93099
2026-07-03 07:00:00,25.67,7.62,23.522438
2026-07-03 08:00:00,25.98,10.5,23.928001
2026-07-03 09:00:00,26.48,14.71,24.270184
2026-07-03 10:00:00,27.09,17.51,23.928305
2026-07-03 11:00:00,27.63,22.21,24.340937
2026-07-03 12:00:00,28.13,28.02,24.380127
2026-07-03 13:00:00,27.95,23.92,24.308485
2026-07-03 14:00:00,27.79,21.88,24.308485
2026-07-03 15:00:00,27.79,21.96,24.362436
2026-07-03 16:00:00,27.48,25.63,24.96263
2026-07-03 17:00:00,26.95,26.54,23.797709
2026-07-03 18:00:00,26.46,17.28,23.424664
2026-07-03 19:00:00,26.13,10.02,22.756117
2026-07-03 20:00:00,25.97,4.5,23.645945
2026-07-03 21:00:00,25.89,4.23,24.03154
2026-07-03 22:00:00,25.78,4.32,23.555923
2026-07-03 23:00:00,25.67,7.31,19.280447
2026-07-04 00:00:00,25.53,6.67,18.815725
2026-07-04 01:00:00,25.41,7.24,18.790585
2026-07-04 02:00:00,25.27,19.49,18.8076
2026-07-04 03:00:00,25.03,27.81,18.797928
2026-07-04 04:00:00,24.93,19.61,18.846561
2026-07-04 05:00:00,25.01,14.21,19.340881
2026-07-04 06:00:00,25.18,12.75,19.84672
2026-07-04 07:00:00,25.68,14.07,21.722418
2026-07-04 08:00:00,26.06,15.88,21.628704
2026-07-04 09:00:00,26.31,16.69,21.859234
2026-07-04 10:00:00,26.7,16.09,21.772533
2026-07-04 11:00:00,27.18,14.79,22.365446
2026-07-04 12:00:00,27.79,22.82,22.206623
2026-07-04 13:00:00,28.45,21.76,22.395796
2026-07-04 14:00:00,28.66,9.36,22.248468
2026-07-04 15:00:00,28.62,5.22,22.24273
2026-07-04 16:00:00,28.38,2.27,22.844969
2026-07-04 17:00:00,28.23,1.34,21.770977
2026-07-04 18:00:00,27.79,2.92,22.231304
2026-07-04 19:00:00,27.18,8.53,22.2715
2026-07-04 20:00:00,26.76,9.0,23.161325
2026-07-04 21:00:00,26.47,10.1,23.875612
2026-07-04 22:00:00,26.18,18.5,23.7899
2026-07-04 23:00:00,25.93,22.25,19.829826
2026-07-05 00:00:00,25.71,46.22,18.666462
2026-07-05 01:00:00,25.5,56.28,18.641321
2026-07-05 02:00:00,25.33,62.62,18.544897
2026-07-05 03:00:00,25.21,74.16,18.535225
2026-07-05 04:00:00,25.11,80.09,18.535225
2026-07-05 05:00:00,25.04,65.26,19.07453
2026-07-05 06:00:00,24.97,51.42,19.629004
2026-07-05 07:00:00,24.97,45.07,21.569752
2026-07-05 08:00:00,25.1,39.84,21.486761
2026-07-05 09:00:00,25.34,33.04,21.46488
2026-07-05 10:00:00,25.65,27.15,21.116232
2026-07-05 11:00:00,25.93,20.78,22.160526
2026-07-05 12:00:00,26.23,18.75,22.160175
2026-07-05 13:00:00,26.53,19.69,22.20697
2026-07-05 14:00:00,26.76,16.64,22.20697
2026-07-05 15:00:00,26.72,16.62,22.201231
2026-07-05 16:00:00,26.52,15.59,22.818321
2026-07-05 17:00:00,26.18,14.96,21.92635
2026-07-05 18:00:00,25.84,9.15,22.386675
2026-07-05 19:00:00,25.63,2.49,22.386675
2026-07-05 20:00:00,25.6,3.64,23.276503
2026-07-05 21:00:00,25.58,21.13,24.076307
2026-07-05 22:00:00,25.44,42.02,23.990595
2026-07-05 23:00:00,25.26,51.99,20.568361
2026-07-06 00:00:00,25.17,40.13,18.433027
2026-07-06 01:00:00,25.15,20.6,18.433027
2026-07-06 02:00:00,25.14,12.83,18.428745
2026-07-06 03:00:00,25.14,11.89,18.428745
2026-07-06 04:00:00,25.09,13.53,18.428745
2026-07-06 05:00:00,25.02,8.67,19.532644
2026-07-06 06:00:00,25.01,1.47,19.758247
2026-07-06 07:00:00,25.69,0.05,23.349699
2026-07-06 08:00:00,26.87,0.0,23.274265
2026-07-06 09:00:00,28.02,0.0,23.905043
2026-07-06 10:00:00,29.34,0.15,24.197727
2026-07-06 11:00:00,30.19,1.53,24.36814
2026-07-06 12:00:00,30.91,1.49,25.961275
2026-07-06 13:00:00,31.39,1.09,24.772366
2026-07-06 14:00:00,31.75,1.43,24.772366
2026-07-06 15:00:00,31.91,1.35,24.826317
2026-07-06 16:00:00,31.6,1.55,24.36784
2026-07-06 17:00:00,30.92,2.53,24.231373
2026-07-06 18:00:00,29.82,12.32,24.188566
2026-07-06 19:00:00,28.7,2.85,23.795689
2026-07-06 20:00:00,28.14,0.13,24.465519
2026-07-06 21:00:00,27.79,0.05,24.83144
2026-07-06 22:00:00,27.54,1.41,24.063848
2026-07-06 23:00:00,27.31,17.18,19.523256
2026-07-07 00:00:00,27.09,13.41,18.080202
2026-07-07 01:00:00,26.82,21.46,18.080202
2026-07-07 02:00:00,26.54,13.22,17.837204
2026-07-07 03:00:00,26.33,4.85,17.837204
2026-07-07 04:00:00,26.17,1.44,18.122137
2026-07-07 05:00:00,26.07,0.05,19.43874
2026-07-07 06:00:00,26.19,0.01,19.76133
2026-07-07 07:00:00,27.08,0.24,22.967379
2026-07-07 08:00:00,28.41,0.2,23.605764
2026-07-07 09:00:00,29.82,0.58,24.07354
2026-07-07 10:00:00,30.86,0.01,24.022108
2026-07-07 11:00:00,31.59,0.28,24.601906
2026-07-07 12:00:00,31.94,1.56,24.834301
2026-07-07 13:00:00,32.02,2.14,24.76266
2026-07-07 14:00:00,32.01,1.37,24.76266
2026-07-07 15:00:00,31.86,1.92,24.746588
2026-07-07 16:00:00,31.45,1.02,24.347904
2026-07-07 17:00:00,30.59,0.88,24.545328
2026-07-07 18:00:00,29.32,0.24,24.111755
2026-07-07 19:00:00,28.24,0.0,23.338486
2026-07-07 20:00:00,27.65,0.0,24.072384
2026-07-07 21:00:00,27.26,0.0,24.363226
2026-07-07 22:00:00,26.94,0.0,23.595633
2026-07-07 23:00:00,26.65,0.2,19.662569
2026-07-08 00:00:00,26.38,0.0,18.286598
2026-07-08 01:00:00,26.15,2.77,18.571533
2026-07-08 02:00:00,25.89,1.62,18.585701
2026-07-08 03:00:00,25.67,0.46,18.585701
2026-07-08 04:00:00,25.47,0.74,18.585701
2026-07-08 05:00:00,25.33,0.76,19.61555
2026-07-08 06:00:00,25.49,0.04,19.976814
2026-07-08 07:00:00,26.38,0.0,23.345003
2026-07-08 08:00:00,27.56,0.0,23.819433
2026-07-08 09:00:00,28.95,0.0,24.353498
2026-07-08 10:00:00,30.26,0.0,24.104612
2026-07-08 11:00:00,31.37,0.2,24.68441
2026-07-08 12:00:00,32.24,0.9,24.834301
2026-07-08 13:00:00,32.78,1.0,24.76266
2026-07-08 14:00:00,32.92,1.09,24.735033
2026-07-08 15:00:00,32.65,1.72,24.746588
2026-07-08 16:00:00,31.95,4.85,24.347904
2026-07-08 17:00:00,30.83,11.89,23.280983
2026-07-08 18:00:00,29.51,2.29,24.111755
2026-07-08 19:00:00,28.56,0.0,23.443207
2026-07-08 20:00:00,27.99,0.0,23.957111
2026-07-08 21:00:00,27.57,0.0,24.32303
2026-07-08 22:00:00,27.24,1.49,23.595633
2026-07-08 23:00:00,26.92,4.16,19.662569
2026-07-09 00:00:00,26.62,2.91,18.815372
2026-07-09 01:00:00,26.39,1.74,18.790232
2026-07-09 02:00:00,26.22,4.23,18.718462
2026-07-09 03:00:00,26.09,3.79,18.954378
2026-07-09 04:00:00,25.99,13.57,18.954378
2026-07-09 05:00:00,25.84,6.44,19.984222
2026-07-09 06:00:00,25.94,0.58,20.345491
2026-07-09 07:00:00,26.75,0.61,23.665668
2026-07-09 08:00:00,27.76,0.86,24.157097
2026-07-09 09:00:00,28.92,1.42,24.69116
2026-07-09 10:00:00,30.28,2.1,24.442274
2026-07-09 11:00:00,31.56,3.2,25.022074
2026-07-09 12:00:00,32.42,3.4,25.120495
2026-07-09 13:00:00,32.98,3.52,25.021227
2026-07-09 14:00:00,32.85,3.4,25.021227
2026-07-09 15:00:00,32.16,5.07,25.102804
2026-07-09 16:00:00,31.21,15.8,24.70412
2026-07-09 17:00:00,30.05,9.7,24.901543
2026-07-09 18:00:00,29.16,6.83,24.467968
2026-07-09 19:00:00,28.42,10.4,23.799423
2026-07-09 20:00:00,27.9,20.58,24.313324
2026-07-09 21:00:00,27.46,9.96,24.794785
2026-07-09 22:00:00,27.17,5.74,24.067389
2026-07-09 23:00:00,26.93,12.07,20.018782
2026-07-10 00:00:00,26.73,8.0,18.255388
2026-07-10 01:00:00,26.54,6.96,18.329727
2026-07-10 02:00:00,26.38,3.55,18.423311
2026-07-10 03:00:00,26.25,4.01,18.413641
2026-07-10 04:00:00,26.16,6.82,18.698576
2026-07-10 05:00:00,26.1,8.67,19.699976
2026-07-10 06:00:00,26.18,11.89,20.106106
2026-07-10 07:00:00,26.67,13.57,23.697554
2026-07-10 08:00:00,27.38,1.92,23.863712
2026-07-10 09:00:00,28.35,2.35,24.23523
2026-07-10 10:00:00,29.18,3.49,23.926365
2026-07-10 11:00:00,29.65,7.38,24.487307
2026-07-10 12:00:00,29.86,8.75,24.53596
2026-07-10 13:00:00,30.17,6.93,24.425367
2026-07-10 14:00:00,30.36,4.47,24.425367
2026-07-10 15:00:00,30.3,1.65,24.479319
2026-07-10 16:00:00,30.22,0.63,25.028402
2026-07-10 17:00:00,29.74,1.23,23.862236
2026-07-10 18:00:00,29.0,1.09,23.389711
2026-07-10 19:00:00,28.23,0.39,22.616442
2026-07-10 20:00:00,27.75,0.09,23.50627
2026-07-10 21:00:00,27.42,0.0,23.891867
2026-07-10 22:00:00,27.05,0.0,23.456444
2026-07-10 23:00:00,26.74,0.02,19.416834
2026-07-11 00:00:00,26.48,2.84,18.72526
2026-07-11 01:00:00,26.22,6.93,18.700119
2026-07-11 02:00:00,25.95,5.11,18.8076
2026-07-11 03:00:00,25.71,4.07,18.797928
2026-07-11 04:00:00,25.56,2.52,18.797928
2026-07-11 05:00:00,25.44,5.15,19.340881
2026-07-11 06:00:00,25.55,2.84,19.84672
2026-07-11 07:00:00,26.51,1.09,21.897532
2026-07-11 08:00:00,27.68,0.19,21.763624
2026-07-11 09:00:00,29.02,0.02,21.857296
2026-07-11 10:00:00,30.17,0.02,21.57485
2026-07-11 11:00:00,31.25,0.14,22.098528
2026-07-11 12:00:00,32.1,0.56,21.989365
2026-07-11 13:00:00,32.82,0.61,22.046188
2026-07-11 14:00:00,33.29,0.76,22.046188
2026-07-11 15:00:00,33.45,1.77,22.04045
2026-07-11 16:00:00,33.14,1.62,21.133732
2026-07-11 17:00:00,32.38,2.74,20.253836
2026-07-11 18:00:00,31.16,1.59,20.761677
2026-07-11 19:00:00,29.86,1.11,22.336025
2026-07-11 20:00:00,29.08,0.65,23.110579
2026-07-11 21:00:00,28.5,0.07,23.824865
2026-07-11 22:00:00,28.08,0.0,23.634432
2026-07-11 23:00:00,27.63,0.0,19.384336
2026-07-12 00:00:00,27.2,0.0,18.833529
2026-07-12 01:00:00,26.87,0.0,18.550858
2026-07-12 02:00:00,26.56,0.0,18.48574
2026-07-12 03:00:00,26.3,0.0,18.476068
2026-07-12 04:00:00,26.09,0.58,18.535225
2026-07-12 05:00:00,25.9,1.27,19.07453
2026-07-12 06:00:00,25.92,1.5,19.580368
2026-07-12 07:00:00,26.72,1.29,21.795532
2026-07-12 08:00:00,27.77,2.16,21.672346
2026-07-12 09:00:00,29.21,5.17,21.554237
2026-07-12 10:00:00,30.52,1.92,21.30871
2026-07-12 11:00:00,31.71,1.77,21.948507
2026-07-12 12:00:00,32.59,2.08,21.839344
2026-07-12 13:00:00,33.04,2.11,21.858511
2026-07-12 14:00:00,32.92,0.72,21.858511
2026-07-12 15:00:00,32.37,0.22,21.8804
2026-07-12 16:00:00,31.61,2.13,21.57605
2026-07-12 17:00:00,30.9,2.98,20.545698
2026-07-12 18:00:00,30.1,0.72,22.399986
2026-07-12 19:00:00,29.37,0.46,22.438936
2026-07-12 20:00:00,28.89,0.07,23.225756
2026-07-12 21:00:00,28.53,0.0,24.326506
2026-07-12 22:00:00,28.29,0.0,24.13607
2026-07-12 23:00:00,27.98,0.0,20.59338
2026-07-13 00:00:00,27.7,0.31,17.99159
2026-07-13 01:00:00,27.54,0.38,17.99159
2026-07-13 02:00:00,27.36,0.98,17.824707
2026-07-13 03:00:00,27.1,5.0,17.662815
2026-07-13 04:00:00,26.83,5.12,17.662815
2026-07-13 05:00:00,26.58,3.51,18.766714
2026-07-13 06:00:00,26.57,2.24,19.277252
2026-07-13 07:00:00,27.49,0.09,23.04228
2026-07-13 08:00:00,28.49,0.42,23.434986
2026-07-13 09:00:00,29.98,0.01,23.830479
2026-07-13 10:00:00,31.39,0.0,23.962063
2026-07-13 11:00:00,32.71,0.73,24.611612
2026-07-13 12:00:00,33.59,0.95,24.816381
2026-07-13 13:00:00,33.98,0.31,24.40884
2026-07-13 14:00:00,34.15,0.28,24.40884
2026-07-13 15:00:00,33.95,0.3,24.46279
2026-07-13 16:00:00,33.42,5.27,23.951136
2026-07-13 17:00:00,32.58,8.87,23.340786
2026-07-13 18:00:00,31.69,5.93,23.054262
2026-07-13 19:00:00,31.02,2.95,24.42621
2026-07-13 20:00:00,30.26,5.08,24.255623
2026-07-13 21:00:00,29.57,4.31,24.338577
2026-07-13 22:00:00,29.0,4.62,22.255766
2026-07-13 23:00:00,28.63,3.55,19.58436
2026-07-14 00:00:00,28.35,5.11,17.951218
2026-07-14 01:00:00,28.1,4.4,17.846495
2026-07-14 02:00:00,27.95,3.64,17.559978
2026-07-14 03:00:00,27.8,4.49,17.885052
2026-07-14 04:00:00,27.61,5.41,17.885052
2026-07-14 05:00:00,27.42,8.01,19.085999
2026-07-14 06:00:00,27.34,8.46,19.621405
2026-07-14 07:00:00,27.82,11.1,22.927183
2026-07-14 08:00:00,28.21,12.75,23.618618
2026-07-14 09:00:00,28.45,10.96,24.152683
2026-07-14 10:00:00,28.78,8.54,24.200895
2026-07-14 11:00:00,29.29,5.26,24.967508
2026-07-14 12:00:00,29.64,3.02,25.060066
2026-07-14 13:00:00,29.97,1.03,24.988424
2026-07-14 14:00:00,30.09,0.73,24.949474
2026-07-14 15:00:00,30.0,1.29,24.933403
2026-07-14 16:00:00,29.71,4.42,25.612144
2026-07-14 17:00:00,29.31,4.08,24.584278
2026-07-14 18:00:00,28.92,2.43,24.111755
2026-07-14 19:00:00,28.51,0.63,23.443207
2026-07-14 20:00:00,28.05,0.6,23.957111
2026-07-14 21:00:00,27.69,1.95,24.32303
2026-07-14 22:00:00,27.41,2.11,23.555437
2026-07-14 23:00:00,27.17,2.51,19.662569
2026-07-15 00:00:00,26.94,2.19,18.286598
2026-07-15 01:00:00,26.69,2.54,18.286598
2026-07-15 02:00:00,26.45,3.1,18.214828
2026-07-15 03:00:00,26.25,2.97,18.214828
2026-07-15 04:00:00,26.06,4.87,18.585701
2026-07-15 05:00:00,25.93,5.96,19.61555
2026-07-15 06:00:00,25.86,5.36,19.976814
2026-07-15 07:00:00,25.93,4.99,23.397575
2026-07-15 08:00:00,26.28,5.7,23.859629
2026-07-15 09:00:00,26.83,3.38,24.406548
2026-07-15 10:00:00,27.34,2.5,24.066149
2026-07-15 11:00:00,28.09,1.73,24.814915
2026-07-15 12:00:00,28.64,1.62,25.060066
2026-07-15 13:00:00,28.91,2.11,24.988424
2026-07-15 14:00:00,29.12,3.07,24.988424
2026-07-15 15:00:00,29.14,2.24,24.972353
2026-07-15 16:00:00,29.02,1.09,25.612144
2026-07-15 17:00:00,28.88,1.31,24.584278
2026-07-15 18:00:00,28.47,0.52,24.111755
2026-07-15 19:00:00,27.99,0.21,23.338486
2026-07-15 20:00:00,27.67,0.49,24.072384
2026-07-15 21:00:00,27.38,1.91,24.2233
2026-07-15 22:00:00,27.16,2.63,23.595633
2026-07-15 23:00:00,26.94,3.16,19.662569
2026-07-16 00:00:00,26.75,3.48,18.715895
2026-07-16 01:00:00,26.6,2.83,18.790232
2026-07-16 02:00:00,26.39,5.03,18.718462
2026-07-16 03:00:00,26.18,6.93,19.003399
2026-07-16 04:00:00,25.99,9.27,18.954378
2026-07-16 05:00:00,25.78,12.98,19.984222
2026-07-16 06:00:00,25.59,12.57,20.345491
2026-07-16 07:00:00,25.66,14.19,23.76625
2026-07-16 08:00:00,25.88,12.11,24.297873
2026-07-16 09:00:00,26.23,9.05,24.843689
2026-07-16 10:00:00,27.0,9.6,24.54374
2026-07-16 11:00:00,27.73,16.31,25.152578
2026-07-16 12:00:00,28.02,21.96,25.241535
2026-07-16 13:00:00,28.0,34.19,25.169893
2026-07-16 14:00:00,27.83,30.08,25.169893
2026-07-16 15:00:00,27.63,31.97,25.223845
2026-07-16 16:00:00,27.31,36.58,25.763906
2026-07-16 17:00:00,26.96,33.87,24.875965
2026-07-16 18:00:00,26.57,23.28,24.50292
2026-07-16 19:00:00,26.25,14.54,23.834375
2026-07-16 20:00:00,26.09,9.67,24.568274
2026-07-16 21:00:00,26.01,3.36,24.93446
2026-07-16 22:00:00,25.94,3.01,24.166868
2026-07-16 23:00:00,25.84,5.17,19.882397
2026-07-17 00:00:00,25.7,9.57,18.445332
2026-07-17 01:00:00,25.53,15.68,18.42019
2026-07-17 02:00:00,25.34,15.8,18.533133
2026-07-17 03:00:00,25.16,7.81,18.523462
2026-07-17 04:00:00,25.04,2.61,18.523462
2026-07-17 05:00:00,24.92,6.25,19.573494
2026-07-17 06:00:00,24.93,6.06,19.979622
2026-07-17 07:00:00,25.55,6.73,23.522438
2026-07-17 08:00:00,26.3,6.9,24.103117
2026-07-17 09:00:00,27.23,10.52,24.170704
2026-07-17 10:00:00,28.39,14.67,23.992832
2026-07-17 11:00:00,29.26,13.29,24.49677
2026-07-17 12:00:00,29.48,6.04,24.53596
2026-07-17 13:00:00,29.13,13.9,24.464317
2026-07-17 14:00:00,28.8,12.05,24.413208
2026-07-17 15:00:00,28.5,10.41,24.467157
2026-07-17 16:00:00,28.21,8.91,24.96263
2026-07-17 17:00:00,27.81,11.91,23.757513
2026-07-17 18:00:00,27.21,14.23,23.325184
2026-07-17 19:00:00,26.64,18.11,22.756117
2026-07-17 20:00:00,26.28,10.06,23.645945
2026-07-17 21:00:00,26.07,5.29,24.03154
2026-07-17 22:00:00,25.96,7.37,23.555923
2026-07-17 23:00:00,25.82,14.44,19.280447
2026-07-18 00:00:00,25.67,16.58,18.815725
2026-07-18 01:00:00,25.55,29.29,18.790585
2026-07-18 02:00:00,25.41,31.4,18.8076
2026-07-18 03:00:00,25.25,24.27,18.797928
2026-07-18 04:00:00,25.1,17.43,18.797928
2026-07-18 05:00:00,24.97,16.66,19.389515
2026-07-18 06:00:00,24.91,21.3,19.895355
2026-07-18 07:00:00,25.07,22.08,21.722418
2026-07-18 08:00:00,25.21,16.32,21.628704
2026-07-18 09:00:00,25.44,10.06,21.684118
2026-07-18 10:00:00,25.91,5.16,21.597418
2026-07-18 11:00:00,26.6,2.27,22.365446
2026-07-18 12:00:00,27.48,2.97,22.206623
2026-07-18 13:00:00,28.13,2.64,22.291075
2026-07-18 14:00:00,28.49,3.23,22.395796
2026-07-18 15:00:00,28.84,1.41,22.24273
2026-07-18 16:00:00,28.98,0.57,22.844969
2026-07-18 17:00:00,28.79,3.64,21.8757
2026-07-18 18:00:00,28.2,6.68,22.231304
2026-07-18 19:00:00,27.38,6.06,22.131575
2026-07-18 20:00:00,26.94,1.22,23.161325
2026-07-18 21:00:00,26.72,1.18,23.875612
2026-07-18 22:00:00,26.49,1.21,23.7899
2026-07-18 23:00:00,26.16,3.01,19.829826
2026-07-19 00:00:00,25.8,2.69,18.666462
2026-07-19 01:00:00,25.5,2.39,18.641321
2026-07-19 02:00:00,25.29,1.69,18.544897
2026-07-19 03:00:00,25.13,1.55,18.535225
2026-07-19 04:00:00,24.98,1.88,18.583858
2026-07-19 05:00:00,24.85,1.84,19.123163
2026-07-19 06:00:00,24.89,1.76,19.629004
2026-07-19 07:00:00,25.78,2.6,21.569752
2026-07-19 08:00:00,26.83,3.28,21.712542
2026-07-19 09:00:00,28.11,1.69,21.650465
2026-07-19 10:00:00,29.45,2.41,21.34766
2026-07-19 11:00:00,30.57,3.77,22.135319
2026-07-19 12:00:00,31.38,3.08,21.839344
2026-07-19 13:00:00,31.86,3.36,21.886139
2026-07-19 14:00:00,31.87,6.39,21.886139
2026-07-19 15:00:00,31.41,24.93,21.8804
2026-07-19 16:00:00,30.59,61.63,22.831633
2026-07-19 17:00:00,29.43,68.97,21.978611
2026-07-19 18:00:00,28.35,33.62,22.451202
2026-07-19 19:00:00,27.68,7.22,22.346481
2026-07-19 20:00:00,27.38,9.61,23.136578
2026-07-19 21:00:00,27.21,7.54,24.377253
2026-07-19 22:00:00,27.01,5.86,24.29154
2026-07-19 23:00:00,26.74,9.76,20.397087
2026-07-20 00:00:00,26.42,17.96,17.68645
2026-07-20 01:00:00,26.17,18.52,18.174797
2026-07-20 02:00:00,25.96,15.7,18.428745
2026-07-20 03:00:00,25.79,12.65,18.428745
2026-07-20 04:00:00,25.65,22.0,18.428745
2026-07-20 05:00:00,25.52,13.72,19.532644
2026-07-20 06:00:00,25.56,7.13,19.758247
2026-07-20 07:00:00,26.19,6.09,23.072113
2026-07-20 08:00:00,27.07,2.38,23.274265
2026-07-20 09:00:00,28.1,0.66,23.905043
2026-07-20 10:00:00,29.35,2.1,24.197727
2026-07-20 11:00:00,30.2,2.03,24.36814
2026-07-20 12:00:00,30.81,4.11,25.961275
2026-07-20 13:00:00,30.9,11.0,25.889633
2026-07-20 14:00:00,30.54,16.69,25.016056
2026-07-20 15:00:00,30.11,18.5,25.070005
2026-07-20 16:00:00,29.75,20.78,25.688955
2026-07-20 17:00:00,29.26,29.0,24.661089
2026-07-20 18:00:00,28.47,30.78,24.464235
2026-07-20 19:00:00,27.76,18.75,23.690968
2026-07-20 20:00:00,27.4,16.79,24.580793
2026-07-20 21:00:00,27.17,12.9,24.690454
2026-07-20 22:00:00,26.94,9.78,23.922863
2026-07-20 23:00:00,26.7,7.09,19.954197
2026-07-21 00:00:00,26.41,24.22,18.080202
2026-07-21 01:00:00,26.1,19.22,18.365137
2026-07-21 02:00:00,25.86,27.56,18.408894
2026-07-21 03:00:00,25.63,36.79,18.408894
2026-07-21 04:00:00,25.44,18.23,18.408894
2026-07-21 05:00:00,25.3,6.8,19.43874
2026-07-21 06:00:00,25.24,10.19,19.800007
2026-07-21 07:00:00,25.72,23.48,23.220766
2026-07-21 08:00:00,26.45,21.67,23.658813
2026-07-21 09:00:00,27.12,12.79,24.20573
2026-07-21 10:00:00,27.65,5.26,24.213749
2026-07-21 11:00:00,28.28,5.03,24.862785
2026-07-21 12:00:00,28.93,6.3,25.060066
2026-07-21 13:00:00,29.21,8.87,24.988424
2026-07-21 14:00:00,28.71,42.19,24.988424
2026-07-21 15:00:00,28.0,81.0,24.867628
2026-07-21 16:00:00,27.13,113.54,25.547615
2026-07-21 17:00:00,26.22,116.02,24.51975
2026-07-21 18:00:00,25.69,93.93,24.047226
2026-07-21 19:00:00,25.46,49.69,23.378681
2026-07-21 20:00:00,25.33,21.75,24.112577
2026-07-21 21:00:00,25.24,9.02,24.363226
2026-07-21 22:00:00,25.16,4.59,23.595633
2026-07-21 23:00:00,25.08,2.45,19.751007
2026-07-22 00:00:00,24.99,0.62,18.686749
2026-07-22 01:00:00,24.88,1.32,18.686749
2026-07-22 02:00:00,24.73,4.74,18.634336
2026-07-22 03:00:00,24.62,6.09,18.634336
2026-07-22 04:00:00,24.62,1.06,18.634336
2026-07-22 05:00:00,24.68,3.84,19.66418
2026-07-22 06:00:00,24.74,10.81,20.025446
2026-07-22 07:00:00,25.14,9.25,23.397575
2026-07-22 08:00:00,25.4,2.36,23.9122
2026-07-22 09:00:00,25.79,1.44,24.459118
2026-07-22 10:00:00,26.35,2.15,24.206074
2026-07-22 11:00:00,26.75,2.97,24.85511
2026-07-22 12:00:00,27.13,3.7,24.995537
2026-07-22 13:00:00,27.24,3.51,24.923895
2026-07-22 14:00:00,27.35,2.97,24.78397
2026-07-22 15:00:00,27.27,1.86,24.907824
2026-07-22 16:00:00,27.13,1.1,25.547615
2026-07-22 17:00:00,26.79,2.37,24.51975
2026-07-22 18:00:00,26.25,0.92,24.047226
2026-07-22 19:00:00,25.78,0.14,23.378681
2026-07-22 20:00:00,25.55,0.01,24.112577
2026-07-22 21:00:00,25.39,0.0,24.363226
2026-07-22 22:00:00,25.25,0.0,23.595633
2026-07-22 23:00:00,25.14,0.03,19.833843
2026-07-23 00:00:00,25.04,0.1,19.031933
2026-07-23 01:00:00,24.96,0.98,19.055426
2026-07-23 02:00:00,24.91,0.38,19.003012
2026-07-23 03:00:00,24.88,1.23,19.003012
2026-07-23 04:00:00,24.83,2.36,19.003012
2026-07-23 05:00:00,24.72,2.85,20.032856
2026-07-23 06:00:00,24.64,1.99,20.394123
2026-07-23 07:00:00,25.0,0.77,23.76625
2026-07-23 08:00:00,25.5,0.33,24.297873
2026-07-23 09:00:00,26.16,0.09,24.843689
2026-07-23 10:00:00,27.14,0.02,24.54374
2026-07-23 11:00:00,28.04,0.39,25.152578
2026-07-23 12:00:00,28.71,0.67,25.346258
2026-07-23 13:00:00,29.16,1.09,25.274616
2026-07-23 14:00:00,29.06,0.76,25.274616
2026-07-23 15:00:00,29.08,0.47,25.328566
2026-07-23 16:00:00,28.67,0.25,25.968359
2026-07-23 17:00:00,28.22,0.99,24.83577
2026-07-23 18:00:00,27.54,0.37,24.363247
2026-07-23 19:00:00,26.8,0.02,23.734896
2026-07-23 20:00:00,26.34,2.74,24.568274
2026-07-23 21:00:00,25.99,1.15,24.93446
2026-07-23 22:00:00,25.71,5.27,24.166868
2026-07-23 23:00:00,25.48,9.38,20.289537
2026-07-24 00:00:00,25.27,13.7,18.445332
2026-07-24 01:00:00,25.08,39.8,18.42019
2026-07-24 02:00:00,24.92,37.41,18.581766
2026-07-24 03:00:00,24.73,22.7,18.572096
2026-07-24 04:00:00,24.56,7.5,18.572096
2026-07-24 05:00:00,24.44,1.37,19.573494
2026-07-24 06:00:00,24.53,0.01,19.979622
2026-07-24 07:00:00,25.54,0.03,23.522438
2026-07-24 08:00:00,26.85,1.86,24.003637
2026-07-24 09:00:00,28.35,3.87,24.23523
2026-07-24 10:00:00,29.63,1.0,23.9169
2026-07-24 11:00:00,30.57,2.3,24.448357
2026-07-24 12:00:00,31.33,6.44,24.310198
2026-07-24 13:00:00,31.8,7.34,24.238556
2026-07-24 14:00:00,31.94,7.09,24.238556
2026-07-24 15:00:00,31.83,8.33,24.292505
2026-07-24 16:00:00,31.48,8.47,23.77282
2026-07-24 17:00:00,30.66,11.7,22.429321
2026-07-24 18:00:00,29.49,13.39,23.389711
2026-07-24 19:00:00,28.4,10.08,22.721165
2026-07-24 20:00:00,27.83,2.56,23.390995
2026-07-24 21:00:00,27.51,5.9,23.891867
2026-07-24 22:00:00,27.15,12.03,23.456444
2026-07-24 23:00:00,26.83,11.31,19.416834
2026-07-25 00:00:00,26.58,12.67,18.72526
2026-07-25 01:00:00,26.36,12.19,18.700119
2026-07-25 02:00:00,26.05,17.69,18.8076
2026-07-25 03:00:00,25.8,18.09,18.797928
2026-07-25 04:00:00,25.64,12.36,18.797928
2026-07-25 05:00:00,25.56,9.99,19.340881
2026-07-25 06:00:00,25.65,8.91,19.84672
2026-07-25 07:00:00,26.37,5.32,21.897532
2026-07-25 08:00:00,26.93,7.18,21.803818
2026-07-25 09:00:00,27.95,4.68,21.819038
2026-07-25 10:00:00,29.03,1.19,21.623264
2026-07-25 11:00:00,29.64,1.57,22.324291
2026-07-25 12:00:00,30.1,1.38,22.176178
2026-07-25 13:00:00,30.64,1.9,22.260628
2026-07-25 14:00:00,30.79,2.89,22.260628
2026-07-25 15:00:00,30.61,8.28,22.254889
2026-07-25 16:00:00,30.11,6.44,22.806019
2026-07-25 17:00:00,29.54,7.42,21.8757
2026-07-25 18:00:00,29.0,8.02,22.336025
2026-07-25 19:00:00,28.6,4.31,22.336025
2026-07-25 20:00:00,28.29,1.86,23.005857
2026-07-25 21:00:00,27.91,1.33,23.720142
2026-07-25 22:00:00,27.43,0.43,23.749706
2026-07-25 23:00:00,26.93,0.26,20.065693
2026-07-26 00:00:00,26.55,1.5,18.575998
2026-07-26 01:00:00,26.31,1.11,18.550858
2026-07-26 02:00:00,26.12,1.26,18.72001
2026-07-26 03:00:00,25.89,6.04,18.535225
2026-07-26 04:00:00,25.65,14.79,18.535225
2026-07-26 05:00:00,25.42,14.15,19.07453
2026-07-26 06:00:00,25.45,8.39,19.580368
2026-07-26 07:00:00,26.23,6.47,21.795532
2026-07-26 08:00:00,26.75,3.33,21.712542
2026-07-26 09:00:00,27.31,3.25,21.550735
2026-07-26 10:00:00,27.7,9.17,21.529575
2026-07-26 11:00:00,28.1,16.09,22.238605
2026-07-26 12:00:00,28.17,9.41,22.11998
2026-07-26 13:00:00,28.28,9.13,22.166775
2026-07-26 14:00:00,28.46,8.27,22.271496
2026-07-26 15:00:00,28.27,5.68,22.161036
2026-07-26 16:00:00,28.14,4.95,22.778128
2026-07-26 17:00:00,27.89,9.49,21.886154
2026-07-26 18:00:00,27.34,22.58,22.246752
2026-07-26 19:00:00,26.66,19.28,22.386675
2026-07-26 20:00:00,26.31,8.37,23.276503
2026-07-26 21:00:00,26.12,3.52,24.076307
2026-07-26 22:00:00,25.9,5.27,23.990595
2026-07-26 23:00:00,25.67,16.17,20.16122
2026-07-27 00:00:00,25.67,16.17,18.433027
2026-07-27 01:00:00,25.67,16.17,18.433027
2026-07-27 02:00:00,25.67,16.17,18.428745
2026-07-27 03:00:00,25.67,16.17,18.428745
2026-07-27 04:00:00,25.67,16.17,18.428745
2026-07-27 05:00:00,25.67,16.17,19.532644
2026-07-27 06:00:00,25.67,16.17,19.758247
2026-07-27 07:00:00,25.67,16.17,23.349699
2026-07-27 08:00:00,25.67,16.17,23.75526
2026-07-27 09:00:00,25.67,16.17,24.212461
2026-07-27 10:00:00,25.67,16.17,24.344572
2026-07-27 11:00:00,25.67,16.17,24.967451
2026-07-27 12:00:00,25.67,16.17,25.12402
2026-07-27 13:00:00,25.67,16.17,25.052378
2026-07-27 14:00:00,25.67,16.17,25.052378
2026-07-27 15:00:00,25.67,16.17,25.106327
2026-07-27 16:00:00,25.67,16.17,25.686327
2026-07-27 17:00:00,25.67,16.17,24.65846
2026-07-27 18:00:00,25.67,16.17,24.185936
2026-07-27 19:00:00,25.67,16.17,23.517391
2026-07-27 20:00:00,25.67,16.17,24.43981
2026-07-27 21:00:00,25.67,16.17,24.690454
2026-07-27 22:00:00,25.67,16.17,23.922863
2026-07-27 23:00:00,25.67,16.17,19.718332
2026-07-28 00:00:00,25.67,16.17,18.632538
2026-07-28 01:00:00,25.67,16.17,18.632538
2026-07-28 02:00:00,25.67,16.17,18.408894
2026-07-28 03:00:00,25.67,16.17,18.408894
2026-07-28 04:00:00,25.67,16.17,18.408894
2026-07-28 05:00:00,25.67,16.17,19.43874
2026-07-28 06:00:00,25.67,16.17,19.800007
2026-07-28 07:00:00,25.67,16.17,23.220766
2026-07-28 08:00:00,25.67,16.17,23.9122
2026-07-28 09:00:00,25.67,16.17,24.459118
2026-07-28 10:00:00,25.67,16.17,24.25865
2026-07-28 11:00:00,25.67,16.17,24.838972
2026-07-28 12:00:00,25.67,16.17,24.995537
2026-07-28 13:00:00,25.67,16.17,24.923895
2026-07-28 14:00:00,25.67,16.17,24.923895
2026-07-28 15:00:00,25.67,16.17,24.907824
2026-07-28 16:00:00,25.67,16.17,25.547615
2026-07-28 17:00:00,25.67,16.17,24.51975
2026-07-28 18:00:00,25.67,16.17,24.047226
2026-07-28 19:00:00,25.67,16.17,23.378681
2026-07-28 20:00:00,25.67,16.17,24.112577
2026-07-28 21:00:00,25.67,16.17,24.363226
2026-07-28 22:00:00,25.67,16.17,23.595633
2026-07-28 23:00:00,25.67,16.17,19.4267
2026-07-29 00:00:00,25.67,16.17,18.638117
2026-07-29 01:00:00,25.67,16.17,18.638117
2026-07-29 02:00:00,25.67,16.17,18.585701
2026-07-29 03:00:00,25.67,16.17,18.585701
2026-07-29 04:00:00,25.67,16.17,18.585701
2026-07-29 05:00:00,25.67,16.17,19.61555
2026-07-29 06:00:00,25.67,16.17,19.976814
2026-07-29 07:00:00,25.67,16.17,23.397575
2026-07-29 08:00:00,25.67,16.17,23.9122
2026-07-29 09:00:00,25.67,16.17,24.459118
2026-07-29 10:00:00,25.67,16.17,24.25865
2026-07-29 11:00:00,25.67,16.17,24.838972
2026-07-29 12:00:00,25.67,16.17,24.995537
2026-07-29 13:00:00,25.67,16.17,24.923895
2026-07-29 14:00:00,25.67,16.17,24.923895
2026-07-29 15:00:00,25.67,16.17,24.907824
2026-07-29 16:00:00,25.67,16.17,25.547615
2026-07-29 17:00:00,25.67,16.17,24.51975
2026-07-29 18:00:00,25.67,16.17,24.047226
2026-07-29 19:00:00,25.67,16.17,23.378681
2026-07-29 20:00:00,25.67,16.17,24.112577
2026-07-29 21:00:00,25.67,16.17,24.363226
2026-07-29 22:00:00,25.67,16.17,23.595633
2026-07-29 23:00:00,25.67,16.17,19.4267
